Date,VIX,BTC,WTI,BTC_rvol7,BTC_rvol30,WTI_rvol7,WTI_rvol30
2023-01-01,,16625.080078125,,,,,
2023-01-02,,16688.470703125,,,,,
2023-01-03,22.899999618530273,16679.857421875,67.63999938964844,,,,
2023-01-04,22.010000228881836,16863.23828125,64.30000305175781,,,,
2023-01-05,22.459999084472656,16836.736328125,64.77999877929688,,,,
2023-01-06,21.1299991607666,16951.96875,64.83000183105469,,,,
2023-01-07,,16955.078125,,,,,
2023-01-08,,17091.14453125,,0.07613791167600413,,,
2023-01-09,21.969999313354492,17196.5546875,65.87999725341797,0.07724147938832303,,,
2023-01-10,20.579999923706055,17446.29296875,65.9000015258789,0.08929247906055066,,,
2023-01-11,21.09000015258789,17934.896484375,68.05000305175781,0.1559744132231307,,,
2023-01-12,18.829999923706055,18869.587890625,68.61000061035156,0.27828224803546403,,0.40220252536175677,
2023-01-13,18.350000381469727,19909.57421875,70.05000305175781,0.3451969039666569,,0.18563737284923915,
2023-01-14,,20976.298828125,,0.34201300700400505,,,
2023-01-15,,20880.798828125,,0.38247302716885867,,,
2023-01-16,,21169.6328125,,0.3661150319743184,,,
2023-01-17,19.360000610351562,21161.51953125,70.86000061035156,0.4011485514406523,,0.18269600766903638,
2023-01-18,20.34000015258789,20688.78125,69.51000213623047,0.5015146060288559,,0.26040361667373835,
2023-01-19,20.520000457763672,21086.79296875,70.58999633789062,0.45468551786787775,,0.2597873945477864,
2023-01-20,19.850000381469727,22676.552734375,71.55000305175781,0.5293296227989118,,0.25098423838369843,
2023-01-21,,22777.625,,0.4769593185772301,,,
2023-01-22,,22720.416015625,,0.4741635031562331,,,
2023-01-23,19.809999465942383,22934.431640625,71.5,0.47423838538644286,,0.21220940487969098,
2023-01-24,19.200000762939453,22636.46875,70.22000122070312,0.4932630316407399,,0.25938976449714773,
2023-01-25,19.079999923706055,23117.859375,70.51000213623047,0.44018466416108465,,0.22946760568499897,
2023-01-26,18.729999542236328,23032.77734375,70.93000030517578,0.4541767693100808,,0.22096201084836567,
2023-01-27,18.510000228881836,23078.728515625,69.5,0.17161651110841505,,0.22508738149068613,
2023-01-28,,23031.08984375,,0.17297518440799825,,,
2023-01-29,,23774.56640625,,0.24585371852121513,,,
2023-01-30,19.940000534057617,22840.138671875,68.0999984741211,0.36948282855584746,,0.2238900886264265,
2023-01-31,19.399999618530273,23139.283203125,69.31999969482422,0.3655850917673174,0.36933633185699455,0.23989636253790048,
2023-02-01,17.8700008392334,23723.76953125,67.36000061035156,0.37425946393102505,0.37082681938345546,0.2762568487604717,
2023-02-02,18.729999542236328,23471.87109375,66.56999969482422,0.3823107467800589,0.3748874336944803,0.2697006769821827,
2023-02-03,18.329999923706055,23449.322265625,64.4000015258789,0.382949821148565,0.3765935812564308,0.2924116499742717,
2023-02-04,,23331.84765625,,0.38476393098603756,0.37772453930630495,,
2023-02-05,,22955.666015625,,0.3322390643961593,0.38571299427354644,,
2023-02-06,19.43000030517578,22760.109375,65.5,0.23071344299013444,0.38848806837882754,0.32773534336552923,
2023-02-07,18.65999984741211,23264.291015625,67.76000213623047,0.25725356267541954,0.3900119733728476,0.41655498974665756,
2023-02-08,19.6299991607666,22939.3984375,68.68000030517578,0.204308696723985,0.3962219604890075,0.4084128802362667,
2023-02-09,20.709999084472656,21819.0390625,67.91999816894531,0.3421313592119645,0.4318952991840895,0.3963190092295221,
2023-02-10,20.530000686645508,21651.18359375,69.87000274658203,0.3366316499443038,0.42969731200765915,0.3889486664666684,
2023-02-11,,21870.875,,0.36006194416410187,0.40872803933370017,,
2023-02-12,,21788.203125,,0.3576196265812404,0.38226705635020913,,
2023-02-13,20.34000015258789,21808.1015625,69.5,0.36089499733035546,0.35267719751830817,0.3787655184675409,
2023-02-14,18.90999984741211,22220.8046875,69.4000015258789,0.3509455726063819,0.3557693801506585,0.276231101468085,
2023-02-15,18.229999542236328,24307.841796875,69.0199966430664,0.66769036851579,0.43651428365501765,0.28783226269360784,0.3148786094838648
2023-02-16,20.170000076293945,23623.474609375,68.44999694824219,0.5975119923948516,0.44682960052462795,0.22847317438704745,0.27829047986147426
2023-02-17,20.020000457763672,24565.6015625,67.0199966430664,0.6007804012895366,0.45108077474667185,0.24516819536041864,0.2856966796928675
2023-02-18,,24641.27734375,,0.6061321960906191,0.4493515410870455,,
2023-02-19,,24327.642578125,,0.6213777282973574,0.4037733468191575,,
2023-02-20,,24829.1484375,,0.6127773407562148,0.407130993185022,,
2023-02-21,22.8700008392334,24436.353515625,66.69000244140625,0.6466879675683148,0.41052300468644587,0.23980040013273668,0.28626281967562084
2023-02-22,22.290000915527344,24188.84375,64.91999816894531,0.37168426141723043,0.4115580005425418,0.15000799729942377,0.29338761443328976
2023-02-23,21.139999389648438,23947.4921875,66.37999725341797,0.3273376974715823,0.4106957944957593,0.24943052041629885,0.30075381678684454
2023-02-24,21.670000076293945,23198.126953125,67.0999984741211,0.2584585209955876,0.4177568011855232,0.26982274204880885,0.286785083873496
2023-02-25,,23175.375,,0.25210450890531655,0.41761635649623147,,
2023-02-26,,23561.212890625,,0.29075292089732274,0.4202677814991606,,
2023-02-27,20.950000762939453,23522.87109375,66.25,0.23618729537978428,0.42024475527347555,0.2741306184998138,0.2877713121601588
2023-02-28,20.700000762939453,23147.353515625,67.20999908447266,0.23640289825919758,0.4123188422706266,0.2981640086074442,0.2840477656843156
2023-03-01,20.579999923706055,23646.55078125,68.06999969482422,0.29187304611228154,0.39981282205799823,0.2785513549623559,0.2845519493719118
2023-03-02,19.59000015258789,23475.466796875,68.30000305175781,0.2896338549484992,0.3989055108993916,0.273853207360765,0.2796968287322468
2023-03-03,18.489999771118164,22362.6796875,69.86000061035156,0.36714041266839686,0.4162452638349148,0.19493192814823126,0.2840872966346135
2023-03-04,,22353.349609375,,0.3674306212960289,0.4154420051614076,,
2023-03-05,,22435.513671875,,0.3428774514815046,0.41572317911831935,,
2023-03-06,18.610000610351562,22429.7578125,70.48999786376953,0.34387653934710694,0.4155990730766469,0.17627723105042672,0.28246017841662663
2023-03-07,19.59000015258789,22219.76953125,67.8499984741211,0.3385851992002638,0.4139304052851508,0.32592915535071854,0.30225309417950413
2023-03-08,19.110000610351562,21718.080078125,67.0999984741211,0.2898898327645081,0.41821730733832085,0.32305742866006093,0.29967816050354185
2023-03-09,22.610000610351562,20363.021484375,66.23999786376953,0.4221156648664079,0.4497753455683682,0.320258714052258,0.3010116806134279
2023-03-10,24.799999237060547,20187.244140625,67.13999938964844,0.37527433451838293,0.4490435247890627,0.3218149199041598,0.3035453492450021
2023-03-11,,20632.41015625,,0.4302805878701555,0.4333731850313382,,
2023-03-12,,22163.94921875,,0.6614633893826536,0.48228001940849946,,
2023-03-13,26.520000457763672,24197.533203125,65.25,0.8529601903476457,0.5439383242448587,0.35450550208690684,0.3086194033437891
2023-03-14,23.729999542236328,24746.07421875,62.93000030517578,0.8425462669646627,0.5462391401057796,0.3248800093872766,0.31956655266617573
2023-03-15,26.139999389648438,24375.9609375,60.02000045776367,0.8289253644704172,0.5490427086012949,0.32511492277202375,0.3376557904237573
2023-03-16,22.989999771118164,25052.7890625,60.04999923706055,0.6054114335912953,0.5516638118785098,0.33161561374384735,0.33032151024108974
2023-03-17,25.510000228881836,27423.9296875,58.65999984741211,0.6335813250848465,0.5525591953376403,0.3302838875525848,0.334392801184934
2023-03-18,,26965.87890625,,0.7256077822054162,0.5475780526376491,,
2023-03-19,,28038.67578125,,0.6880534910706105,0.547526507219059,,
2023-03-20,24.149999618530273,27767.236328125,59.790000915527344,0.6097633119166921,0.5490526288924031,0.40292259623193327,0.3295883560393922
2023-03-21,21.3799991607666,28175.81640625,61.22999954223633,0.6100797780049146,0.5475147046262899,0.4368738561366424,0.3337588537700761
2023-03-22,22.260000228881836,27307.4375,61.61000061035156,0.653854690351794,0.5552429144541299,0.4346339750568529,0.31647175861026566
2023-03-23,22.610000610351562,28333.97265625,60.9900016784668,0.6631049630114989,0.560532500059658,0.39109609044265903,0.3131280403062919
2023-03-24,21.739999771118164,27493.28515625,60.959999084472656,0.47454633786131817,0.568131676088918,0.2583386844950275,0.3124835197569645
2023-03-25,,27494.70703125,,0.4594058709443652,0.5666768534315856,,
2023-03-26,,27994.330078125,,0.40373214204441793,0.557184348204635,,
2023-03-27,20.600000381469727,27139.888671875,64.1500015258789,0.44301465996283407,0.5672762148060464,0.39427445144186074,0.33987681155957034
2023-03-28,19.969999313354492,27268.130859375,64.55000305175781,0.430038955059807,0.5662731438868557,0.3245943642359079,0.340730373307885
2023-03-29,19.1200008392334,28348.44140625,64.1500015258789,0.45300261977822004,0.5743332151640628,0.3425016503687619,0.3409125439625356
2023-03-30,19.020000457763672,28033.5625,65.31999969482422,0.40121417382078045,0.5728465295749795,0.33431889731143477,0.3459417702734401
2023-03-31,18.700000762939453,28478.484375,66.44000244140625,0.35570891947626565,0.5718066999173856,0.33627782557160235,0.3495131814631421
2023-04-01,,28411.03515625,,0.3574259580174142,0.5709815493152581,,
2023-04-02,,28199.30859375,,0.35015991423186565,0.5486191250574115,,
2023-04-03,18.549999237060547,27790.220703125,70.2699966430664,0.2969522370214177,0.5519835718201886,0.39770140721814634,0.3827417378139002
2023-04-04,19.0,28168.08984375,70.2699966430664,0.3032263518686119,0.5521641630337558,0.39660987268826087,0.3822491276313315
2023-04-05,19.079999923706055,28177.984375,70.23999786376953,0.1861632627159193,0.5520919646657717,0.3429936743374789,0.3726644704638158
2023-04-06,18.399999618530273,28044.140625,70.26000213623047,0.17488954876044935,0.5510113781357859,0.34988282169589624,0.36804717495916917
2023-04-07,,27925.859375,,0.13645387511172735,0.5446343204990876,,
2023-04-08,,27947.794921875,,0.1381732561753631,0.4998362486185255,,
2023-04-09,,28333.05078125,,0.16155890920169547,0.49655384859870877,,
2023-04-10,18.969999313354492,29652.98046875,69.76000213623047,0.28123026082085617,0.5055952393963887,0.35197139379605163,0.36804282523341764
2023-04-11,19.100000381469727,30235.05859375,71.06999969482422,0.287176085647182,0.4738457289028047,0.3523718762243847,0.36876669318667576
2023-04-12,19.09000015258789,30139.052734375,72.43000030517578,0.2929434404853045,0.41427384225932457,0.35371369131252994,0.3703104782655773
2023-04-13,17.799999237060547,30399.06640625,71.80000305175781,0.2758874244975924,0.4118263116722624,0.18059169424105345,0.3704876979072627
2023-04-14,17.06999969482422,30485.69921875,72.08999633789062,0.2618405015075213,0.4067796556020712,0.17926621592218905,0.3705133286639301
2023-04-15,,30318.49609375,,0.27601182577487104,0.40393368725445933,,
2023-04-16,,30315.35546875,,0.2839833164727284,0.3158041275642912,,
2023-04-17,16.950000762939453,29445.044921875,70.83999633789062,0.23737243342317257,0.32451441258937735,0.2198094374060988,0.36923325698089715
2023-04-18,16.829999923706055,30397.552734375,70.7300033569336,0.28838932951167395,0.3181860547480103,0.22044068019876956,0.36844028936387546
2023-04-19,16.459999084472656,28822.6796875,69.30000305175781,0.43568028169874,0.3556687659080759,0.2524763966436136,0.3562498961078197
2023-04-20,17.170000076293945,28245.98828125,67.5999984741211,0.42832546770748403,0.35860438245290843,0.2447675211468072,0.3622852643174634
2023-04-21,16.770000457763672,27276.91015625,68.20999908447266,0.4387185981320148,0.3614877112635155,0.20340000980100328,0.36083749860045844
2023-04-22,,27817.5,,0.48695275288918144,0.34941218971401955,,
2023-04-23,,27591.384765625,,0.4808385927583403,0.33893781316646376,,
2023-04-24,16.889999389648438,27525.33984375,69.25,0.4708771811852382,0.33901628575323217,0.24809312623308682,0.36136336765773175
2023-04-25,18.760000228881836,28307.59765625,67.62000274658203,0.4571281442923467,0.34482229855733104,0.26053716791287584,0.35833370108200613
2023-04-26,18.84000015258789,28422.701171875,65.36000061035156,0.3464995002810804,0.33183457601235944,0.2974473487362384,0.35646844165995123
2023-04-27,17.030000686645508,29473.787109375,65.80999755859375,0.38548298672683284,0.34676360105473863,0.31294614700820794,0.3266383352969334
2023-04-28,15.779999732971191,29340.26171875,67.5,0.2779093492371468,0.3297215145482122,0.36699338451074504,0.3328713649552438
2023-04-29,,29248.48828125,,0.27977969935084435,0.32793082369125487,,
2023-04-30,,29268.806640625,,0.2640029707573143,0.3251038823340121,,
2023-05-01,16.079999923706055,28091.568359375,66.55000305175781,0.398311437668997,0.34708597324301144,0.3466506678666262,0.3274076251976852
2023-05-02,17.780000686645508,28680.537109375,63.04999923706055,0.3810664875317058,0.35167846094045335,0.4468093766163704,0.3633571250474771
2023-05-03,18.34000015258789,29006.30859375,60.310001373291016,0.38526237327680024,0.34997459490061555,0.4417116759359423,0.3800691051135251
2023-05-04,20.09000015258789,28847.7109375,60.70000076293945,0.306625713927654,0.34860452698081623,0.4654336703647396,0.3801081673347465
2023-05-05,17.190000534057617,29534.384765625,63.029998779296875,0.3448207595497364,0.3547637651235484,0.5391833073163395,0.3948553742095723
2023-05-06,,28904.623046875,,0.3707052161319231,0.3606561625258849,,
2023-05-07,,28454.978515625,,0.3792021097019273,0.363615416016979,,
2023-05-08,16.979999542236328,27694.2734375,64.26000213623047,0.32772460868260406,0.3723833949783512,0.5556275578122796,0.39826708239676084
2023-05-09,17.709999084472656,27658.775390625,64.87000274658203,0.28759680486807015,0.37001480587549346,0.5285234922392981,0.369605386127592
2023-05-10,16.940000534057617,27621.755859375,64.38999938964844,0.2664058027556061,0.34295735155986895,0.5253138746051166,0.3699223981960248
2023-05-11,16.93000030517578,27000.7890625,63.25,0.281975068554457,0.34143736288367027,0.4219427114438511,0.3731358336925844
2023-05-12,17.030000686645508,26804.990234375,62.06999969482422,0.16835233414470027,0.34158225816822907,0.3287355029542932,0.37261168372215414
2023-05-13,,26784.078125,,0.17446845578488232,0.3396773231715737,,
2023-05-14,,26930.638671875,,0.19496226916589598,0.3402331830115417,,
2023-05-15,17.1200008392334,27192.693359375,62.9900016784668,0.1652076696031065,0.3425412391563579,0.3348149050812096,0.3716642261015206
2023-05-16,17.989999771118164,27036.650390625,62.540000915527344,0.1658751760460845,0.3424276885961035,0.24684426206912685,0.3267790261669623
2023-05-17,16.8700008392334,27398.802734375,64.5999984741211,0.1938722842552747,0.3372156348626977,0.30094000316990616,0.3435105086077191
2023-05-18,16.049999237060547,26832.208984375,64.04000091552734,0.18539355192373208,0.3251084799039134,0.2988998174185029,0.3438934793471621
2023-05-19,16.809999465942383,26890.12890625,63.900001525878906,0.18032289735897483,0.29026843396837365,0.2963412285026846,0.34377247039433817
2023-05-20,,27129.5859375,,0.1867259048880134,0.2869029389228489,,
2023-05-21,,26753.826171875,,0.20618296970051203,0.2716163618766653,,
2023-05-22,17.209999084472656,26851.27734375,63.90999984741211,0.1960373435524578,0.26512311791494814,0.27231292870434237,0.3436489865075276
2023-05-23,18.530000686645508,27225.7265625,64.87000274658203,0.21391916853572804,0.26774704543905115,0.24011759498401802,0.3417769113756192
2023-05-24,20.030000686645508,26334.818359375,65.66000366210938,0.2751271441647971,0.28415243801713014,0.23673227918579268,0.33847310394866337
2023-05-25,19.139999389648438,26476.20703125,64.08999633789062,0.2586535135978001,0.2709949720428177,0.2910931725244835,0.34351554434781617
2023-05-26,17.950000762939453,26719.291015625,64.80000305175781,0.26653548574772973,0.27241588809280043,0.2194325848322394,0.345467472988652
2023-05-27,,26868.353515625,,0.26214871280408486,0.24828612012473156,,
2023-05-28,,28085.646484375,,0.35973964531460395,0.28364673842748284,,
2023-05-29,,27745.884765625,,0.37788225153172567,0.2853155322524261,,
2023-05-30,17.459999084472656,27702.349609375,62.29999923706055,0.3734714685091897,0.2852218599497916,0.3216479535762768,0.3582095886582271
2023-05-31,17.940000534057617,27219.658203125,60.630001068115234,0.31815367383105897,0.26453703297594716,0.3493503966335195,0.3641235325382161
2023-06-01,15.649999618530273,26819.97265625,62.54999923706055,0.3387659068844688,0.2590850146096819,0.42123479384514645,0.37597449927067184
2023-06-02,14.600000381469727,27249.58984375,64.1500015258789,0.3471918269663493,0.2615024564152174,0.44410169983676834,0.37923358713848554
2023-06-03,,27075.12890625,,0.35062746203401773,0.2616228599017752,,
2023-06-04,,27119.06640625,,0.1832584925096285,0.2504333687845996,,
2023-06-05,14.729999542236328,25760.09765625,64.02999877929688,0.33561883240464546,0.28268903091050973,0.4341400625354542,0.3779270595525671
2023-06-06,13.960000038146973,27238.783203125,63.790000915527344,0.5241751079474912,0.3288432018455596,0.410051248459882,0.37446258711024294
2023-06-07,13.9399995803833,26345.998046875,64.70999908447266,0.5511352422933914,0.33352515069860394,0.4144441852882971,0.37205231095583285
2023-06-08,13.649999618530273,26508.216796875,63.459999084472656,0.5492790596987556,0.33429143552979373,0.3500593382606081,0.36358594963323065
2023-06-09,13.829999923706055,26480.375,62.93000030517578,0.5357682761176573,0.33429305802307546,0.29805329391437724,0.36349558689805395
2023-06-10,,25851.240234375,,0.5492538683270753,0.33503879685228216,,
2023-06-11,,25940.16796875,,0.5505007842598622,0.33485808668108974,,
2023-06-12,15.010000228881836,25902.5,60.2400016784668,0.4514446646324271,0.33485830351320695,0.3528585966958605,0.37343133818580276
2023-06-13,14.609999656677246,25918.728515625,62.13999938964844,0.24155977888282762,0.3343266435877958,0.3757310030394869,0.38543363629005517
2023-06-14,13.880000114440918,25124.67578125,61.83000183105469,0.2316412889622615,0.34348960931284145,0.37535130387884913,0.35459158202938756
2023-06-15,14.5,25576.39453125,63.40999984741211,0.2669197165268103,0.3483902911512944,0.4174241572851643,0.33780133862406864
2023-06-16,13.539999961853027,26327.462890625,64.3499984741211,0.33743831241224154,0.35713951468925836,0.4180362487077882,0.33964838282756593
2023-06-17,,26510.67578125,,0.29664020820268144,0.3529743336360188,,
2023-06-18,,26336.212890625,,0.30291983308218184,0.3533354003936567,,
2023-06-19,,26851.029296875,,0.3178510891569651,0.3570913850135889,,
2023-06-20,13.880000114440918,28327.48828125,63.91999816894531,0.4263007019063927,0.3870490506112049,0.40065962368546326,0.3225779973212383
2023-06-21,13.199999809265137,30027.296875,65.04000091552734,0.37473762769255997,0.4201515514465361,0.40451918836708417,0.32161660385488045
2023-06-22,12.90999984741211,29912.28125,62.52000045776367,0.413790555349477,0.41957540688954503,0.3849236130879785,0.33989586549972145
2023-06-23,13.4399995803833,30695.46875,62.41999816894531,0.41213882360698256,0.4098712510976914,0.33973750192251306,0.33936320647576373
2023-06-24,,30548.6953125,,0.43540944733197473,0.4108720542365688,,
2023-06-25,,30480.26171875,,0.42477060408963213,0.4111442551731785,,
2023-06-26,14.25,30271.130859375,62.72999954223633,0.45669418576087956,0.41241647672055015,0.3378086598650097,0.335901051400399
2023-06-27,13.739999771118164,30688.1640625,61.29999923706055,0.3793275966988864,0.39559764651663704,0.32199072536931866,0.33810005635707346
2023-06-28,13.430000305175781,30086.24609375,62.52000045776367,0.23698600669685363,0.3987420447105815,0.3360218352811866,0.3403738130265905
2023-06-29,13.539999961853027,30445.3515625,62.959999084472656,0.24414669248689025,0.3993927408053836,0.3413248110054407,0.34027851929561387
2023-06-30,13.59000015258789,30477.251953125,63.54999923706055,0.18210971937556608,0.39461370252593236,0.3248941937454378,0.32733240090857213
2023-07-01,,30590.078125,,0.18184318479629613,0.3906756464816085,,
2023-07-02,,30620.76953125,,0.18105805572620004,0.3892453504923665,,
2023-07-03,13.569999694824219,31156.439453125,63.38999938964844,0.19637773183947363,0.38986859590798345,0.2107179181759766,0.32645656685383256
2023-07-04,,30777.58203125,,0.20475069509348956,0.39286988414916085,,
2023-07-05,14.180000305175781,30514.166015625,64.62999725341797,0.1655278783529875,0.35826249589701714,0.23244713735827627,0.3313173178504906
2023-07-06,15.4399995803833,29909.337890625,64.44000244140625,0.193970097624558,0.33247339966194667,0.23739004417205303,0.33147407079957
2023-07-07,14.829999923706055,30342.265625,65.8499984741211,0.2191509480607371,0.3153400394568876,0.16689293359309348,0.3346684005218335
2023-07-08,,30292.541015625,,0.21705221044465567,0.31583880803280234,,
2023-07-09,,30171.234375,,0.21680975936007718,0.31640303889800714,,
2023-07-10,15.069999694824219,30414.470703125,65.54000091552734,0.1868402208764863,0.3048350334140433,0.17281305656069743,0.3332181712500085
2023-07-11,14.84000015258789,30620.951171875,67.02999877929688,0.18405097730684844,0.3047994919318545,0.1975632768803627,0.3313649808605142
2023-07-12,13.539999961853027,30391.646484375,67.87000274658203,0.1822189662218554,0.3065084325668222,0.1986829253979647,0.3317486859530868
2023-07-13,13.609999656677246,31476.048828125,69.08999633789062,0.229020329388542,0.31795167842581745,0.18410769869971522,0.3118940069257921
2023-07-14,13.34000015258789,30334.068359375,67.47000122070312,0.3417249306511718,0.3243379533992618,0.273380733720412,0.3091854019473675
2023-07-15,,30295.806640625,,0.34165804658789145,0.3231518013167372,,
2023-07-16,,30249.1328125,,0.340755065135789,0.3160536613911818,,
2023-07-17,13.479999542236328,30145.888671875,66.58000183105469,0.33684553781562365,0.31682076459365377,0.29405391435491707,0.3012258406593218
2023-07-18,13.300000190734863,29856.5625,67.95999908447266,0.33479259118845744,0.3178497668035517,0.29131175527121916,0.2982750471326036
2023-07-19,13.760000228881836,29913.923828125,67.69000244140625,0.3349568013356735,0.3146159684429719,0.2903511504894171,0.2985800970023164
2023-07-20,13.989999771118164,29792.015625,68.05000305175781,0.21127603929346342,0.2772605893492731,0.2625561398071711,0.2982123910723437
2023-07-21,13.600000381469727,29908.744140625,68.98999786376953,0.06974896599762102,0.21961037776392328,0.26476165438484167,0.29800293445221404
2023-07-22,,29771.802734375,,0.07108010107974776,0.21973132962625228,,
2023-07-23,,30084.5390625,,0.10576691021271985,0.20812327095444721,,
2023-07-24,13.90999984741211,29176.916015625,70.69000244140625,0.2094837197311339,0.22533485982206802,0.28352384190519975,0.2975167146790511
2023-07-25,13.859999656677246,29227.390625,71.16000366210938,0.20924923685464952,0.2255198042764413,0.21234180699396918,0.2953730071945994
2023-07-26,13.1899995803833,29354.97265625,70.66000366210938,0.21216591299392745,0.22549692063227247,0.18876678677685257,0.26224742076542584
2023-07-27,14.40999984741211,29210.689453125,71.43000030517578,0.21245806038300072,0.2213625441509452,0.1705644590329028,0.25099434407199156
2023-07-28,13.329999923706055,29319.24609375,72.08999633789062,0.21219406161339574,0.21499588946748102,0.15162217242369364,0.24956765398041328
2023-07-29,,29356.91796875,,0.2130893356876245,0.21171556498741506,,
2023-07-30,,29275.30859375,,0.1945945902404542,0.21165123003857958,,
2023-07-31,13.630000114440918,29230.111328125,73.16999816894531,0.054726145801253435,0.21111191117898226,0.1526454480852364,0.2439105504104666
2023-08-01,13.930000305175781,29675.732421875,72.95999908447266,0.10542149830825073,0.21647897353291254,0.16916369294016367,0.24304304910911087
2023-08-02,16.09000015258789,29151.958984375,71.4800033569336,0.15727973649635799,0.2144970343412164,0.19685697711295946,0.2514408616349149
2023-08-03,15.920000076293945,29178.6796875,73.13999938964844,0.15502987754999087,0.21253733038683106,0.23578550339269685,0.254656086433535
2023-08-04,17.100000381469727,29074.091796875,73.79000091552734,0.1535645816764577,0.211635438321617,0.2234759017707528,0.2201937957889568
2023-08-05,,29042.126953125,,0.15260841393288338,0.20431187510495094,,
2023-08-06,,29041.85546875,,0.152566702057164,0.19910729741604563,,
2023-08-07,15.770000457763672,29180.578125,73.81999969482422,0.15651650693644623,0.19992078931202856,0.22326880791697384,0.21969743555505267
2023-08-08,15.989999771118164,29765.4921875,74.05999755859375,0.17716676762682226,0.208813573971771,0.2211457075135246,0.21980340441308763
2023-08-09,15.960000038146973,29561.494140625,75.0999984741211,0.1376333881961517,0.20802054405776213,0.219241329472905,0.2037297483922218
2023-08-10,15.850000381469727,29429.591796875,74.19999694824219,0.1430924189954045,0.20694627326001278,0.23700130354259996,0.206941295494494
2023-08-11,14.84000015258789,29397.71484375,74.25,0.14031359570857108,0.20611137511870206,0.17849072180922745,0.20743392772719185
2023-08-12,,29415.96484375,,0.13930878054265056,0.17549222117773608,,
2023-08-13,,29282.9140625,,0.1443663117625793,0.14168797367241998,,
2023-08-14,14.819999694824219,29408.443359375,73.80999755859375,0.14388663590048748,0.14256554343302197,0.13802732922533614,0.209739548659947
2023-08-15,16.459999084472656,29170.34765625,72.62000274658203,0.06965211007469714,0.14405728201951357,0.1603281936338067,0.2175847817087371
2023-08-16,16.780000686645508,28701.779296875,71.37000274658203,0.10535669201905142,0.1503782426343835,0.18157305517317138,0.22172359507293632
2023-08-17,17.889999389648438,26664.55078125,71.9800033569336,0.4298119820332183,0.2567151038995376,0.19375123821388465,0.2213658314222042
2023-08-18,17.299999237060547,26049.556640625,72.79000091552734,0.4221879058291958,0.2622272606602869,0.18328240340363536,0.21589359149012932
2023-08-19,,26096.205078125,,0.4243209471303835,0.2628814413317224,,
2023-08-20,,26189.583984375,,0.43700543991890145,0.2627900767297009,,
2023-08-21,17.1299991607666,26124.140625,72.58000183105469,0.4255698753675582,0.26284845597671663,0.17542293433769923,0.2153602187843891
2023-08-22,16.969999313354492,26031.65625,72.27999877929688,0.4304053190643799,0.25910084701743663,0.17344400515793623,0.20847175329332715
2023-08-23,15.979999542236328,26431.640625,71.36000061035156,0.47012883522923543,0.2534472887261302,0.18158517484980663,0.21085591583029925
2023-08-24,17.200000762939453,26162.373046875,71.41000366210938,0.1906050852420938,0.25375986051368077,0.16461289434194104,0.20517818178800779
2023-08-25,15.680000305175781,26047.66796875,72.44999694824219,0.12822487299186822,0.25261288360124,0.1542052636426995,0.1948439629217023
2023-08-26,,26008.462890625,,0.12780624976316393,0.25269650277159367,,
2023-08-27,,26089.693359375,,0.12722989011123575,0.2525481987491397,,
2023-08-28,15.079999923706055,26106.150390625,72.41000366210938,0.1265938658205274,0.25243893704067993,0.1479853894081274,0.18939512064996528
2023-08-29,14.449999809265137,27727.392578125,73.31999969482422,0.37956206077086474,0.31358652890134586,0.15200663699662012,0.18411300326378877
2023-08-30,13.880000114440918,27297.265625,73.66000366210938,0.40278100336934397,0.31613114122549263,0.15046637445865732,0.1831310544715969
2023-08-31,13.569999694824219,25931.47265625,75.05999755859375,0.523683672756811,0.34195145784809666,0.17234060504846802,0.18891661348584918
2023-09-01,13.09000015258789,25800.724609375,76.91999816894531,0.5238644090667592,0.33962711103532145,0.1518371057790167,0.19671197224025863
2023-09-02,,25868.798828125,,0.5244051097654808,0.33988285569674503,,
2023-09-03,,25969.56640625,,0.5246649239439285,0.34065390004440177,,
2023-09-04,,25812.416015625,,0.5255125998676415,0.34062068118898,,
2023-09-05,14.010000228881836,25779.982421875,77.76000213623047,0.3044951809525306,0.3405150556066937,0.13465502535517057,0.18784336091608567
2023-09-06,14.449999809265137,25753.236328125,78.5199966430664,0.30655082536428346,0.33963546802489,0.1343018551684516,0.18855164962939608
2023-09-07,14.399999618530273,26240.1953125,77.94999694824219,0.13249760370005648,0.33896562377212686,0.16278123477546055,0.18866423254359097
2023-09-08,13.84000015258789,25905.654296875,78.30000305175781,0.15536681808014757,0.3398121558527541,0.1659321983801724,0.1873452396278808
2023-09-09,,25895.677734375,,0.15474441311915993,0.3400110465346834,,
2023-09-10,,25832.2265625,,0.15297569553689958,0.3399228865251021,,
2023-09-11,13.800000190734863,25162.654296875,78.37000274658203,0.2170020206968308,0.34541930715494457,0.17193061714048358,0.18654102045635143
2023-09-12,14.229999542236328,25833.34375,79.69999694824219,0.2827720217259283,0.35730021517627114,0.1672985651198702,0.18775001512207104
2023-09-13,13.479999542236328,26228.32421875,79.68000030517578,0.2959828992801752,0.3609182451586493,0.12897767318493814,0.18720067137586896
2023-09-14,12.819999694824219,26539.673828125,81.12000274658203,0.2827533999361503,0.3634612986472208,0.14828052740316813,0.17853566074827684
2023-09-15,13.789999961853027,26608.693359375,81.29000091552734,0.26417558627125376,0.3616774539926955,0.14744220385388457,0.16932642433600945
2023-09-16,,26568.28125,,0.26502154481709816,0.29220760904177295,,
2023-09-17,,26534.1875,,0.26397902406503904,0.28385485369751284,,
2023-09-18,14.0,26754.28125,81.44999694824219,0.15914207227122232,0.2847059435469643,0.12369635493538648,0.16862893931322837
2023-09-19,14.109999656677246,27211.1171875,81.5,0.12114363417844431,0.2884322636630992,0.12820883957996154,0.1685985324011667
2023-09-20,15.140000343322754,27132.0078125,80.13999938964844,0.12114236570506051,0.2884813061887211,0.18644139906101231,0.1783314469129806
2023-09-21,17.540000915527344,26567.6328125,80.41000366210938,0.18510217529290668,0.29537524047696223,0.16046651154027194,0.17508273537134128
2023-09-22,17.200000762939453,26579.568359375,80.62999725341797,0.18435678976984188,0.29212855971035584,0.16024555642245258,0.1697351201383439
2023-09-23,,26579.390625,,0.1841101576973684,0.29045581771866535,,
2023-09-24,,26256.826171875,,0.1985635966071206,0.2924828797980155,,
2023-09-25,16.899999618530273,26298.48046875,80.38999938964844,0.1885683594844895,0.29245728428637563,0.11290849483488952,0.1704660763351599
2023-09-26,18.940000534057617,26217.25,80.87999725341797,0.13185273560300026,0.29250410830700996,0.12022697935491652,0.1687271570749046
2023-09-27,18.219999313354492,26352.716796875,82.9000015258789,0.14613528803519413,0.29286055033996405,0.19662579535493271,0.1700622392832256
2023-09-28,17.34000015258789,27021.546875,81.56999969482422,0.18042764316358914,0.2439568610338518,0.22674808856190803,0.1687951499858001
2023-09-29,17.520000457763672,26911.720703125,80.86000061035156,0.1844962517871787,0.24014381755137082,0.20586003566003128,0.17257884459599782
2023-09-30,,26967.916015625,,0.18407464886345787,0.1855427776122192,,
2023-10-01,,27983.75,,0.24892682638574562,0.21123192865553866,,
2023-10-02,17.610000610351562,27530.78515625,79.38999938964844,0.2912155106342239,0.21831296705505288,0.23545787819612155,0.18253907027873964
2023-10-03,19.780000686645508,27429.978515625,79.93000030517578,0.29203348622812286,0.21886564042151138,0.23991715435891245,0.1820015073791271
2023-10-04,18.579999923706055,27799.39453125,75.58999633789062,0.29464573064117805,0.22002551988262084,0.4003303832939648,0.24643297134831915
2023-10-05,18.489999771118164,27415.912109375,73.98999786376953,0.2905415295388247,0.22487924883647567,0.39197617150580266,0.2518539606286515
2023-10-06,17.450000762939453,27946.59765625,74.16000366210938,0.30310388621414724,0.2300362161863157,0.3178249196823172,0.25186179050862645
2023-10-07,,27968.83984375,,0.3037928571217639,0.22500919983894582,,
2023-10-08,,27935.08984375,,0.20706997654353126,0.22077685232998545,,
2023-10-09,17.700000762939453,27583.677734375,77.12999725341797,0.19600958951252606,0.22500309321475503,0.46070821720728133,0.2733632195589466
2023-10-10,17.030000686645508,27391.01953125,76.70999908447266,0.19981958393515228,0.22618936862229014,0.46079510479863856,0.27416317326969
2023-10-11,16.09000015258789,26873.3203125,75.66999816894531,0.20205989238560526,0.21925707832189234,0.45696054120983076,0.27592110223833943
2023-10-12,16.690000534057617,26756.798828125,75.41999816894531,0.1919672417974294,0.2076550383326466,0.4485751715522599,0.27602116856058495
2023-10-13,19.31999969482422,26862.375,78.98999786376953,0.12737412227094255,0.20358453603420715,0.4208561891236344,0.30302823385693795
2023-10-14,,26861.70703125,,0.12571399664987504,0.2008971981688304,,
2023-10-15,,27159.65234375,,0.1608915816026211,0.20317203727408564,,
2023-10-16,17.209999084472656,28519.466796875,78.38999938964844,0.34274663868712074,0.24630419519157318,0.3899946750662739,0.29621798564620216
2023-10-17,17.8799991607666,28415.748046875,78.80000305175781,0.3384584028235206,0.24670230670382295,0.3884170154317726,0.2949850971095025
2023-10-18,19.219999313354492,28328.341796875,79.83999633789062,0.301782455213122,0.24650438087615184,0.32665092545407465,0.2960743950910578
2023-10-19,21.399999618530273,28719.806640625,81.68000030517578,0.2912008743924336,0.2449762774963942,0.3326131187520333,0.30194371144879845
2023-10-20,21.709999084472656,29682.94921875,80.69999694824219,0.3163923478627417,0.2605747030152847,0.3282358468754808,0.3044075323944696
2023-10-21,,29918.412109375,,0.3047170181420074,0.25070744668562606,,
2023-10-22,,29993.896484375,,0.31397607946923767,0.25052728241820654,,
2023-10-23,20.3700008392334,33086.234375,78.88999938964844,0.5739957822684633,0.3698247223199619,0.3759525998949542,0.31201113467486913
2023-10-24,18.969999313354492,33901.52734375,76.93000030517578,0.5470106693662994,0.36823904520023937,0.287098127244037,0.31623023643273107
2023-10-25,20.190000534057617,34502.8203125,78.45999908447266,0.5152444388265137,0.36854039828698154,0.3169500683401845,0.3219719695968288
2023-10-26,20.68000030517578,34156.6484375,76.88999938964844,0.5610426638973772,0.37109011095214234,0.3360600551274831,0.3219914527628626
2023-10-27,21.270000457763672,33909.80078125,78.36000061035156,0.5876050078001288,0.3738863394394013,0.34986605131056514,0.32741616589187394
2023-10-28,,34089.57421875,,0.5898868692894985,0.3706084565962854,,
2023-10-29,,34538.48046875,,0.5810984793921812,0.3691873443434321,,
2023-10-30,19.75,34502.36328125,76.05000305175781,0.20547419175291956,0.36975789486830524,0.3304316671074215,0.3374563926572626
2023-10-31,18.139999389648438,34667.78125,75.0199966430664,0.16073007581126603,0.3596298801817808,0.33096085089342686,0.33897085928114495
2023-11-01,16.8700008392334,35437.25390625,74.75,0.17834254852403486,0.355012924155927,0.32083412319759236,0.3363355941894273
2023-11-02,15.65999984741211,34938.2421875,76.18000030517578,0.1928617634307755,0.3594029459789353,0.32934246130145406,0.3416237355101291
2023-11-03,14.90999984741211,34732.32421875,74.8499984741211,0.18994351772259377,0.36126829357954543,0.3041044724517781,0.3444113901942204
2023-11-04,,35082.1953125,,0.19397720678248906,0.3556133746986608,,
2023-11-05,,35049.35546875,,0.18472939434450922,0.3550066061498163,,
2023-11-06,14.890000343322754,35037.37109375,74.91000366210938,0.18427376199902654,0.3552098947687701,0.29075652053060697,0.3445160942382119
2023-11-07,14.8100004196167,35443.5625,71.80000305175781,0.19250460457078897,0.3544104152368241,0.3182893163628665,0.3618464311890171
2023-11-08,14.449999809265137,35655.27734375,70.19000244140625,0.14498143817990394,0.3490770711576983,0.30476462061145604,0.3552109426887761
2023-11-09,15.289999961853027,36693.125,70.25,0.18156061053119518,0.3505765247220422,0.31232409862732735,0.3541403320663854
2023-11-10,14.170000076293945,37313.96875,71.79000091552734,0.16397514090693735,0.3402059796793116,0.36461282240842435,0.3621838002412916
2023-11-11,,37138.05078125,,0.187057600519856,0.34035622158477014,,
2023-11-12,,37054.51953125,,0.18988175350118142,0.34193007105106393,,
2023-11-13,14.760000228881836,36502.35546875,72.91999816894531,0.2324228750117131,0.34871597713882635,0.3554356610464073,0.363743723070873
2023-11-14,14.15999984741211,35537.640625,72.69000244140625,0.2976510812731926,0.36480611718306444,0.34633227322886734,0.3626563326869919
2023-11-15,14.180000305175781,37880.58203125,71.33999633789062,0.4861719913529954,0.38126800281850964,0.35453683135350794,0.33216425657032883
2023-11-16,14.319999694824219,36154.76953125,68.05000305175781,0.5601694344883207,0.4131313628306924,0.3740312999949266,0.3521311791005761
2023-11-17,13.800000190734863,36596.68359375,70.75,0.5542701377617018,0.41192880134761756,0.4475767320537105,0.37266680686855197
2023-11-18,,36585.703125,,0.5542513168419168,0.41239912615896007,,
2023-11-19,,37386.546875,,0.5723144549086936,0.40773087161488425,,
2023-11-20,13.40999984741211,37476.95703125,72.30000305175781,0.5609219969176525,0.40801623001433734,0.463873413853646,0.3586200974565477
2023-11-21,13.350000381469727,35813.8125,72.52999877929688,0.6122494636252774,0.4357914913672631,0.4476326309778067,0.35875191703816084
2023-11-22,12.850000381469727,37432.33984375,71.61000061035156,0.534051184269733,0.3576638861150435,0.44294266814455513,0.3585082590022394
2023-11-23,,37289.62109375,,0.4354544116722358,0.353107423592621,,
2023-11-24,12.460000038146973,37720.28125,70.81999969482422,0.43497579904755684,0.351383661174955,0.4461273194433023,0.359527531910969
2023-11-25,,37796.79296875,,0.4341611711146772,0.34921998906407375,,
2023-11-26,,37479.12109375,,0.4220453148447245,0.34955073359600336,,
2023-11-27,12.6899995803833,37254.16796875,69.95999908447266,0.42334714543365554,0.3505371022725545,0.43853390300602035,0.3288417929439918
2023-11-28,12.6899995803833,37831.0859375,71.26000213623047,0.29119994705163804,0.3511724650350206,0.32517047324791176,0.33493299168315915
2023-11-29,12.979999542236328,37858.4921875,72.5199966430664,0.14145352466157576,0.3510311190056152,0.24976015822846004,0.33949114553213233
2023-11-30,12.920000076293945,37712.74609375,70.13999938964844,0.14151372647882077,0.35156272424720697,0.2936487436948829,0.3470636223818698
2023-12-01,12.630000114440918,38688.75,69.23999786376953,0.1970158834726924,0.3534151782814021,0.2925133685404738,0.33816265701992887
2023-12-02,,39476.33203125,,0.21957774378303496,0.352981833060006,,
2023-12-03,,39978.390625,,0.19562140733776223,0.3525173517049127,,
2023-12-04,13.079999923706055,41980.09765625,68.47000122070312,0.27643885061816176,0.3748813549074815,0.2912645065607244,0.3380205497108819
2023-12-05,12.850000381469727,44080.6484375,67.58000183105469,0.3345983098643065,0.3941470081899083,0.29285778786692435,0.33494524422946814
2023-12-06,12.970000267028809,43746.4453125,64.76000213623047,0.3595014629882488,0.3959851227635768,0.36228037358647847,0.34702541119949853
2023-12-07,13.0600004196167,43292.6640625,65.11000061035156,0.37989549856208854,0.3990967696808444,0.324087763037201,0.3402943928606234
2023-12-08,12.350000381469727,44166.6015625,66.52999877929688,0.37776471031626785,0.40094637273875694,0.340816348699045,0.3468278607344329
2023-12-09,,43725.984375,,0.4151650486607142,0.3985539458370714,,
2023-12-10,,43779.69921875,,0.4230073224818504,0.39739369123846097,,
2023-12-11,12.630000114440918,41243.83203125,66.80000305175781,0.5252052905409654,0.4391786033150683,0.317410252113254,0.34057605595174845
2023-12-12,12.069999694824219,41450.22265625,64.25,0.3948768755605886,0.4388565793905938,0.36982121329729956,0.3468623255512963
2023-12-13,12.1899995803833,42890.7421875,65.33000183105469,0.4721075260614787,0.4437160505869259,0.40390959191369163,0.3517695779326958
2023-12-14,12.479999542236328,43023.97265625,67.16000366210938,0.4699275345226616,0.43322347917144527,0.44829399219624416,0.3640792288729222
2023-12-15,12.279999732971191,41929.7578125,67.1500015258789,0.4647097639880129,0.4069709421732687,0.34548978553647836,0.3579917314299857
2023-12-16,,42240.1171875,,0.4722848788717655,0.37839358391727496,,
2023-12-17,,41364.6640625,,0.4788158923675567,0.38519567990157366,,
2023-12-18,12.5600004196167,42623.5390625,68.08999633789062,0.36097250559043825,0.39213666914459255,0.34932547454811164,0.3592836032589307
2023-12-19,12.529999732971191,42270.52734375,69.36000061035156,0.3692584983564564,0.3907553272232148,0.34403433952643997,0.364567930739939
2023-12-20,13.670000076293945,43652.25,68.79000091552734,0.3622592596834306,0.39906985049061594,0.3549157749319212,0.34573425012069153
2023-12-21,13.649999618530273,43869.15234375,69.02999877929688,0.36255646054073504,0.36929943044986957,0.19847998469306877,0.3400187326992081
2023-12-22,13.029999732971191,43997.90234375,68.69000244140625,0.3038032390827006,0.3519038712383279,0.2112936556925587,0.34025601490498575
2023-12-23,,43739.54296875,,0.31317205540574333,0.35242506894810566,,
2023-12-24,,43016.1171875,,0.29906818408175845,0.35755779999169934,,
2023-12-25,,43613.140625,,0.2563340135476083,0.35850797818400526,,
2023-12-26,12.989999771118164,42520.40234375,70.20999908447266,0.304625620832735,0.3671852452208433,0.1887813100255031,0.34037497318263804
2023-12-27,12.430000305175781,43442.85546875,68.91999816894531,0.2622234886468762,0.3691677471772431,0.24012291740993452,0.34057535640071346
2023-12-28,12.470000267028809,42627.85546875,67.18000030517578,0.27926455200150946,0.3742495976108464,0.28205722800091765,0.3473716092945369
2023-12-29,12.449999809265137,42099.40234375,66.6500015258789,0.27826899289674856,0.37719054350540093,0.2436246583664223,0.344414795496164
2023-12-30,,42156.90234375,,0.28209759822368746,0.37660390454231385,,
2023-12-31,,42265.1875,,0.2728768766812562,0.37087069392450195,,
2024-01-01,,44167.33203125,,0.3857183385731545,0.38661112536701603,,
2024-01-02,13.199999809265137,44957.96875,65.7699966430664,0.3424473793277348,0.3879126300485822,0.24769720485366623,0.32016529567909047
2024-01-03,14.039999961853027,42848.17578125,68.19000244140625,0.4609318012495169,0.39201996826378815,0.35866896263380477,0.3170828183139549
2024-01-04,14.130000114440918,44179.921875,67.56999969482422,0.4797982104559469,0.3757988691647532,0.3611879274858328,0.3102475581263044
2024-01-05,13.350000381469727,44162.69140625,69.02999877929688,0.46649215401607175,0.37509771695993344,0.35972869813807046,0.31746862685140914
2024-01-06,,43989.1953125,,0.4701729247057771,0.37395232013872426,,
2024-01-07,,43943.09765625,,0.471804000908888,0.369385079220385,,
2024-01-08,13.079999923706055,46970.50390625,66.4000015258789,0.5603672333619585,0.4155319814663273,0.4125664034885311,0.3334257414113989
2024-01-09,12.760000228881836,46139.73046875,67.38999938964844,0.5769269627520234,0.4196504879541076,0.40003685288446234,0.33598973095426543
2024-01-10,12.6899995803833,46627.77734375,66.55999755859375,0.449030675258774,0.377582324457937,0.4048901440137762,0.3360379890802046
2024-01-11,12.4399995803833,46368.5859375,67.6500015258789,0.4386747379888673,0.3786034486009299,0.4030074473467429,0.3349548897617085
2024-01-12,12.699999809265137,42853.16796875,68.0199966430664,0.679778555495956,0.4368716092198426,0.3350610472642698,0.33071618454598045
2024-01-13,,42842.3828125,,0.6802207211796732,0.43677088716325624,,
2024-01-14,,41796.26953125,,0.6909809821372432,0.4362504166934383,,
2024-01-15,,42511.96875,,0.508433400764362,0.43856338575163023,,
2024-01-16,13.84000015258789,43154.9453125,67.25,0.5361338383741019,0.4358628097363681,0.33780985378412964,0.318922915088505
2024-01-17,14.789999961853027,42742.65234375,67.94000244140625,0.517766782790091,0.42835128696971986,0.3125643687194408,0.3186302806377408
2024-01-18,14.130000114440918,41262.05859375,69.05999755859375,0.5317010847640922,0.43990567550120935,0.19977528510858997,0.32062510856653886
2024-01-19,13.300000190734863,41618.40625,68.81999969482422,0.31825750204121167,0.4297429443153116,0.194544675411814,0.3183249772618397
2024-01-20,,41665.5859375,,0.31908211705708456,0.42937949394317887,,
2024-01-21,,41545.78515625,,0.28448629290688565,0.42916305946637784,,
2024-01-22,13.1899995803833,39507.3671875,69.69000244140625,0.3782951976033412,0.4514706530634701,0.16738659634936123,0.29321456228610365
2024-01-23,12.550000190734863,39845.55078125,69.66000366210938,0.3615732467646693,0.4509343911570245,0.15631091223897664,0.293219716373199
2024-01-24,13.140000343322754,40077.07421875,70.54000091552734,0.37628579107124044,0.4490096846812157,0.16439101357082428,0.28912432548865136
2024-01-25,13.449999809265137,39933.80859375,72.2300033569336,0.32921945074554637,0.4439100276223359,0.1506857735926479,0.29595912685676407
2024-01-26,13.260000228881836,41816.87109375,73.0999984741211,0.4480354038782962,0.4606749065371835,0.15104795408613197,0.2702507370160864
2024-01-27,,42120.0546875,,0.4497814527252696,0.4581899973892579,,
2024-01-28,,42035.59375,,0.44945104563237087,0.4567951607447429,,
2024-01-29,13.600000381469727,43288.24609375,72.05000305175781,0.2874494577690903,0.4646891129287446,0.20420073482943024,0.2729522478119252
2024-01-30,13.3100004196167,42952.609375,72.80999755859375,0.31370303755938955,0.4653310785923667,0.19351090783665106,0.2638154431586572
2024-01-31,14.350000381469727,42582.60546875,70.91999816894531,0.3345253563476029,0.44724976222481455,0.2766073326689897,0.2766404792999883
2024-02-01,13.880000114440918,43075.7734375,69.06999969482422,0.3233957057801213,0.44531558517569003,0.32681579273880157,0.28573897267142306
2024-02-02,13.850000381469727,43185.859375,67.51000213623047,0.20947808461672013,0.42284670385201933,0.3332204149440941,0.2881280250400799
2024-02-03,,42992.25,,0.21504138837734108,0.4130822766192427,,
2024-02-04,,42583.58203125,,0.22675737484860423,0.4138350082723095,,
2024-02-05,13.670000076293945,42658.66796875,68.18000030517578,0.12268923241803602,0.4138387715701422,0.287638606677174,0.2888341451505232
2024-02-06,13.0600004196167,43084.671875,68.80999755859375,0.1337400303415931,0.41505601624804295,0.2797871816805224,0.2899403235768267
2024-02-07,12.829999923706055,44318.22265625,69.41999816894531,0.1967007384370918,0.37384287226978374,0.2936032538520398,0.2906358191683275
2024-02-08,12.789999961853027,45301.56640625,71.5199966430664,0.21839568824650168,0.37690510466203053,0.35518807934698926,0.2967731227712239
2024-02-09,12.930000305175781,47147.19921875,71.66999816894531,0.2888166052429606,0.3937183113687915,0.31436383347018126,0.2911668606290848
2024-02-10,,47771.27734375,,0.26340341399412515,0.3950000153988266,,
2024-02-11,,48293.91796875,,0.2053633529177975,0.31489152424433253,,
2024-02-12,13.930000305175781,49958.22265625,72.11000061035156,0.18858833420144736,0.3262368890261204,0.24712480735932296,0.2801443834500139
2024-02-13,15.850000381469727,49742.44140625,72.6500015258789,0.2408820628484167,0.3151939719625171,0.14394418903138273,0.2787237182456791
2024-02-14,14.380000114440918,51826.6953125,71.55000305175781,0.26875907437613594,0.3299823912731007,0.21142817745598474,0.27975884714527655
2024-02-15,14.010000228881836,51938.5546875,72.83999633789062,0.29498540295173914,0.32923883711017554,0.22168223288633762,0.2649321048617696
2024-02-16,14.239999771118164,52160.203125,73.41000366210938,0.26776098003120835,0.3259018878961844,0.22164825917434916,0.2631213856865537
2024-02-17,,51662.99609375,,0.304541537900964,0.305051834363985,,
2024-02-18,,52122.546875,,0.3048695615965674,0.30506082804355966,,
2024-02-19,,51779.14453125,,0.2716603228999446,0.3072829348307492,,
2024-02-20,15.420000076293945,52284.875,72.41999816894531,0.2641228966019788,0.30584242740566286,0.1913317993056174,0.26109125622550605
2024-02-21,15.34000015258789,51839.1796875,73.19999694824219,0.1303248271982914,0.2571338135946961,0.19873550812987242,0.2332409330142604
2024-02-22,14.539999961853027,51304.97265625,73.5999984741211,0.1428019402949966,0.263224578984625,0.19834143160897846,0.23077002311946918
2024-02-23,13.75,50731.94921875,71.91999816894531,0.14562982563826082,0.2692599380949621,0.24693113321585838,0.23872240609225107
2024-02-24,,51571.1015625,,0.18238709092542085,0.2681098144236344,,
2024-02-25,,51733.23828125,,0.17339776591506517,0.2436127542619082,,
2024-02-26,13.739999771118164,54522.40234375,72.79000091552734,0.35831599576840784,0.2769075837877512,0.23685744420017285,0.23690645209203776
2024-02-27,13.430000305175781,57085.37109375,73.8499984741211,0.42748403885777125,0.29520364529699705,0.2280950580376654,0.2393329206486171
2024-02-28,13.84000015258789,62504.7890625,73.62000274658203,0.6011701547126284,0.37305175955742165,0.2259116005717644,0.23627169693809097
2024-02-29,13.399999618530273,61198.3828125,73.36000061035156,0.631750756422267,0.3811892419159659,0.20715342769488732,0.2360354417357113
2024-03-01,13.109999656677246,62440.6328125,74.95999908447266,0.5818887663301607,0.3768671777461609,0.2356052748574054,0.23922706215409706
2024-03-02,,62029.84765625,,0.6190914302923903,0.3810212353005377,,
2024-03-03,,63167.37109375,,0.6017164517991657,0.3802891198386173,,
2024-03-04,13.489999771118164,68330.4140625,74.01000213623047,0.662569244367408,0.4216485198980323,0.2536766455043779,0.24279794289929713
2024-03-05,14.460000038146973,63801.19921875,73.44999694824219,0.8828703063771254,0.48239331863406976,0.20571365259358618,0.24255585154681467
2024-03-06,14.5,66106.8046875,74.33999633789062,0.7364119133991155,0.4851758283803395,0.20575097968230383,0.24424377117834717
2024-03-07,14.4399995803833,66925.484375,74.2300033569336,0.7076327793076198,0.4850263730776029,0.19008802313770554,0.24246627114574662
2024-03-08,14.739999771118164,68300.09375,73.36000061035156,0.7077365914578575,0.4836475736552756,0.20402324779104114,0.23611839029092785
2024-03-09,,68498.8828125,,0.6990287179118017,0.48421982940427327,,
2024-03-10,,69019.7890625,,0.6993729292277812,0.4780773333411871,,
2024-03-11,15.220000267028809,72123.90625,73.62000274658203,0.5837282387824996,0.4866081609035637,0.20392962762379027,0.23381989792554947
2024-03-12,13.84000015258789,71481.2890625,73.3499984741211,0.2941933544098335,0.49099236641633104,0.13968281208553315,0.2299982209663042
2024-03-13,13.75,73083.5,75.08999633789062,0.26716402026628805,0.4878415884356756,0.1944705140573526,0.2379331363030933
2024-03-14,14.399999618530273,71396.59375,76.30000305175781,0.35103057019042067,0.49664174346641377,0.1967417471803923,0.2273086797030036
2024-03-15,14.40999984741211,69403.7734375,76.33000183105469,0.40382121147972744,0.5020986264444701,0.19276205972030339,0.21067955350708187
2024-03-16,,65315.1171875,,0.5527264073614397,0.5418396348177761,,
2024-03-17,,68390.625,,0.6364771820861834,0.5529752792356377,,
2024-03-18,14.329999923706055,67548.59375,77.9800033569336,0.5522654764784567,0.5538564154854257,0.21455384641348396,0.20203671940429951
2024-03-19,13.819999694824219,61912.7734375,78.43000030517578,0.7226835388214455,0.6198940814328109,0.17126555654959086,0.20149623222894025
2024-03-20,13.039999961853027,67913.671875,77.25,0.976063516113675,0.6674784512011381,0.22648169625055212,0.20895629508216915
2024-03-21,12.920000076293945,65491.390625,76.81999969482422,0.986291934573054,0.6802860020094808,0.2304843402054503,0.21018756579600528
2024-03-22,13.0600004196167,63778.76171875,76.68000030517578,0.9851193699690104,0.6859306443050208,0.2003033209939601,0.19465365816822122
2024-03-23,,64062.203125,,0.9257747510016567,0.6840319203036488,,
2024-03-24,,67234.171875,,0.9309870047631379,0.6916709634052061,,
2024-03-25,13.1899995803833,69958.8125,77.76000213623047,0.9596563243794977,0.6970085155678168,0.195051787774339,0.19757165476556396
2024-03-26,13.239999771118164,69987.8359375,77.29000091552734,0.7206694329175533,0.6972917976200868,0.20205315801245882,0.19893147755405702
2024-03-27,12.779999732971191,69455.34375,77.51000213623047,0.4995212588959203,0.6872005005250834,0.14950835686187383,0.19835190240603398
2024-03-28,13.010000228881836,70744.953125,78.7300033569336,0.41908892246487356,0.6785952451963639,0.1773532271831013,0.19500733337597162
2024-03-29,,69892.828125,,0.371154936072806,0.6324599626803346,,
2024-03-30,,69645.3046875,,0.3818964355503482,0.6284991064425542,,
2024-03-31,,71333.6484375,,0.3045106609794252,0.6294397237301471,,
2024-04-01,13.649999618530273,69702.1484375,79.66999816894531,0.26432572397751464,0.6337695864033063,0.1490218111540852,0.19177287077630342
2024-04-02,14.609999656677246,65446.97265625,80.79000091552734,0.4578126809001376,0.6609452364111954,0.13983497317908333,0.1939562985949708
2024-04-03,14.329999923706055,65980.8125,81.25,0.4702246606070883,0.6195095732451134,0.1259163838105656,0.1874132758351119
2024-04-04,16.350000381469727,68508.84375,82.2699966430664,0.5252459633126549,0.5950547914657034,0.12328629234558301,0.18805076338483215
2024-04-05,16.030000686645508,67837.640625,82.4000015258789,0.5240532937431448,0.5875849907745536,0.09069474464012621,0.18811929599255983
2024-04-06,,68896.109375,,0.5374139211160044,0.5881940606533809,,
2024-04-07,,69362.5546875,,0.512464298225143,0.5856200297193922,,
2024-04-08,15.1899995803833,71631.359375,82.19999694824219,0.5328074333677832,0.5927639604245591,0.10973628416018642,0.1715540248166299
2024-04-09,14.979999542236328,69139.015625,81.1500015258789,0.3953601821580355,0.6019523890737852,0.15442290741604375,0.17706315304935985
2024-04-10,15.800000190734863,70587.8828125,82.08999633789062,0.40291438129475515,0.5908752913244485,0.15370346553705594,0.1756787834243714
2024-04-11,14.90999984741211,70060.609375,81.55000305175781,0.3600692231780118,0.5907144606555312,0.14860049479592155,0.17710861722029714
2024-04-12,17.309999465942383,67195.8671875,81.52999877929688,0.4486105141279635,0.5982415569711984,0.14559492495779025,0.1762326820183521
2024-04-13,,63821.47265625,,0.5177769873506044,0.6120625401449009,,
2024-04-14,,65738.7265625,,0.5664122214043421,0.614866446981517,,
2024-04-15,19.229999542236328,63426.2109375,81.6500015258789,0.5095594832986757,0.5981405093620247,0.12010009344325656,0.16760276094079724
2024-04-16,18.399999618530273,63811.86328125,81.33000183105469,0.5086730397576564,0.5818529118144952,0.1195625589203605,0.16236978965079746
2024-04-17,18.209999084472656,61276.69140625,78.91000366210938,0.4777214160606695,0.5917267927661998,0.20621880419604946,0.18614807529009575
2024-04-18,18.0,63512.75390625,78.77999877929688,0.5849001214878864,0.5458118788918201,0.20103201258164186,0.18420728337995304
2024-04-19,18.709999084472656,63843.5703125,78.8499984741211,0.5586484272847979,0.47207951548017385,0.17433300797959259,0.18394617479105674
2024-04-20,,64994.44140625,,0.47720839793589254,0.46396138806900705,,
2024-04-21,,64926.64453125,,0.4382255539206579,0.4572665304837716,,
2024-04-22,16.940000534057617,66837.6796875,78.77999877929688,0.3974698303349636,0.464548632174954,0.17643724436546623,0.1795100795851934
2024-04-23,15.6899995803833,66407.2734375,79.9800033569336,0.4063538971963549,0.4431140137678795,0.21393388720718334,0.18329095453016525
2024-04-24,15.970000267028809,64276.8984375,79.63999938964844,0.36956521756539107,0.4357082558262502,0.21203935248692596,0.18347843569859193
2024-04-25,15.369999885559082,64481.70703125,80.44000244140625,0.3088440763612963,0.43596063173369465,0.22685314257354372,0.17396900753759603
2024-04-26,15.029999732971191,63755.3203125,80.38999938964844,0.3178137412303549,0.4364526259090665,0.11325821343829451,0.1691626702036985
2024-04-27,,63419.140625,,0.29184407231000675,0.43180473975076683,,
2024-04-28,,63113.23046875,,0.2913872680093994,0.43107802915051396,,
2024-04-29,14.670000076293945,63841.12109375,79.5,0.2174311278773618,0.43322481213148584,0.1394620163078204,0.17320427507770406
2024-04-30,15.649999618530273,60636.85546875,78.37999725341797,0.3463203300877548,0.4475358426530022,0.16758349156883048,0.16784707354355854
2024-05-01,15.390000343322754,58254.01171875,75.93000030517578,0.36645269938860686,0.45598660991453355,0.24798652368923554,0.19005548928070695
2024-05-02,14.680000305175781,59123.43359375,75.93000030517578,0.39497180974354656,0.42624535844392086,0.20923082304239543,0.18534424011188705
2024-05-03,13.489999771118164,62889.8359375,75.12999725341797,0.5956803889503434,0.4653788891458003,0.20875593611483126,0.18707443355053416
2024-05-04,,63891.47265625,,0.6041012912068654,0.4535629345217245,,
2024-05-05,,64031.1328125,,0.6026907153108072,0.453169676855898,,
2024-05-06,13.489999771118164,63161.94921875,75.66000366210938,0.6050812836047778,0.45131106624749456,0.19827460203200592,0.18836542873648768
2024-05-07,13.229999542236328,62334.81640625,75.5,0.508094710954364,0.4513066504247626,0.19592512765163228,0.18334186961057314
2024-05-08,13.0,61187.94140625,76.11000061035156,0.4418492012830307,0.44021036992816814,0.2191599521656558,0.1844763016087193
2024-05-09,12.6899995803833,63049.9609375,76.5199966430664,0.46199105650038713,0.4420712415634529,0.22057954845247313,0.18501655130783332
2024-05-10,12.550000190734863,60792.77734375,75.30000305175781,0.3563383583057253,0.4463589721914674,0.14555377415417992,0.18383943204099015
2024-05-11,,60793.7109375,,0.3295009501134667,0.44652175739909594,,
2024-05-12,,61448.39453125,,0.343276932209252,0.43445060651104733,,
2024-05-13,13.600000381469727,62901.44921875,76.12999725341797,0.37815774619026404,0.41554982527074336,0.16317967829293964,0.1832788159672603
2024-05-14,13.420000076293945,61552.7890625,75.20999908447266,0.3931684802754512,0.40982706309435246,0.16774744800514987,0.1796845957069503
2024-05-15,12.449999809265137,66267.4921875,75.87999725341797,0.5759094691607773,0.4525982224432064,0.17126097081136457,0.1811659045401871
2024-05-16,12.420000076293945,65231.58203125,76.25,0.5792859047883303,0.45508128638730105,0.17197342476895247,0.17704756983495307
2024-05-17,11.989999771118164,67051.875,76.97000122070312,0.510774120611303,0.44406183383504494,0.17435396793212418,0.18005116801761914
2024-05-18,,66940.8046875,,0.5127927863191352,0.4331297828312446,,
2024-05-19,,66278.3671875,,0.5325483780132113,0.43430520719988963,,
2024-05-20,12.149999618530273,71448.1953125,76.7300033569336,0.659216285750609,0.48236777825809507,0.17418271855886674,0.18006964195690645
2024-05-21,11.859999656677246,70136.53125,76.16000366210938,0.6514503587725975,0.4863362277621673,0.14570210548191034,0.1780045818827991
2024-05-22,12.289999961853027,69122.3359375,74.87000274658203,0.5441552020029441,0.4821332940881074,0.16547959011446445,0.17821340352353118
2024-05-23,12.770000457763672,67929.5625,74.44999694824219,0.5470132266460589,0.48466600809926597,0.1535899991604097,0.17806663187956817
2024-05-24,11.930000305175781,68526.1015625,75.3499984741211,0.5269117491340186,0.4746458459296386,0.16343320072135184,0.18322040086037134
2024-05-25,,69265.9453125,,0.5274530195884878,0.47529571070998905,,
2024-05-26,,68518.09375,,0.5285546741616568,0.47517897342321525,,
2024-05-27,,69394.5546875,,0.22525877126880098,0.47551138558577566,,
2024-05-28,12.920000076293945,68296.21875,77.66000366210938,0.21880069635320007,0.47818810512384674,0.2515281921404443,0.2068072124958686
2024-05-29,14.279999732971191,67578.09375,76.56999969482422,0.21174224031851227,0.47891449377839934,0.26432473275249346,0.2098548153730923
2024-05-30,14.470000267028809,68364.9921875,75.52999877929688,0.20138604739009602,0.45194096544144763,0.2756806660767002,0.1959933432186144
2024-05-31,12.920000076293945,67491.4140625,74.81999969482422,0.20772132339317623,0.4354478066947841,0.27752250471382756,0.1973669445785615
2024-06-01,,67706.9375,,0.19238281236368124,0.43445162319698777,,
2024-06-02,,67751.6015625,,0.18555345912876128,0.39915777309022077,,
2024-06-03,13.109999656677246,68804.78125,71.83000183105469,0.19483367617432015,0.39905016346534533,0.3524417065274771,0.22621781913601494
2024-06-04,13.15999984741211,70567.765625,71.08999633789062,0.21947216070809447,0.40449340874599626,0.3535185595398542,0.22709613833547418
2024-06-05,12.630000114440918,71082.8203125,71.88999938964844,0.1917825162456169,0.40142886274709555,0.35171847049068017,0.224550283625232
2024-06-06,12.579999923706055,70757.1640625,73.26000213623047,0.20069560971634598,0.399010178948002,0.303910904685501,0.2337994092977794
2024-06-07,12.220000267028809,69342.5859375,73.0199966430664,0.2305750299108897,0.3998435555308733,0.3019934891254147,0.23066877328467972
2024-06-08,,69305.7734375,,0.2321086644891842,0.39244108982635206,,
2024-06-09,,69647.9921875,,0.2314543487159776,0.3740424449884098,,
2024-06-10,12.739999771118164,69512.28125,75.45999908447266,0.21836243755750676,0.37429205621003364,0.3783638545660623,0.2538041021505114
2024-06-11,12.850000381469727,67332.03125,75.51000213623047,0.2255202170756114,0.3882044934351405,0.3725104173423035,0.25242798239584735
2024-06-12,12.039999961853027,68241.1875,75.9800033569336,0.2437737607938369,0.3847313289163428,0.23346379292049116,0.25054845251998104
2024-06-13,11.9399995803833,66756.3984375,75.73999786376953,0.261773224365175,0.38491098350785297,0.21277111852301944,0.23364341913458567
2024-06-14,12.65999984741211,66011.09375,76.08000183105469,0.2499432665274878,0.32221418158077764,0.21385508085603114,0.23400184810388375
2024-06-15,,66191.0,,0.25422283632512915,0.3188601684956822,,
2024-06-16,,66639.046875,,0.2578883508880194,0.30908819893342093,,
2024-06-17,12.75,66490.296875,77.79000091552734,0.2576921467706456,0.3091162648413608,0.22197474053850708,0.24035058362410802
2024-06-18,12.300000190734863,65140.74609375,78.66999816894531,0.2160991710964775,0.3134863192385392,0.2055973852839758,0.24155466238706488
2024-06-19,,64960.296875,,0.1773932632878523,0.21628869922208388,,
2024-06-20,13.279999732971191,64828.65625,79.41000366210938,0.14398339916995267,0.21133939837814383,0.1317589280884102,0.2423989297051091
2024-06-21,13.199999809265137,64096.19921875,78.6500015258789,0.14426337577350307,0.20996591953703284,0.16393328902088034,0.24381758804784517
2024-06-22,,64252.578125,,0.14369782400928213,0.20556795020712795,,
2024-06-23,,63180.796875,,0.1374170409872832,0.20745901412707593,,
2024-06-24,13.329999923706055,60277.4140625,79.69999694824219,0.26630895613785255,0.23996269632979292,0.17001942626881125,0.24608518063640572
2024-06-25,12.84000015258789,61804.640625,78.9000015258789,0.347435292109421,0.2539965676267226,0.19084712107428864,0.2430290788378663
2024-06-26,12.550000190734863,60811.27734375,78.75,0.3490857900698376,0.25183800302329606,0.19662079054023607,0.24159010745141304
2024-06-27,12.239999771118164,61604.80078125,79.91999816894531,0.37319344569384455,0.254245643360068,0.17195300598731822,0.24129609200339922
2024-06-28,12.4399995803833,60320.13671875,79.58999633789062,0.3820905265846523,0.2585916693208166,0.1689934459616511,0.24107608369220024
2024-06-29,,60887.37890625,,0.3926577881072328,0.25752462635553625,,
2024-06-30,,62678.29296875,,0.4411043979457786,0.2729199996962482,,
2024-07-01,12.220000267028809,62851.98046875,81.54000091552734,0.30304083501134155,0.27284692364034596,0.2156809299057998,0.24986916419313093
2024-07-02,12.029999732971191,62029.015625,81.11000061035156,0.2885359025048561,0.27440695997028575,0.20574881311311669,0.24988361888201246
2024-07-03,12.09000015258789,60173.921875,81.2699966430664,0.33220425948841886,0.27981198659044393,0.1962555200577378,0.2494362018914214
2024-07-04,,56977.703125,,0.43874859633780794,0.30094392201396664,,
2024-07-05,12.479999542236328,56662.375,81.30999755859375,0.4338674133971507,0.297890561953153,0.17636259851573421,0.24787571717646145
2024-07-06,,58303.5390625,,0.4806229955802266,0.31571349327001147,,
2024-07-07,,55849.109375,,0.45257733736718797,0.33090155532107857,,
2024-07-08,12.369999885559082,56705.09765625,80.41999816894531,0.48012337392343735,0.3367573475616261,0.19699108804102677,0.2444184520678416
2024-07-09,12.510000228881836,58009.2265625,79.7699966430664,0.5306184256114174,0.3459278622304321,0.1871694030227404,0.24523520830891415
2024-07-10,12.850000381469727,57742.49609375,80.4800033569336,0.510347042503913,0.3457368461645383,0.19197424389703502,0.24431517812779038
2024-07-11,12.920000076293945,57344.9140625,80.94000244140625,0.38380470178986653,0.3370844963199684,0.11620667677004778,0.22940993689212988
2024-07-12,12.460000038146973,57899.46484375,80.25,0.38386385291839026,0.3354268003986671,0.12265035162716761,0.22671116501009123
2024-07-13,,59231.953125,,0.36899328007113436,0.3412991099491886,,
2024-07-14,,60787.79296875,,0.2124061447602363,0.3512913089256869,,
2024-07-15,13.119999885559082,64870.15234375,80.12000274658203,0.3838525902286787,0.4023730432832361,0.12025394440416277,0.22232894291424576
2024-07-16,13.1899995803833,65097.1484375,79.05999755859375,0.393681433606295,0.4019621489883794,0.13548667460088532,0.22431322949306853
2024-07-17,14.479999542236328,64118.79296875,80.62000274658203,0.4214634197952239,0.4041033790522331,0.18509410249275168,0.1917861709592988
2024-07-18,15.930000305175781,63974.06640625,79.9000015258789,0.41214931205970495,0.39997185983649525,0.1867914241650931,0.19094144579523936
2024-07-19,16.520000457763672,66710.15625,78.0,0.43709864490439865,0.4183792960228652,0.22294988262127285,0.2057532003050461
2024-07-20,,67163.6484375,,0.44369718159880644,0.4186243209177361,,
2024-07-21,,68154.5234375,,0.44033146033378695,0.41863965688994237,,
2024-07-22,14.90999984741211,67585.25,77.62000274658203,0.29635382090330636,0.41972605410663694,0.21158043229554138,0.2009597938361142
2024-07-23,14.720000267028809,65927.671875,76.62000274658203,0.3497616267904549,0.4234209095305511,0.21544143118890527,0.20504157808789877
2024-07-24,18.040000915527344,65372.1328125,76.80999755859375,0.33826795549500377,0.39911735970843626,0.22069145807610333,0.1817186729146731
2024-07-25,18.459999084472656,65777.2265625,77.45999908447266,0.3367884227909718,0.3936610333490183,0.22877117971402483,0.18312242833960546
2024-07-26,16.389999389648438,67912.0625,76.11000061035156,0.2921175047777988,0.3989281935288214,0.17784878119477418,0.18986956876636976
2024-07-27,,67813.3359375,,0.29129162121951246,0.3982007534725379,,
2024-07-28,,68255.8671875,,0.27957489292495885,0.3915584543731505,,
2024-07-29,16.600000381469727,66819.9140625,75.19000244140625,0.3056628204851832,0.39800270864262854,0.17944289513462416,0.19295046246921993
2024-07-30,17.690000534057617,66201.015625,74.45999908447266,0.26803853278603684,0.39178288335969,0.146185446048021,0.1943530693748844
2024-07-31,16.360000610351562,64619.25,77.73999786376953,0.3044633937880729,0.39893942762946627,0.33843604028566543,0.22439254251616716
2024-08-01,18.59000015258789,65357.5,76.29000091552734,0.3115674449987614,0.3977384083448812,0.34954162010811646,0.2281263489135089
2024-08-02,23.389999389648438,61415.06640625,73.38999938964844,0.3954509206018186,0.4295259780191592,0.41396964027818944,0.2498316219671609
2024-08-03,,60680.09375,,0.38592179601907634,0.3985466825317165,,
2024-08-04,,58116.9765625,,0.37993973274952453,0.419188660292176,,
2024-08-05,38.56999969482422,53991.45703125,73.22000122070312,0.4853505203420542,0.46284276663087637,0.40284087215642317,0.24893196289586964
2024-08-06,27.709999084472656,56034.31640625,72.44999694824219,0.6290655379870587,0.4602625702768873,0.3979617231758931,0.24551083354645645
2024-08-07,27.850000381469727,55027.4609375,74.69000244140625,0.6299654185450138,0.4609012917591628,0.45350778460026525,0.26343524580671995
2024-08-08,23.790000915527344,61710.13671875,75.36000061035156,1.0384147364063219,0.5667846702126391,0.4516043056085439,0.2652390391305063
2024-08-09,20.3700008392334,60880.11328125,76.22000122070312,0.9709544911638583,0.5682875198649547,0.3566258283754172,0.2635946794205555
2024-08-10,,60945.8125,,0.9680177126908711,0.5676994422664948,,
2024-08-11,,58719.484375,,0.9573238209001594,0.5783845487483098,,
2024-08-12,20.709999084472656,59354.515625,78.62999725341797,0.8002783152973655,0.5754055451445385,0.387781940306068,0.28026756176564
2024-08-13,18.1200008392334,60609.56640625,77.63999938964844,0.7859732642147131,0.5736316572191134,0.2875436481807473,0.2723023019109767
2024-08-14,16.190000534057617,58737.26953125,76.58999633789062,0.8103840333581971,0.5459326481175191,0.31163565448420466,0.2743404839155574
2024-08-15,15.229999542236328,57560.09765625,77.41000366210938,0.34445529229389427,0.5476942389448579,0.2877419807834181,0.27653378918808647
2024-08-16,14.800000190734863,58894.10546875,76.31999969482422,0.3943040303366837,0.5521150539772082,0.2743718589128443,0.27884885565481954
2024-08-17,,59478.97265625,,0.4031956591763179,0.5533446976131665,,
2024-08-18,,58483.96484375,,0.3461513324563426,0.5384640126823182,,
2024-08-19,14.649999618530273,59493.453125,74.37999725341797,0.35682786761904245,0.5411533099054728,0.31817064572467746,0.285965843135711
2024-08-20,15.880000114440918,59012.79296875,73.83000183105469,0.3278059654782626,0.5383364896839177,0.30537968646772773,0.28585484530157906
2024-08-21,16.270000457763672,61175.19140625,72.5999984741211,0.33889776535022625,0.5509816868693002,0.1765290576352173,0.2866567162226811
2024-08-22,17.549999237060547,60381.9140625,73.58000183105469,0.3177613920659871,0.5480354878557264,0.22977071445931357,0.2896491465881342
2024-08-23,15.859999656677246,64094.35546875,75.55000305175781,0.4463572884887145,0.5768711478339688,0.30173533116107476,0.3016312426442918
2024-08-24,,64178.9921875,,0.4510661752329917,0.5765426627593858,,
2024-08-25,,64333.54296875,,0.41464382234998165,0.5682546240547456,,
2024-08-26,16.149999618530273,62880.66015625,77.83000183105469,0.4665533352566994,0.5715118645445607,0.35375835841555636,0.31558607527362437
2024-08-27,15.430000305175781,59504.1328125,76.48999786376953,0.6006954015518337,0.5907006215489521,0.3598166303595795,0.31716085708063413
2024-08-28,17.110000610351562,59027.625,75.4800033569336,0.5494596752742051,0.5886942529729925,0.32894748335008256,0.3128708666177584
2024-08-29,15.649999618530273,59388.1796875,76.7699966430664,0.5498351010692464,0.5892095892668768,0.331491655885828,0.31693014621243315
2024-08-30,15.0,59119.4765625,74.33999633789062,0.3407961555451039,0.5859939616101986,0.38241402736623326,0.3225884488057102
2024-08-31,,58969.8984375,,0.33543066890772333,0.5844240668900424,,
2024-09-01,,57325.48828125,,0.33021697874594025,0.5626304058125237,,
2024-09-02,,59112.48046875,,0.4284925092097984,0.5697882059769472,,
2024-09-03,20.719999313354492,57431.0234375,71.08999633789062,0.325586701467569,0.562020593999265,0.4655147700763366,0.34508214200942433
2024-09-04,21.31999969482422,57971.5390625,69.61000061035156,0.3355093977592039,0.5177767055354413,0.4160267449350882,0.3478727354851068
2024-09-05,19.899999618530273,56160.48828125,69.88999938964844,0.3695084915570674,0.5160666241209427,0.32634010188549556,0.3481110636882669
2024-09-06,22.3799991607666,53948.75390625,68.93000030517578,0.41466841973327184,0.5266724637608156,0.3260469742327742,0.3477544296889833
2024-09-07,,54139.6875,,0.4226658013200327,0.3981079445621942,,
2024-09-08,,54841.56640625,,0.42903102578561575,0.400174185568222,,
2024-09-09,19.450000762939453,57019.53515625,69.2699966430664,0.4606208770006094,0.41855162279602454,0.3467492777471933,0.34609059412337667
2024-09-10,19.079999923706055,57648.7109375,66.95999908447266,0.43584963894650625,0.40667483683968714,0.2977265825009806,0.3563262876415259
2024-09-11,17.690000534057617,57343.171875,67.8499984741211,0.43224838148261446,0.40543586330991516,0.3380874637314411,0.3591316936005091
2024-09-12,17.06999969482422,58127.01171875,69.88999938964844,0.381938838476155,0.4025083138210621,0.3441876958317406,0.3452834064897408
2024-09-13,16.559999465942383,60571.30078125,69.83999633789062,0.27568696876404136,0.41040645818504135,0.3187776528796869,0.34225936564144493
2024-09-14,,60005.12109375,,0.3100621068736348,0.40670741062718385,,
2024-09-15,,59182.8359375,,0.35472148300067047,0.4037303953998256,,
2024-09-16,17.139999389648438,58192.5078125,70.87999725341797,0.326219543424094,0.4055768927028001,0.33008417713216875,0.3289337913704357
2024-09-17,17.610000610351562,60308.5390625,71.72000122070312,0.38107963746778656,0.41589674440185187,0.31349457174686585,0.3309794017587234
2024-09-18,18.229999542236328,61649.6796875,70.66000366210938,0.3809165312692448,0.41777381690369164,0.3373294467948695,0.3323307718375642
2024-09-19,16.329999923706055,62940.45703125,72.75,0.38584251955408055,0.42054571518081046,0.25301989661609053,0.3312468370928716
2024-09-20,16.149999618530273,63192.9765625,72.91999816894531,0.324796274248164,0.40821761139916435,0.25918131039094316,0.3301259809795565
2024-09-21,,63394.83984375,,0.3080084204296917,0.40603930960880985,,
2024-09-22,,63648.7109375,,0.27186207926510264,0.3670738883601842,,
2024-09-23,15.890000343322754,63329.80078125,72.25,0.22763890308813542,0.3673010587876502,0.24083676421220482,0.3288534834281531
2024-09-24,15.390000343322754,64301.96875,73.29000091552734,0.16206121365788095,0.37003760937965435,0.2432145056127561,0.31733350782710673
2024-09-25,15.40999984741211,63143.14453125,71.4800033569336,0.2026446831840428,0.36778078817843046,0.2989489185704652,0.32268968529695874
2024-09-26,15.369999885559082,65181.01953125,69.01000213623047,0.24800002812295413,0.339351145609778,0.3549494379204428,0.3344467125672856
2024-09-27,16.959999084472656,65790.6640625,70.2699966430664,0.2491482321382773,0.3381531066774487,0.37269273460096947,0.33788406423931
2024-09-28,,65887.6484375,,0.25010149972050977,0.3381243305109058,,
2024-09-29,,65635.3046875,,0.25642894716153997,0.33798699725744397,,
2024-09-30,16.729999542236328,63329.5,69.91999816894531,0.352249783677398,0.356350866243077,0.30728739153006873,0.33631663257903116
2024-10-01,19.260000228881836,60837.0078125,72.11000061035156,0.4045216969973213,0.3667357646515401,0.3791122987226493,0.34314187541112384
2024-10-02,18.899999618530273,60632.78515625,72.76000213623047,0.39844301320750186,0.35671031907640255,0.3790361866778931,0.34369918146517003
2024-10-03,20.489999771118164,60759.40234375,75.7300033569336,0.3111767759843278,0.345414518246518,0.44494995479632526,0.3598579946835822
2024-10-04,19.209999084472656,62067.4765625,76.3499984741211,0.34855605841244724,0.3493715628096882,0.3934579574993193,0.3586664420844645
2024-10-05,,62089.94921875,,0.34730618826829085,0.3342754628428974,,
2024-10-06,,62818.953125,,0.36787459893732194,0.3083865943732005,,
2024-10-07,22.639999389648438,62236.66015625,79.19999694824219,0.3081892230782731,0.3111790696584242,0.2710460393530109,0.3663563351460237
2024-10-08,21.420000076293945,62131.96875,75.79000091552734,0.16291399140029744,0.3106924567611573,0.46662113549150774,0.3784036979063215
2024-10-09,20.860000610351562,60582.1015625,75.25,0.23563727626755812,0.30388023710198747,0.46991612065010996,0.3756754285181508
2024-10-10,20.93000030517578,60274.5,77.7699966430664,0.23674759574591475,0.30333339477271937,0.4740276111140308,0.38594323761366073
2024-10-11,20.459999084472656,62445.08984375,77.48999786376953,0.2995449269889193,0.3179817784159295,0.4824786097613037,0.3832286379276034
2024-10-12,,63193.0234375,,0.3066523951907279,0.3175282532493494,,
2024-10-13,,62851.375,,0.3023349868900133,0.29658583146300815,,
2024-10-14,19.700000762939453,66046.125,75.93000030517578,0.4121099623455288,0.3260187630161483,0.4536963746716596,0.376194556756319
2024-10-15,20.639999389648438,67041.109375,72.76000213623047,0.4069217421048039,0.3236348380821321,0.514119990481154,0.37419961653055017
2024-10-16,19.579999923706055,67612.71875,72.4000015258789,0.3227646922019312,0.3176051294442874,0.4163550997038537,0.368932383832337
2024-10-17,19.110000610351562,67399.8359375,72.62000274658203,0.31769800320967156,0.3046554050045701,0.3623836138101552,0.3688866319314584
2024-10-18,18.030000686645508,68418.7890625,71.37999725341797,0.28748196227615175,0.30166822424833983,0.3687040598054964,0.3702128529330959
2024-10-19,,68362.734375,,0.2994998245737607,0.29739561882299526,,
2024-10-20,,69001.703125,,0.27731947650894173,0.29798509392282274,,
2024-10-21,18.3700008392334,67367.8515625,72.26000213623047,0.21844314140522156,0.30800381567969,0.28212445721446394,0.37143970562257894
2024-10-22,18.200000762939453,67361.40625,73.9800033569336,0.2013622751398409,0.3080046831805185,0.3493736553561191,0.361410758884767
2024-10-23,19.239999771118164,66432.1953125,73.55000305175781,0.20951778877852997,0.3107936750362121,0.33602887067672366,0.361191088569294
2024-10-24,19.079999923706055,68161.0546875,73.05999755859375,0.26889991104452954,0.3162123414645475,0.21678052497340536,0.3528133305912761
2024-10-25,20.329999923706055,66642.4140625,74.2300033569336,0.2842163483546169,0.3188562469022314,0.2300544940564824,0.35513451427300896
2024-10-26,,67014.6953125,,0.2895277945511946,0.30625352880841916,,
2024-10-27,,67929.296875,,0.2980208923508138,0.30750832633860237,,
2024-10-28,19.799999237060547,69907.7578125,70.43000030517578,0.30425304479548476,0.3177815126359103,0.4020457497548398,0.3851177469537987
2024-10-29,19.34000015258789,72720.4921875,69.66000366210938,0.36191227547873933,0.3351877030238417,0.3953436689732826,0.3847241601289888
2024-10-30,20.350000381469727,72339.5390625,71.36000061035156,0.3400775924593362,0.31527032379733194,0.421076692041729,0.3889885291391994
2024-10-31,23.15999984741211,70215.1875,73.08000183105469,0.4043479887453171,0.3037713653228605,0.42183700425329895,0.38575699179943534
2024-11-01,21.8799991607666,69482.46875,72.0199966430664,0.37634464733487505,0.30612463480746127,0.4287881003179969,0.3881174947327383
2024-11-02,,69289.2734375,,0.3800301262882191,0.30678880615258713,,
2024-11-03,,68741.1171875,,0.38104159967957757,0.30447136769316935,,
2024-11-04,21.979999542236328,67811.5078125,74.29000091552734,0.33711600992955715,0.3083552535799273,0.4728353966527349,0.39767045148397845
2024-11-05,20.489999771118164,69359.5625,74.7300033569336,0.24863518576018506,0.3126265721364267,0.4647741322371459,0.395988521865151
2024-11-06,16.270000457763672,75639.078125,74.54000091552734,0.6145267833347002,0.3925283614383378,0.2942410221833292,0.38865777824745035
2024-11-07,15.199999809265137,75904.859375,74.66000366210938,0.5624565029559264,0.39187558958600394,0.2683235830252828,0.37317658088934985
2024-11-08,14.9399995803833,76545.4765625,73.12999725341797,0.5430412924014713,0.3800026681881719,0.30086061393175084,0.3762020514227433
2024-11-09,,76778.8671875,,0.536639750803044,0.37833323298012583,,
2024-11-10,,80474.1875,,0.5406864096419722,0.387028935318966,,
2024-11-11,14.970000267028809,88701.484375,70.94000244140625,0.6315204493551181,0.46500213679201985,0.32072980663397854,0.3868079125252808
2024-11-12,14.710000038146973,87955.8125,70.69000244140625,0.6889015835552318,0.4660275640485262,0.3123721144568703,0.3759236743340575
2024-11-13,14.020000457763672,90584.1640625,70.7300033569336,0.5822179304579728,0.4551451370756196,0.20888491950755675,0.3748830830512655
2024-11-14,14.3100004196167,87250.4296875,71.29000091552734,0.6900334345642917,0.47564116865366063,0.2143062174949075,0.35483155997923616
2024-11-15,16.139999389648438,91066.0078125,69.75,0.6967963308890653,0.4857464060303193,0.2290411161865688,0.35805753799795154
2024-11-16,,90558.4765625,,0.7099264455883504,0.4863671165781741,,
2024-11-17,,89845.8515625,,0.7102694038345565,0.4887801543415315,,
2024-11-18,15.579999923706055,90542.640625,72.06999969482422,0.42345310613611326,0.48790264065945393,0.3430363410530565,0.3542751477007384
2024-11-19,16.350000381469727,92343.7890625,72.30999755859375,0.42535473270657054,0.48882013094590077,0.3267484995905369,0.3334831659871078
2024-11-20,17.15999984741211,94339.4921875,72.0199966430664,0.40991980423688756,0.47924720368410795,0.26239300244625013,0.33313658141377933
2024-11-21,16.8700008392334,98504.7265625,73.19999694824219,0.3301003772330863,0.48673246698032785,0.2709565433154133,0.3211105796912801
2024-11-22,15.239999771118164,98997.6640625,74.25,0.2820229578522314,0.48082022887981635,0.27382447027131335,0.3244393243054323
2024-11-23,,97777.28125,,0.30205673055939775,0.4849461350621659,,
2024-11-24,,98013.8203125,,0.2805859527329191,0.4747806066930964,,
2024-11-25,14.600000381469727,93102.296875,72.0999984741211,0.47748327577802535,0.5098105131579264,0.3483718799593231,0.32987198755871927
2024-11-26,14.100000381469727,91985.3203125,71.61000061035156,0.47157766419875213,0.5140686635296584,0.3164220971038114,0.3076304885279357
2024-11-27,14.100000381469727,95962.53125,71.72000122070312,0.5261007874326638,0.5198348273038585,0.2412636591606348,0.3073619590494658
2024-11-28,,95652.46875,,0.44202792608715286,0.5139096221028348,,
2024-11-29,13.510000228881836,97461.5234375,71.61000061035156,0.4613011838586338,0.5127748566164106,0.23969979166588654,0.30723771453657944
2024-11-30,,96449.0546875,,0.45963224133285996,0.502705975337836,,
2024-12-01,,97279.7890625,,0.46356141242766247,0.498783062416324,,
2024-12-02,13.34000015258789,95865.3046875,71.04000091552734,0.328790491227046,0.5028451972743516,0.24273417448904366,0.30402796887673095
2024-12-03,13.300000190734863,96002.1640625,73.04000091552734,0.31022674347201057,0.5005349665229984,0.28624562287995375,0.3129246978639697
2024-12-04,13.449999809265137,98768.53125,71.87999725341797,0.24669929367744034,0.49728649667989266,0.27922560746047687,0.3084009422962557
2024-12-05,13.539999961853027,96593.5703125,71.47000122070312,0.29266643097743816,0.5063206933582866,0.22281391687683866,0.30838570715951696
2024-12-06,12.770000457763672,99920.7109375,70.23999786376953,0.3404787111424032,0.4586694422643809,0.24181052326483932,0.31163435136506523
2024-12-07,,99923.3359375,,0.3279595892616269,0.45916089042962666,,
2024-12-08,,101236.015625,,0.33106178852830925,0.45929158353809296,,
2024-12-09,14.1899995803833,97432.71875,71.16999816894531,0.41247175774577693,0.4793848942034227,0.25985867609876684,0.31040999040610584
2024-12-10,14.180000305175781,96675.4296875,71.4000015258789,0.41700080935469236,0.466724664792115,0.261006644223706,0.2719656994311714
2024-12-11,13.579999923706055,101173.03125,73.33000183105469,0.4729304109787904,0.3977398841330271,0.29949922430543835,0.2801146543090961
2024-12-12,13.920000076293945,100043.0,73.20999908447266,0.4519094365370032,0.3986030514873866,0.250889002455293,0.2719539479273774
2024-12-13,13.8100004196167,101459.2578125,74.20999908447266,0.4127238399057087,0.39261539866491657,0.2320846353499356,0.26585876654371576
2024-12-14,,101372.96875,,0.4129498263282693,0.3730139152034005,,
2024-12-15,,104298.6953125,,0.43964637452308764,0.3625490996350633,,
2024-12-16,14.6899995803833,106029.71875,73.69999694824219,0.32482869804370024,0.36283749137046767,0.2343706375442504,0.2629837129820934
2024-12-17,15.869999885559082,106140.6015625,73.30000305175781,0.3058672155369217,0.36093991795483854,0.1960817820273221,0.2469148523157256
2024-12-18,27.6200008392334,100041.5390625,72.94000244140625,0.4531967385085943,0.4066386152600508,0.1988388340254147,0.24652694388278268
2024-12-19,24.09000015258789,97490.953125,72.61000061035156,0.4741878515297591,0.4120800587217176,0.2047699379192915,0.24672308254579242
2024-12-20,18.360000610351562,97755.9296875,73.0999984741211,0.46105839741218485,0.4079056403851788,0.12207503295760312,0.24759944279258542
2024-12-21,,97224.7265625,,0.4600140580619273,0.3882544862985384,,
2024-12-22,,95104.9375,,0.3967428032067044,0.39285003782455064,,
2024-12-23,16.780000686645508,94686.2421875,73.05999755859375,0.3480163889495652,0.3915744580153437,0.12179506511081101,0.24030548511818894
2024-12-24,14.270000457763672,98676.09375,73.6500015258789,0.4873716781908501,0.41032765866244303,0.09707800554184635,0.22371818485447062
2024-12-25,,99299.1953125,,0.35167732391030876,0.38020674103241786,,
2024-12-26,14.729999542236328,95795.515625,73.12999725341797,0.38515606471390307,0.39399192155665264,0.09755585367097243,0.22462011345665253
2024-12-27,15.949999809265137,94164.859375,73.8499984741211,0.39224752628561305,0.3776176967451287,0.11114449953701697,0.2259883141895396
2024-12-28,,95163.9296875,,0.4036582465583756,0.3789036820977762,,
2024-12-29,,93530.2265625,,0.3952284427358902,0.377676783039631,,
2024-12-30,17.399999618530273,92643.2109375,74.81999969482422,0.39751640972499,0.3774953347181163,0.12239480321738548,0.22776712403193045
2024-12-31,17.350000381469727,93429.203125,75.55000305175781,0.27278324305276774,0.37746628716429464,0.11178438238786804,0.21779017626317465
2025-01-01,,94419.7578125,,0.28301444362128164,0.37681381674582787,,
2025-01-02,17.93000030517578,96886.875,76.93000030517578,0.2613588971244041,0.38444092187087187,0.13519717482966206,0.20339974000724972
2025-01-03,16.1299991607666,98107.4296875,77.91999816894531,0.2306226513394787,0.3770347453118342,0.12591584719039858,0.2057028560870125
2025-01-04,,98236.2265625,,0.22938453585965968,0.37120399879209304,,
2025-01-05,,98314.9609375,,0.17655840312133533,0.3575455428362752,,
2025-01-06,16.040000915527344,102078.0859375,77.30000305175781,0.2124104520971704,0.3742234147025264,0.16345069446736052,0.20711380378936076
2025-01-07,17.81999969482422,96922.703125,78.16999816894531,0.4508548738064907,0.40185072387773657,0.13112000870877288,0.20463218360559113
2025-01-08,17.700000762939453,95043.5234375,77.30000305175781,0.47172457043491767,0.3904405641724526,0.18052861872196507,0.20489199305716443
2025-01-09,,92484.0390625,,0.4616952952100526,0.397492191901084,,
2025-01-10,19.540000915527344,94701.453125,80.63999938964844,0.48543251192586184,0.37975406932530054,0.2857608626231428,0.21823062854200362
2025-01-11,,94566.59375,,0.48420271556035127,0.3787904427606803,,
2025-01-12,,94488.4375,,0.4834194717566875,0.37579440946016285,,
2025-01-13,19.190000534057617,94516.5234375,82.2300033569336,0.38517053124112194,0.37584953491634043,0.29030705694501985,0.22053064306790957
2025-01-14,18.709999084472656,96534.046875,81.66999816894531,0.2995565363349766,0.3712030833979301,0.3072255837827414,0.2228893332076137
2025-01-15,16.1200008392334,100504.4921875,84.33999633789062,0.351053164484536,0.3878900878889124,0.33973019843884206,0.23657941115645229
2025-01-16,16.600000381469727,99756.90625,82.94000244140625,0.2803995889503208,0.3881349702100946,0.3637034681629211,0.24213444700490855
2025-01-17,15.970000267028809,104462.0390625,82.5199966430664,0.34771347738013514,0.3731572136598762,0.3749720564696976,0.23387410474555842
2025-01-18,,104408.0703125,,0.346058451906746,0.3641885932048888,,
2025-01-19,,101089.609375,,0.4415794501764242,0.37771713554742214,,
2025-01-20,,102016.6640625,,0.4368798687395141,0.37787783525642377,,
2025-01-21,15.0600004196167,106146.265625,81.11000061035156,0.4681752777219613,0.38655931854198766,0.38917242735558855,0.23479653144195178
2025-01-22,15.100000381469727,103653.0703125,80.43000030517578,0.472264286207641,0.3940700782218348,0.3016882240902762,0.23589865842659194
2025-01-23,15.020000457763672,103960.171875,79.20999908447266,0.4653483781050384,0.3770241509637922,0.2764171935980519,0.23436902927149367
2025-01-24,14.850000381469727,104819.484375,79.5999984741211,0.3746130662930291,0.3772692696544983,0.2824513339188835,0.23279042507001826
2025-01-25,,104714.6484375,,0.37467882096309824,0.36011150326937136,,
2025-01-26,,102682.5,,0.3335900543755636,0.3613581346192571,,
2025-01-27,17.899999618530273,102087.6875,77.93000030517578,0.332661203494315,0.3614531894198653,0.14209754856799886,0.24366355689722644
2025-01-28,16.40999984741211,101332.4765625,78.86000061035156,0.18418155522679402,0.35789816240238975,0.19116860880735598,0.23450012631839143
2025-01-29,16.559999465942383,103703.2109375,77.77999877929688,0.21349484253666198,0.3607282280751957,0.19426325071909706,0.23892496541749209
2025-01-30,15.84000015258789,104735.3046875,77.75,0.22136359308217485,0.3609171613404501,0.18847857705891718,0.23649029773128513
2025-01-31,16.43000030517578,102405.0234375,78.0199966430664,0.2539525328331182,0.3681909649835477,0.19538680088242485,0.2351434598160347
2025-02-01,,100655.90625,,0.2660782860030921,0.3658546061105124,,
2025-02-02,,97688.9765625,,0.2944964421587566,0.3750771243500572,,
2025-02-03,18.6200008392334,101405.421875,77.81999969482422,0.39812752259420453,0.3905067689215404,0.1798826178388964,0.23450241864221788
2025-02-04,17.209999084472656,97871.8203125,77.51000213623047,0.4494995660758617,0.40460771636020115,0.1722833516183394,0.2342766360531791
2025-02-05,15.770000457763672,96615.4453125,76.08999633789062,0.40468755444894117,0.3899070346408599,0.1615097381467677,0.24099846082314247
2025-02-06,15.5,96593.296875,75.44999694824219,0.38785474438116235,0.3599478969185417,0.12183753781400035,0.2422256555909289
2025-02-07,16.540000915527344,96529.0859375,75.86000061035156,0.3840972238112582,0.3552027500943579,0.12682995222769214,0.24247806538456543
2025-02-08,,96482.453125,,0.3811379317279634,0.34532019658669416,,
2025-02-09,,96500.09375,,0.34282785896653634,0.3387987106017516,,
2025-02-10,15.8100004196167,97437.5546875,77.4000015258789,0.23290364893696,0.33973894329755694,0.1922665460522676,0.2479445051221562
2025-02-11,16.020000457763672,95747.4296875,78.2699966430664,0.14470128724592615,0.34392662091852083,0.2044108649637224,0.2479516690985091
2025-02-12,15.890000343322754,97885.859375,76.31999969482422,0.19048510750394335,0.3495994060004122,0.2560686914859208,0.2590778792660581
2025-02-13,15.100000381469727,96623.8671875,76.38999938964844,0.2106605238375521,0.34664336677766133,0.25669617485484486,0.25660552090974326
2025-02-14,14.770000457763672,97508.96875,75.81999969482422,0.2173477897047716,0.3263460798106497,0.23498803436617782,0.25624568838708556
2025-02-15,,97580.3515625,,0.2170175812979575,0.3258009540800298,,
2025-02-16,,96175.03125,,0.2379776613136852,0.29610759617012117,,
2025-02-17,,95773.3828125,,0.2274448052369651,0.29605749249590496,,
2025-02-18,15.350000381469727,95539.546875,76.95999908447266,0.20217548074434297,0.282614826104505,0.24343136482581784,0.2544360586338075
2025-02-19,15.270000457763672,96635.609375,77.44999694824219,0.15775081139828526,0.2834620014515178,0.24389729759624215,0.2522975411981375
2025-02-20,15.65999984741211,98333.9375,77.76000213623047,0.17235419018055867,0.26165388555260055,0.21320940838056499,0.25143274668773846
2025-02-21,18.209999084472656,96125.546875,75.3499984741211,0.22023699037487016,0.2609276154601964,0.2691138231238626,0.26491732884256786
2025-02-22,,96577.7578125,,0.2235891829559775,0.2612919509969358,,
2025-02-23,,96273.921875,,0.20543729278904263,0.25932156347905205,,
2025-02-24,18.979999542236328,91418.171875,75.97000122070312,0.3754619376616859,0.29540959533491484,0.23945707001145028,0.2644832234123929
2025-02-25,19.43000030517578,88736.171875,74.12999725341797,0.3977600942891634,0.3013360465044349,0.27744058905528457,0.238720398738868
2025-02-26,19.100000381469727,84347.0234375,73.8499984741211,0.4272968300738109,0.32937610908978104,0.27647177844248416,0.2290716703168774
2025-02-27,21.1299991607666,84704.2265625,75.27999877929688,0.38471145432031695,0.3307776525097333,0.2896447539195769,0.23814187481062332
2025-02-28,19.6299991607666,84373.0078125,75.22000122070312,0.39813593283085846,0.31918624067388357,0.28302382048801344,0.21351718550202844
2025-03-01,,86031.9140625,,0.4419554105345319,0.32471345652374806,,
2025-03-02,,94248.3515625,,0.7885835990029479,0.4272616225320426,,
2025-03-03,22.780000686645508,86065.671875,73.31999969482422,0.9147085327899247,0.4965327082701277,0.30197629402869136,0.21944928127721386
2025-03-04,23.510000228881836,87222.1953125,73.30999755859375,0.9093952749406257,0.4936570894924115,0.25769839030254144,0.2197078236712252
2025-03-05,21.93000030517578,90623.5625,71.41999816894531,0.8667483813562982,0.49432788837922287,0.271451071890132,0.225626809754631
2025-03-06,24.8700008392334,89961.7265625,71.12999725341797,0.8728751852845906,0.48528203799521324,0.2489251214995959,0.22526680885302344
2025-03-07,23.3700008392334,86742.671875,72.08999633789062,0.9133382317312806,0.49424432134459084,0.2749704898404349,0.2282063965705216
2025-03-08,,86154.59375,,0.9081842713202016,0.4942227457367082,,
2025-03-09,,80601.0390625,,0.7176543850977617,0.5264993105956565,,
2025-03-10,27.860000610351562,78532.0,70.88999938964844,0.5417027410414427,0.5293592186622512,0.23174242887142238,0.23022409599791155
2025-03-11,26.920000076293945,82862.2109375,71.44999694824219,0.6644712543306732,0.5574980327934496,0.24904074408028226,0.22663341312770424
2025-03-12,24.229999542236328,83722.359375,72.80000305175781,0.6022202196010102,0.5576528115716365,0.2554817679700107,0.23141065198657312
2025-03-13,24.65999984741211,81066.703125,71.62000274658203,0.6137255328559988,0.562127049685117,0.27117001926570716,0.23257358343271428
2025-03-14,21.770000457763672,83969.1015625,72.27999877929688,0.6569347564375313,0.5689570011826388,0.22637417713482294,0.23503464287170345
2025-03-15,,84343.109375,,0.6588445595817267,0.5691047492077085,,
2025-03-16,,82579.6875,,0.5153021814870187,0.5695526556065063,,
2025-03-17,20.510000228881836,84075.6875,72.70999908447266,0.47569221993583216,0.5733747481011521,0.22344077168366563,0.23567393446925577
2025-03-18,21.700000762939453,82718.5,72.20999908447266,0.3798846664455687,0.5736531879517469,0.21747707682369846,0.23605666150573734
2025-03-19,19.899999618530273,86854.2265625,72.41999816894531,0.4813831282567406,0.5944931019802827,0.18220119321179365,0.2364953650663831
2025-03-20,19.799999237060547,84167.1953125,73.7300033569336,0.4787586234625085,0.600056187142364,0.20256620624846755,0.23840234851486855
2025-03-21,19.280000686645508,84043.2421875,73.79000091552734,0.4310199969889825,0.5982991275285324,0.1761874942350225,0.2373873009670614
2025-03-22,,83832.484375,,0.43011265963023215,0.5946863484616697,,
2025-03-23,,86054.375,,0.43013336987368744,0.5991161395406127,,
2025-03-24,17.479999542236328,87498.9140625,74.87999725341797,0.42866284233353247,0.6015661813385146,0.13509082739614525,0.24097635967100006
2025-03-25,17.149999618530273,87471.703125,74.81999969482422,0.4042999944872755,0.6016282214291852,0.13964652045564974,0.2329104081060493
2025-03-26,18.329999923706055,86900.8828125,75.41999816894531,0.2898558686255723,0.5839295642907835,0.140798080861511,0.23162000795672777
2025-03-27,18.690000534057617,87177.1015625,75.4800033569336,0.1885603774690129,0.5779354716599276,0.11879367902356974,0.22039526685595145
2025-03-28,21.649999618530273,84353.1484375,74.7699966430664,0.2972085023365311,0.566711280771107,0.15216232233476762,0.22193563976388073
2025-03-29,,82597.5859375,,0.32466280845217793,0.5697951156902843,,
2025-03-30,,82334.5234375,,0.25826131847855466,0.5697648428440526,,
2025-03-31,22.280000686645508,82548.9140625,77.33000183105469,0.21612854920553135,0.5666347454945462,0.22544404513463775,0.24269998280639193
2025-04-01,21.770000457763672,85169.171875,77.08000183105469,0.3221766321057475,0.5047607000351452,0.23127842165271842,0.239118581324225
2025-04-02,21.510000228881836,82485.7109375,77.73999786376953,0.3646923112580423,0.440976025770784,0.224678203187129,0.23969763670521155
2025-04-03,30.020000457763672,83102.828125,72.25,0.3707817849298761,0.4395898192023236,0.5124949358705799,0.3151896385708841
2025-04-04,45.310001373291016,83843.8046875,67.91999816894531,0.32980419443860953,0.4244212945300885,0.5977425062438484,0.3476103249144365
2025-04-05,,83504.796875,,0.3006433771292735,0.4242095766149793,,
2025-04-06,,78214.484375,,0.5047515844652274,0.4518224498443179,,
2025-04-07,46.97999954223633,79235.3359375,65.9800033569336,0.5170050310136485,0.4541747434656422,0.5926855547143202,0.35339065430357264
2025-04-08,52.33000183105469,76271.953125,63.34000015258789,0.473638517199945,0.4259896928053749,0.6015152238896142,0.3638786158987481
2025-04-09,33.619998931884766,82573.953125,67.58000183105469,0.7204383515277193,0.48011595963831044,0.7463146053767531,0.4193822652936317
2025-04-10,40.720001220703125,79626.140625,65.31999969482422,0.7491646989646247,0.4660807336533419,0.7430045973369493,0.42324489011258826
2025-04-11,37.560001373291016,83404.8359375,66.45999908447266,0.8117972065178822,0.4852209443662698,0.7602966282339764,0.4278643451505114
2025-04-12,,85287.109375,,0.8226375689991898,0.47957969563527525,,
2025-04-13,,83684.9765625,,0.6979824614704243,0.47234726990121956,,
2025-04-14,30.889999389648438,84542.390625,66.66000366210938,0.6976283627246102,0.47312256923346524,0.6836389927766117,0.42334413933053977
2025-04-15,30.1200008392334,83668.9921875,66.4800033569336,0.6356121811626096,0.4699515186117681,0.5902205860783093,0.4232680104286727
2025-04-16,32.63999938964844,84033.8671875,67.75,0.43549173406124314,0.4671912445153611,0.5706961913548069,0.4221799443150125
2025-04-17,29.649999618530273,84895.75,69.4800033569336,0.34019000934485394,0.46548424113162407,0.4859906382890353,0.4292212647289265
2025-04-18,,84450.8046875,,0.22430400176501403,0.4429439444724058,,
2025-04-19,,85063.4140625,,0.1802190552080865,0.4338975710447591,,
2025-04-20,,85174.3046875,,0.12498049962310058,0.4338706100412799,,
2025-04-21,33.81999969482422,87518.90625,68.62000274658203,0.19211965274268256,0.4405814114594926,0.3285558922489079,0.42847916150761617
2025-04-22,30.56999969482422,93441.890625,69.37000274658203,0.3826857538047599,0.47328749115934254,0.21296387932854297,0.42734224254209136
2025-04-23,28.450000762939453,93699.109375,68.05000305175781,0.38481095579322744,0.4714507060381441,0.2578102955854866,0.4299338981911789
2025-04-24,26.469999313354492,93943.796875,68.45999908447266,0.3918794209435506,0.4713870936559896,0.2582058780471316,0.4262925211364476
2025-04-25,24.84000015258789,94720.5,69.02999877929688,0.37117798551015346,0.47090117651519187,0.2547727755577955,0.42496233714320003
2025-04-26,,94646.9296875,,0.38241811083408583,0.471018383872823,,
2025-04-27,,93754.84375,,0.4037865445853591,0.46036752315518625,,
2025-04-28,25.149999618530273,94978.75,67.76000213623047,0.39277126152421116,0.4551263257341638,0.2696129082193775,0.426795764427624
2025-04-29,24.170000076293945,94284.7890625,65.8499984741211,0.12681633189328287,0.45590474661598135,0.24902213274588803,0.43283667927044306
2025-04-30,24.700000762939453,94207.3125,63.560001373291016,0.12689243835924077,0.45613766679760614,0.29865209339866455,0.4424895342295226
2025-05-01,24.600000381469727,96492.3359375,64.5199966430664,0.1892507110038673,0.45289000036706356,0.312112968047198,0.4455131507052605
2025-05-02,22.68000030517578,96910.0703125,64.01000213623047,0.186862157684638,0.43972202849118563,0.30587223202506797,0.4409346574159303
2025-05-03,,95891.796875,,0.20417496227249493,0.4420749731467794,,
2025-05-04,,94315.9765625,,0.22419426041960047,0.44615461917055,,
2025-05-05,23.639999389648438,94748.0546875,62.369998931884766,0.2103652908935899,0.4455147918589148,0.3014654544276597,0.44489591465318773
2025-05-06,24.760000228881836,96802.4765625,64.5999984741211,0.23914468934058303,0.3958693254716317,0.4089620183006483,0.45707325255850684
2025-05-07,23.549999237060547,97032.3203125,63.5099983215332,0.23733288439555336,0.39569743490028003,0.4076135955629914,0.45831284065135963
2025-05-08,22.479999542236328,103241.4609375,65.5999984741211,0.41425003994428206,0.4033892055464481,0.4490994833862161,0.47000433535454605
2025-05-09,21.899999618530273,102970.8515625,66.61000061035156,0.4200633117771471,0.3470614467643403,0.3828801115352987,0.4732501887897436
2025-05-10,,104696.328125,,0.39893153106866247,0.32215162643705136,,
2025-05-11,,104106.359375,,0.36977144515124366,0.304703339625729,,
2025-05-12,18.389999389648438,102812.953125,67.5999984741211,0.40112636075180647,0.3065864138961293,0.38266751546206856,0.4759384855196283
2025-05-13,18.219999313354492,104169.8125,69.58999633789062,0.39566898713241344,0.2976462859110324,0.3874231569921183,0.47287535844894707
2025-05-14,18.6200008392334,103539.4140625,68.7300033569336,0.4060393089050775,0.2999948848438917,0.3379631296425429,0.47364039331443586
2025-05-15,17.829999923706055,103744.640625,67.58999633789062,0.16906714751148127,0.2959690489836664,0.3433754175706751,0.473737959173415
2025-05-16,17.239999771118164,103489.2890625,68.0999984741211,0.16893774506933237,0.29718955668775066,0.3017502061728577,0.4307530641374364
2025-05-17,,103191.0859375,,0.12721622602200428,0.29836003727759713,,
2025-05-18,,106446.0078125,,0.23161136532168167,0.3044213630488251,,
2025-05-19,18.139999389648438,105606.1796875,68.51000213623047,0.2199252872341121,0.30777992395876264,0.256376028668768,0.39400878499983993
2025-05-20,18.09000015258789,106791.0859375,68.66000366210938,0.21675209624761568,0.3074612544141269,0.24889981187405444,0.3841992937162453
2025-05-21,20.8700008392334,109678.078125,67.58999633789062,0.24314725425705722,0.3071981862765767,0.2620660860365901,0.3673575880441738
2025-05-22,20.280000686645508,111673.28125,67.13999938964844,0.24488634673452828,0.2558980761743126,0.16313856814855726,0.31293633536242677
2025-05-23,22.290000915527344,107287.796875,67.98999786376953,0.3897048748717501,0.2885389867123901,0.1838836162116388,0.29834883094224696
2025-05-24,,107791.15625,,0.38577703978766376,0.2884825278047757,,
2025-05-25,,109035.390625,,0.34899335043275,0.2889918214791144,,
2025-05-26,,109440.3671875,,0.339960808996077,0.28854637816409473,,
2025-05-27,18.959999084472656,108994.640625,67.27999877929688,0.34084072834547086,0.286640248324457,0.16546743554762602,0.2963410093516852
2025-05-28,19.309999465942383,107802.328125,67.88999938964844,0.30345661166217647,0.2892701309023863,0.16883356801690835,0.29729150509622754
2025-05-29,19.18000030517578,105641.7578125,67.19000244140625,0.28096036653827716,0.29609233724637524,0.17119774987169592,0.2988794790506891
2025-05-30,18.56999969482422,103998.5703125,67.1500015258789,0.1858225576592073,0.30118953103269747,0.16863599101656418,0.2936464568090727
2025-05-31,,104638.09375,,0.18899063223779172,0.29492412471419477,,
2025-06-01,,105652.1015625,,0.18280688890403057,0.2955809452947197,,
2025-06-02,18.360000610351562,105881.53125,69.55000305175781,0.18011873782519217,0.292840264048044,0.2637224527429574,0.30274679310894953
2025-06-03,17.690000534057617,105432.46875,69.88999938964844,0.18009629461521653,0.2877070239447956,0.2526057804595287,0.30063756522143453
2025-06-04,17.610000610351562,104731.984375,69.33999633789062,0.17559818900463844,0.28925534985546736,0.25933116220984553,0.3000615590786919
2025-06-05,18.479999542236328,101575.953125,69.93000030517578,0.22070002444277725,0.3000692689443552,0.24269612006739053,0.29533809018870866
2025-06-06,16.770000457763672,104390.34375,71.37999725341797,0.280919390698161,0.309203831477801,0.2591688909924246,0.30051208045834105
2025-06-07,,105615.625,,0.2874410218414985,0.25447310793716676,,
2025-06-08,,105793.6484375,,0.2816793380591452,0.25428178101124455,,
2025-06-09,17.15999984741211,110294.1015625,72.05000305175781,0.3768915562769125,0.2770683261145037,0.22803117734427264,0.3007350028683815
2025-06-10,16.950000762939453,110257.234375,71.5999984741211,0.37320588564443535,0.27626386422597315,0.24130969525052864,0.2957334962261998
2025-06-11,17.260000228881836,108686.625,74.81999969482422,0.3870818003030335,0.27715108793253085,0.28599994459261757,0.3066386079316798
2025-06-12,18.020000457763672,105929.0546875,75.05000305175781,0.3686829260432186,0.2861308386299447,0.2877304421381074,0.28330442628784674
2025-06-13,20.81999969482422,106090.96875,80.22000122070312,0.337122622958162,0.2854479431458436,0.4210853716970828,0.33666526238445255
2025-06-14,,105472.40625,,0.3330532780245238,0.2860703339815151,,
2025-06-15,,105552.0234375,,0.33287978339748237,0.2859276279059912,,
2025-06-16,19.110000610351562,106796.7578125,78.58999633789062,0.19362294719489317,0.28748518884226043,0.488140163494011,0.34345554272329015
2025-06-17,21.600000381469727,104601.1171875,82.30000305175781,0.21260222375928886,0.2797679126892323,0.5209036823505646,0.3480197986306216
2025-06-18,20.139999389648438,104883.328125,82.2699966430664,0.21420989602306834,0.27903913014071197,0.5331714016212613,0.3400060888105295
2025-06-19,,104684.2890625,,0.15834478830351142,0.27696762967869254,,
2025-06-20,20.6200008392334,103309.6015625,83.12000274658203,0.17005175684469065,0.2666922775205563,0.5081065301200548,0.33153391226732926
2025-06-21,,102257.40625,,0.1742641291978874,0.26076871761995435,,
2025-06-22,,100987.140625,,0.17586574844812974,0.23790235743233057,,
2025-06-23,19.829999923706055,105577.7734375,76.41000366210938,0.3451002367855288,0.27297636195930775,0.7642673772617105,0.4142386204208389
2025-06-24,17.479999542236328,106045.6328125,73.0,0.318516928264623,0.2710021616828371,0.8184026422533327,0.43756084763427383
2025-06-25,16.760000228881836,107361.2578125,73.30999755859375,0.32463875699231914,0.27342483527847705,0.6564657054024926,0.4362297732090035
2025-06-26,16.59000015258789,106960.0,73.58999633789062,0.32607392549641934,0.2733897515834339,0.6596424872883603,0.4290352341341338
2025-06-27,16.31999969482422,107088.4296875,73.27999877929688,0.3067203479047441,0.27164902103668537,0.5378844713706267,0.4272761363895764
2025-06-28,,107327.703125,,0.2890967005789285,0.2649809848840233,,
2025-06-29,,108385.5703125,,0.2551743499492124,0.26171256401077864,,
2025-06-30,16.729999542236328,107135.3359375,73.11000061035156,0.1283430112417552,0.2639506581589627,0.5356307549988886,0.42372668676839154
2025-07-01,16.829999923706055,105698.28125,73.93000030517578,0.1566280812217494,0.2657207348883681,0.5374938868220901,0.42420460529387494
2025-07-02,16.639999389648438,108859.3203125,75.58999633789062,0.23136645108835152,0.27908693276377267,0.3345377213317869,0.4278494161896983
2025-07-03,16.3799991607666,109647.9765625,75.19000244140625,0.22931634705467835,0.2792185051914571,0.15686840031516783,0.42861805365907635
2025-07-04,,108034.3359375,,0.2549306458373576,0.28222849772633296,,
2025-07-05,,108231.1796875,,0.25487646167109096,0.26581732745414516,,
2025-07-06,,109232.0703125,,0.2540452458321259,0.25588212283991574,,
2025-07-07,17.790000915527344,108299.8515625,76.4800033569336,0.24825924150678239,0.2556241037397367,0.17486845202846216,0.42652402780787146
2025-07-08,16.809999465942383,108950.2734375,76.95999908447266,0.22510188463814956,0.2560520541170855,0.17413222072855727,0.4252347871709662
2025-07-09,15.9399995803833,111326.5546875,76.93000030517578,0.19039061887168493,0.2339911801011796,0.1655850728207034,0.4248499057425532
2025-07-10,15.779999732971191,115987.203125,75.38999938964844,0.2979316436199794,0.26200850064341197,0.22928515598475763,0.4286609246710816
2025-07-11,16.399999618530273,117516.9921875,77.29000091552734,0.25144627059567887,0.2594758293567791,0.25984712505448654,0.4327982533749053
2025-07-12,,117435.2265625,,0.25614250188361615,0.24552052028489874,,
2025-07-13,,119116.1171875,,0.25588894307154114,0.24740822289439,,
2025-07-14,17.200000762939453,119849.703125,75.62000274658203,0.21768576642829,0.24575489885657678,0.2798285238874125,0.43741497755549874
2025-07-15,17.3799991607666,117777.1875,75.26000213623047,0.28958664612567264,0.25354681103963356,0.2794095080494866,0.43798769288290373
2025-07-16,17.15999984741211,118738.5078125,75.19000244140625,0.2803022770031852,0.25276538973009993,0.25334605326705295,0.4278012003625056
2025-07-17,16.520000457763672,119289.84375,76.16000366210938,0.1703668039043312,0.24203298746593546,0.2656058896567369,0.4287449142934304
2025-07-18,16.40999984741211,118003.2265625,75.93000030517578,0.17714491168061008,0.2460005326909112,0.2656662783437732,0.42788415535713137
2025-07-19,,117939.9765625,,0.17709876152247495,0.24575145387237096,,
2025-07-20,,117300.7890625,,0.1510514967660818,0.24202644582973531,,
2025-07-21,16.649999618530273,117439.5390625,75.58999633789062,0.1422355431448144,0.2383281311537615,0.235419511247768,0.4281880709994314
2025-07-22,16.5,119995.4140625,75.3499984741211,0.1652469076722467,0.2374996144992114,0.15957388912298948,0.4251559588435829
2025-07-23,15.369999885559082,118754.9609375,75.27999877929688,0.1765079536922129,0.21161275851363776,0.09771010279648487,0.42468218758469506
2025-07-24,15.390000343322754,118368.0,76.08999633789062,0.1741842148654232,0.2126244937378334,0.11327194207119173,0.42473878486944266
2025-07-25,14.930000305175781,117635.8828125,74.8499984741211,0.16528929292120428,0.21284601258017244,0.15679172007851458,0.4081429066388211
2025-07-26,,117947.3671875,,0.1663143793194118,0.21187795266299783,,
2025-07-27,,119448.4921875,,0.17652898376725712,0.21350223705210056,,
2025-07-28,15.029999732971191,117924.4765625,77.16999816894531,0.1997557629534605,0.2187709008093327,0.23853554471285277,0.4176818545631584
2025-07-29,15.979999542236328,117922.1484375,79.80000305175781,0.13679604690685362,0.21802033216360764,0.3014479817169157,0.3791168982147732
2025-07-30,15.479999542236328,117831.1875,81.04000091552734,0.12513883689303548,0.21402162994827698,0.29244801688516353,0.3765655316136371
2025-07-31,16.719999313354492,115758.203125,79.58999633789062,0.16070979305705882,0.217225667373043,0.33133581826956987,0.3542078386730346
2025-08-01,20.3799991607666,113320.0859375,77.45999908447266,0.19453197092082394,0.21332126703186638,0.39148867288036643,0.3620570131458678
2025-08-02,,112526.9140625,,0.18634294228120274,0.21390296078788393,,
2025-08-03,,114217.671875,,0.196460045939978,0.21230741346584936,,
2025-08-04,17.520000457763672,115071.8828125,76.11000061035156,0.20600062428009958,0.21292566150989226,0.4082668760357165,0.362946652408656
2025-08-05,17.850000381469727,114141.4453125,75.0199966430664,0.2059881929871568,0.2137800268368588,0.40505019184912144,0.2805219820543999
2025-08-06,16.770000457763672,115028.0,73.79000091552734,0.21866237248400652,0.21234727632359507,0.35203002254244553,0.25242217163829134
2025-08-07,16.56999969482422,117496.8984375,73.41999816894531,0.23593965497357713,0.21931467429880772,0.21626458937188528,0.2526484565500917
2025-08-08,15.149999618530273,116688.7265625,73.30000305175781,0.18660453522476234,0.213257005551615,0.1342266192983587,0.25245865030938025
2025-08-09,,116500.359375,,0.17544813744270582,0.17754065326708435,,
2025-08-10,,119306.7578125,,0.20263786538270726,0.18679369730178946,,
2025-08-11,16.25,118731.4453125,73.80000305175781,0.21267922516870505,0.18740860866726122,0.17987076302823596,0.252887588502118
2025-08-12,14.729999542236328,120172.90625,72.94999694824219,0.19634633497983814,0.18613056314509674,0.14184972295215242,0.2551290277572824
2025-08-13,14.489999771118164,123344.0625,72.45999908447266,0.22628670733857753,0.19998861421241992,0.12734677760175467,0.2535992299329036
2025-08-14,14.829999923706055,118359.578125,73.73999786376953,0.3642039113692752,0.2288444408729785,0.18246444273529588,0.25018198348046655
2025-08-15,15.09000015258789,117398.3515625,72.80000305175781,0.36542713684756906,0.228786125053797,0.17170674389131696,0.2522937793783542
2025-08-16,,117491.3515625,,0.3650257206553928,0.2283254898431815,,
2025-08-17,,117453.0625,,0.32925636301455824,0.22621249798994736,,
2025-08-18,14.989999771118164,116252.3125,73.16999816894531,0.3326604792783349,0.22810813006940417,0.17462245858319547,0.24713617474356614
2025-08-19,15.569999694824219,112831.1796875,72.30000305175781,0.34763298601640225,0.24321365581510757,0.18791574456988128,0.2478678188422104
2025-08-20,15.6899995803833,114274.7421875,73.5199966430664,0.296632705640535,0.24650785665418937,0.2152100727243301,0.25379892207312155
2025-08-21,16.600000381469727,112419.03125,74.12999725341797,0.21649121666922444,0.24093880058204367,0.20506660909308366,0.24895841571990876
2025-08-22,14.220000267028809,116874.0859375,74.63999938964844,0.3511442816300461,0.26720099845402606,0.19578952384386294,0.23797878070286993
2025-08-23,,115374.328125,,0.358354949864467,0.2695125956029836,,
2025-08-24,,113458.4296875,,0.36741080023285555,0.27303950670249705,,
2025-08-25,14.789999961853027,110124.3515625,75.75,0.39687297404996674,0.285016949548513,0.1883623282990567,0.23405481266599262
2025-08-26,14.619999885559082,111802.65625,74.05000305175781,0.3830597558940869,0.28623331718387324,0.22897337649409666,0.24273538991492294
2025-08-27,14.850000381469727,111222.0625,74.68000030517578,0.3703912149814737,0.28461892165931924,0.2314889603933222,0.24410293271506528
2025-08-28,14.430000305175781,112544.8046875,75.23999786376953,0.3690438744962603,0.28737317523187256,0.2069948383478356,0.24209421287349062
2025-08-29,15.359999656677246,108410.8359375,74.83999633789062,0.3125425290270426,0.3055617631532006,0.19975379244080346,0.24241026151972067
2025-08-30,,108808.0703125,,0.3233265209730154,0.3027329207803171,,
2025-08-31,,108236.7109375,,0.3181334625460632,0.29740679574320994,,
2025-09-01,,109250.59375,,0.2836108860819531,0.29855439136787654,,
2025-09-02,17.170000076293945,111200.5859375,76.76000213623047,0.29013443353331225,0.2999450887084036,0.24297047515978948,0.25345270236446155
2025-09-03,16.350000381469727,111723.2109375,74.83000183105469,0.28985598228583026,0.2993837504073709,0.3019049482798899,0.2640961280078626
2025-09-04,15.300000190734863,110723.6015625,74.18000030517578,0.2829536870810887,0.2995742017222697,0.28761701380380555,0.26526282900787707
2025-09-05,15.180000305175781,110650.984375,72.62999725341797,0.14264137203352978,0.29842926221586846,0.2833076822220259,0.26956676151676184
2025-09-06,,110224.6953125,,0.14804216293023442,0.2907303885187556,,
2025-09-07,,111167.6171875,,0.14324953639465018,0.2919633270854083,,
2025-09-08,15.109999656677246,112071.4296875,73.04000091552734,0.14144715397060123,0.2933173381399777,0.27907184423157194,0.26652214354964954
2025-09-09,15.039999961853027,111530.546875,73.38999938964844,0.10812671590256219,0.28360903161878465,0.2752270372858409,0.2497537077129383
2025-09-10,15.350000381469727,113955.359375,74.70999908447266,0.16703917194585652,0.29168213288023515,0.3026363743721148,0.23363556447949713
2025-09-11,14.710000038146973,115507.5390625,73.0,0.15430460366828094,0.29229729365286616,0.26726985168652245,0.23498189931224622
2025-09-12,14.760000228881836,116101.578125,73.30999755859375,0.14751068175185197,0.28136238421933896,0.24042568544653628,0.2318322332869119
2025-09-13,,115950.5078125,,0.14031958291561833,0.2556000115154712,,
2025-09-14,,115407.65625,,0.15667881586426904,0.25491701362088603,,
2025-09-15,15.6899995803833,115444.875,74.2300033569336,0.15788743684302092,0.2548988504821528,0.25217069545986814,0.22414746492412777
2025-09-16,16.360000610351562,116843.1875,75.66999816894531,0.1493918363826332,0.25751440767451506,0.2249940256285297,0.22655283654888855
2025-09-17,15.720000267028809,116468.5078125,74.97000122070312,0.1160139028169442,0.2559152107740847,0.24291124943423495,0.22425079051740104
2025-09-18,15.699999809265137,117137.203125,74.69000244140625,0.09394575272941241,0.24003941628035033,0.24685370675225826,0.21911394938293915
2025-09-19,15.449999809265137,115688.859375,73.5199966430664,0.12378832412881616,0.24067015841335643,0.24135946813187847,0.22357055690688818
2025-09-20,,115721.9609375,,0.12372759379687163,0.23536031764333432,,
2025-09-21,,115306.09375,,0.12225657417439058,0.20633043242058283,,
2025-09-22,16.100000381469727,112748.5078125,73.44999694824219,0.1809064376559025,0.21305892906266882,0.1934971692750902,0.22353220949386576
2025-09-23,16.639999389648438,112014.5,75.05000305175781,0.1452404147342836,0.20840865447715504,0.23104358453842708,0.23146978051987643
2025-09-24,16.18000030517578,113328.6328125,76.38999938964844,0.18050239792125644,0.19155972810209063,0.24176583051095976,0.2336823034201197
2025-09-25,16.739999771118164,109049.2890625,76.98999786376953,0.25923176078658877,0.21826633517054156,0.22025953779165525,0.23296811373323673
2025-09-26,15.289999961853027,109712.828125,77.0199966430664,0.2758263000027184,0.21874744693696882,0.20566788304558262,0.22828976215549523
2025-09-27,,109681.9453125,,0.275166941271877,0.21563464339861035,,
2025-09-28,,112122.640625,,0.3287166085757409,0.19596286106130992,,
2025-09-29,16.1200008392334,114400.3828125,74.58999633789062,0.3276341708381571,0.20347112193123754,0.29676274496641397,0.2444559597419004
2025-09-30,16.280000686645508,114056.0859375,73.75,0.32441623864737723,0.20290823819354487,0.28807483496802877,0.24662052475936314
2025-10-01,16.290000915527344,118648.9296875,73.13999938964844,0.3928373102106193,0.22974223913291825,0.29302334023339727,0.24527529518441993
2025-10-02,16.6299991607666,120681.2578125,71.54000091552734,0.23495048838113905,0.2293512420293907,0.27003347723365534,0.24848859448410235
2025-10-03,16.649999618530273,122266.53125,71.70999908447266,0.2280839879707104,0.2312452358764209,0.22276598787375418,0.24719611142800219
2025-10-04,,122425.4296875,,0.22365238592404904,0.22851498581384067,,
2025-10-05,,123513.4765625,,0.22200062266940365,0.2287276921084007,,
2025-10-06,16.3700008392334,124752.53125,72.87000274658203,0.2182364904778176,0.22828792923334024,0.2526532800512808,0.2512032694170804
2025-10-07,17.239999771118164,121451.3828125,73.19999694824219,0.3143203737755253,0.24475970338380412,0.2593620300150027,0.24739966890912485
2025-10-08,16.299999237060547,123354.8671875,73.52999877929688,0.24103596246421252,0.2470646518258958,0.20023879419154228,0.23932281565710264
2025-10-09,16.43000030517578,121705.5859375,72.51000213623047,0.24948334605791941,0.2507381275472016,0.20585744029733577,0.24109130319683883
2025-10-10,21.65999984741211,113214.3671875,69.38999938964844,0.48958724023171923,0.32633730602352107,0.3211918523064591,0.2687394954334332
2025-10-11,,110807.8828125,,0.4846311384522731,0.3292861075333024,,
2025-10-12,,115169.765625,,0.5696325085026465,0.34876231839937366,,
2025-10-13,19.030000686645508,115271.078125,70.27999877929688,0.5587414526194184,0.3487634531682125,0.3225901400693738,0.2722407970672724
2025-10-14,20.809999465942383,113118.6640625,69.0,0.551439416253007,0.35274026646042383,0.3333804832727566,0.263123630135547
2025-10-15,20.639999389648438,110783.1640625,68.98999786376953,0.5226801823315327,0.35753472330751207,0.3021484397406021,0.25503385583708515
2025-10-16,25.309999465942383,108186.0390625,67.80999755859375,0.5247398383882279,0.3608840089984632,0.29334374145977504,0.25793582767437007
2025-10-17,20.780000686645508,106467.7890625,67.9800033569336,0.35634636108422274,0.36298311073263256,0.28919753745058197,0.2525786772473105
2025-10-18,,107198.265625,,0.3544397689515244,0.3632295392799329,,
2025-10-19,,108666.7109375,,0.2389672811905145,0.3651582030781294,,
2025-10-20,18.229999542236328,110588.9296875,67.83000183105469,0.2827333018855499,0.36952812259265827,0.292786693849645,0.25151490517024083
2025-10-21,17.8700008392334,108476.890625,68.2699966430664,0.2835766841445563,0.3730764303123157,0.18400408190309567,0.2519801355660231
2025-10-22,18.600000381469727,107688.5859375,70.62999725341797,0.26474028485878537,0.36843624839655026,0.2800649553107204,0.26766727958319797
2025-10-23,17.299999237060547,110069.7265625,73.29000091552734,0.2637595245634785,0.37423629395700886,0.3184216845714092,0.28315934854956
2025-10-24,16.3700008392334,111033.921875,73.18000030517578,0.23066408465291524,0.373496096618947,0.3201251503988825,0.2829507225146638
2025-10-25,,111641.7265625,,0.23060188679645055,0.35615278802180195,,
2025-10-26,,114472.4453125,,0.25569168863825475,0.3627817938228437,,
2025-10-27,15.789999961853027,114119.328125,73.12000274658203,0.25138654500981467,0.3629871655327358,0.2771739057486699,0.28047928456560023
2025-10-28,16.420000076293945,112956.1640625,71.38999938964844,0.21929044842134732,0.3590297785154133,0.3464779149004105,0.281892045903551
2025-10-29,16.920000076293945,110055.3046875,71.80000305175781,0.28507986248134026,0.3617335730547927,0.3406292135857683,0.28179157179683817
2025-10-30,16.90999984741211,108305.546875,71.70999908447266,0.2706256897557501,0.3642296793477509,0.3455419655647583,0.2816959864236896
2025-10-31,17.440000534057617,109556.1640625,72.55999755859375,0.27580579131776245,0.3452522803640626,0.2929937433280349,0.28070905492254633
2025-11-01,,110064.015625,,0.2749130336106413,0.3409741214004773,,
2025-11-02,,110639.625,,0.21129128929620966,0.33850267530963746,,
2025-11-03,17.170000076293945,106547.5234375,72.73999786376953,0.2873598448826497,0.352440740911576,0.17588997977266782,0.2808146233918536
2025-11-04,19.0,101590.5234375,71.93000030517578,0.366460983049079,0.3711960941254745,0.18618875805632407,0.27458796442782657
2025-11-05,18.010000228881836,103891.8359375,71.02999877929688,0.417718639736486,0.3776796760666456,0.19503095348913316,0.2702808397901109
2025-11-06,19.5,101301.2890625,70.87999725341797,0.4284751873538974,0.37695940474990874,0.13889833460445042,0.2685711115887093
2025-11-07,19.079999923706055,103372.40625,71.26000213623047,0.4492491998686601,0.37952940006232405,0.13813749936940511,0.2694393687134376
2025-11-08,,102282.1171875,,0.44004576236611304,0.37912434429581343,,
2025-11-09,,104719.640625,,0.4794907481403274,0.3318116354926738,,
2025-11-10,17.600000381469727,105996.59375,71.68000030517578,0.4409204325269665,0.32947768759113805,0.14420849694452556,0.2558057891700341
2025-11-11,17.280000686645508,102997.46875,72.72000122070312,0.3642976590386371,0.31578076493726753,0.1539467181097742,0.25789318695557384
2025-11-12,17.510000228881836,101663.1875,69.79000091552734,0.34218879745290937,0.3165934283280866,0.2862220545989237,0.2820186754157334
2025-11-13,20.0,99697.4921875,69.8499984741211,0.32805103223465326,0.31687123297469133,0.28580030022545694,0.2752984634141441
2025-11-14,19.829999923706055,94397.7890625,71.37999725341797,0.409591634467909,0.34605198860462333,0.31596692097291396,0.2828774791510944
2025-11-15,,95549.1484375,,0.43690422754298164,0.3450948559266108,,
2025-11-16,,94177.078125,,0.3696484767034173,0.34466163254062115,,
2025-11-17,22.3799991607666,92093.875,71.30000305175781,0.316911326605115,0.347002460525436,0.31562921332692195,0.27869375506189836
2025-11-18,24.690000534057617,92948.875,72.5,0.3532676829851113,0.34518804691798743,0.32945844972530836,0.282900598304229
2025-11-19,23.65999984741211,91465.9921875,70.87999725341797,0.35315131187982324,0.3396478014246655,0.3599545792473137,0.289669575981849
2025-11-20,26.420000076293945,86631.8984375,70.1500015258789,0.4256464310992286,0.3654363799105748,0.34440418431277875,0.2884791771973655
2025-11-21,23.43000030517578,85090.6875,69.30000305175781,0.35091710153036904,0.3666883018704841,0.2519645483230467,0.26198629501300497
2025-11-22,,84648.359375,,0.30775881219965145,0.35585434937826627,,
2025-11-23,,86805.0078125,,0.4008608059158001,0.36591499016296886,,
2025-11-24,20.520000457763672,88270.5625,70.41999816894531,0.4248835879982662,0.37100242757274876,0.2723507681476467,0.2635690831712695
2025-11-25,18.559999465942383,87341.890625,69.25,0.41133613433492366,0.3577051355096296,0.24674329534432052,0.2626379278807163
2025-11-26,17.190000534057617,90518.3671875,70.04000091552734,0.48425976778625096,0.3802692012443149,0.26417687002001095,0.26461286232528924
2025-11-27,,91285.375,,0.31287379017286404,0.38303761301411093,,
2025-11-28,16.350000381469727,90919.265625,71.06999969482422,0.2740859400359348,0.3788808676235439,0.2579065770374669,0.262128528768231
2025-11-29,,90851.7578125,,0.26520257323016133,0.3780834687124343,,
2025-11-30,,90394.3125,,0.2549107948924983,0.37451481662562475,,
2025-12-01,17.239999771118164,86321.5703125,71.05999755859375,0.3864341415995511,0.3900631150818776,0.218351480170107,0.2621698600323495
2025-12-02,16.59000015258789,91350.203125,70.19999694824219,0.5198013486742101,0.43155736295301117,0.22231015080005317,0.2649755017327846
2025-12-03,16.079999923706055,93527.8046875,70.66000366210938,0.4955489239345519,0.42945666319893167,0.20658199647710004,0.2649868526377577
2025-12-04,15.779999732971191,92141.625,71.38999938964844,0.5077775701101439,0.410862188794775,0.19334401997765505,0.2472476889203897
2025-12-05,15.40999984741211,89387.7578125,71.91999816894531,0.5427896700392478,0.41068180735117765,0.14337695636764045,0.2219679358627697
2025-12-06,,89272.375,,0.5427281323641945,0.4062685529035023,,
2025-12-07,,90405.640625,,0.549556370443401,0.40286763720699015,,
2025-12-08,16.65999984741211,90640.203125,70.48999786376953,0.44579028274320637,0.4029364464011554,0.20039051130683133,0.22894813857242827
2025-12-09,16.93000030517578,92691.7109375,69.86000061035156,0.313276798922217,0.40225387566175974,0.18173668982396135,0.23005372003309427
2025-12-10,15.770000457763672,92020.9453125,70.54000091552734,0.27702062921266135,0.3993885356464018,0.1959774609716599,0.22222277804031412
2025-12-11,14.850000381469727,92511.3359375,69.25,0.2646679329839748,0.39376259565176985,0.2134510738910745,0.22739466149389115
2025-12-12,15.739999771118164,90270.4140625,68.80999755859375,0.2369623829098355,0.39754779421123876,0.20598613057150333,0.22790355027025408
2025-12-13,,90298.7109375,,0.23639059109201477,0.39494862560811544,,
2025-12-14,,88175.1796875,,0.26461794481437234,0.36942065714268296,,
2025-12-15,16.5,86419.78125,67.88999938964844,0.27717767444405017,0.37031621287644634,0.18627363321204388,0.22700086990688995
2025-12-16,16.479999542236328,87843.984375,66.16999816894531,0.25167182832220797,0.37303533162587627,0.1826884839608659,0.23623446345303473
2025-12-17,17.6200008392334,86143.7578125,67.9800033569336,0.2614291748901701,0.3718044508085726,0.28554415404537603,0.2506737853192067
2025-12-18,16.8700008392334,85462.5078125,67.19000244140625,0.24136025040051642,0.37053201268280433,0.2875343826538155,0.2503547400302668
2025-12-19,14.90999984741211,88103.3828125,68.02999877929688,0.3256433887653407,0.3804348444456468,0.294063523777091,0.25372115967939257
2025-12-20,,88344.0,,0.32714035842939454,0.3456446136071332,,
2025-12-21,,88621.75,,0.29388672306188635,0.34115673092341225,,
2025-12-22,14.079999923706055,88490.015625,69.7300033569336,0.25742862147664686,0.34070421240565824,0.32504048089166093,0.26431673297275504
2025-12-23,14.0,87414.0,70.30000305175781,0.2540714381441236,0.33531521869577097,0.32260250861171624,0.2648847818946036
2025-12-24,13.470000267028809,87611.9609375,70.19999694824219,0.21714969036908877,0.3317271540952834,0.3042030560620249,0.261030294558347
2025-12-25,,87234.7421875,,0.2108893805312249,0.33052754382132793,,
2025-12-26,13.600000381469727,87301.4296875,68.4800033569336,0.08732335370081148,0.31270719452862283,0.30073828517738543,0.24384563861373987
2025-12-27,,87802.15625,,0.0946643406804231,0.3120772655849098,,
2025-12-28,,87835.8359375,,0.09113001765120754,0.3120044306634798,,
2025-12-29,14.199999809265137,87138.140625,69.61000061035156,0.09968416313911428,0.31262584720597286,0.2727030590430551,0.24877727330108165
2025-12-30,14.329999923706055,88430.1328125,69.73999786376953,0.115625397603625,0.31584901229168905,0.25251617060620957,0.2400757265049542
2025-12-31,14.949999809265137,87508.828125,69.16000366210938,0.13621391284568762,0.28693319573740905,0.25889214815497436,0.24109839182077872
2026-01-01,,88731.984375,,0.15535545274307325,0.23654925881552508,,
2026-01-02,14.510000228881836,89944.6953125,68.95999908447266,0.1680755745271034,0.22920959529818488,0.2055981648711583,0.23519623604123574
2026-01-03,,90603.1875,,0.1689131341361583,0.22676378403685357,,
2026-01-04,,91413.4921875,,0.16795458972808397,0.2098732318505811,,
2026-01-05,14.899999618530273,93882.5546875,70.22000122070312,0.17772869030604188,0.2227456696352437,0.23271674621820324,0.23346038686785758
2026-01-06,14.75,93729.03125,68.51000213623047,0.18875350613427033,0.22048360737478911,0.27511630367915785,0.2421308801841503
2026-01-07,15.380000114440918,91308.0546875,67.79000091552734,0.2631847881198339,0.23423787010300012,0.24056699820941602,0.241514896234519
2026-01-08,15.449999809265137,91027.125,70.54000091552734,0.2617192928490632,0.22476116133477406,0.3388237085592331,0.26542628640809335
2026-01-09,14.489999771118164,90513.1015625,70.77999877929688,0.2564748283080733,0.22439681863677086,0.33890635775853023,0.26071121989772306
2026-01-10,,90386.6484375,,0.25264685313546675,0.22371441342375425,,
2026-01-11,,90827.4609375,,0.247550276831398,0.21254207510245002,,
2026-01-12,15.119999885559082,91192.9921875,71.6500015258789,0.16524211084768328,0.21282924395895295,0.33429191600991826,0.261034319883833
2026-01-13,15.979999542236328,95321.78125,73.4800033569336,0.33601973324300755,0.23597069963862338,0.34842329243662046,0.2678189774822858
2026-01-14,16.75,96929.328125,72.61000061035156,0.276010839825773,0.22922229592680585,0.36247493719907165,0.27047985036843086
2026-01-15,15.84000015258789,95551.1875,71.12999725341797,0.30281205148774426,0.2318824788204979,0.3495201676511756,0.27495564253565624
2026-01-16,15.859999656677246,95525.1171875,71.6500015258789,0.29502500979040874,0.22227049094534843,0.3309235212304352,0.2751073434421496
2026-01-17,,95099.921875,,0.29952994649523834,0.2209468118381493,,
2026-01-18,,93634.4296875,,0.32984616408057843,0.212363558928721,,
2026-01-19,,92553.59375,,0.3435474003490972,0.215988842366133,,
2026-01-20,20.09000015258789,88310.90625,71.86000061035156,0.3073301845379978,0.25753301010405427,0.2407246543483331,0.2736670087296947
2026-01-21,16.899999618530273,89376.9609375,73.33999633789062,0.29032285223596527,0.2598652681441322,0.26368845781620354,0.279226724095377
2026-01-22,15.640000343322754,89462.453125,71.81999969482422,0.29863549665738126,0.2571199151805223,0.29854028231039537,0.27977892606679716
2026-01-23,16.09000015258789,89503.875,73.94999694824219,0.29961164199559004,0.2570821915840841,0.31368584181422193,0.29030230367930354
2026-01-24,,89110.734375,,0.2996518471690522,0.2570971425643925,,
2026-01-25,,86572.21875,,0.3212986187709416,0.2710400834960833,,
2026-01-26,16.149999618530273,88267.140625,73.4800033569336,0.3698186807035943,0.27650949723058954,0.3058274241728112,0.29035144565623894
2026-01-27,16.350000381469727,89102.5703125,75.66000366210938,0.24703812365308211,0.27780578265910894,0.3003196787854615,0.2951456176632379
2026-01-28,16.350000381469727,89184.5703125,76.62000274658203,0.2355123701791575,0.2766478912554674,0.3007733684223796,0.29499329630307114
2026-01-29,16.8799991607666,84561.5859375,79.13999938964844,0.3942158225968025,0.31440073093755067,0.32486870817420693,0.30203931307233495
2026-01-30,17.440000534057617,84128.65625,79.5199966430664,0.3905543193752416,0.31345454831058706,0.32534411156448806,0.2877714842497433
2026-01-31,,78621.1171875,,0.5226491859682576,0.3641769605286068,,
2026-02-01,,76974.4453125,,0.517844693089527,0.36350026148758324,,
2026-02-02,16.34000015258789,78688.765625,75.33000183105469,0.525765855341761,0.3703408306066884,0.47955979628659,0.32764028613067187
2026-02-03,18.0,75633.546875,77.47000122070312,0.5065352656648694,0.38137572339548226,0.4771596002954097,0.33195599850869306
2026-02-04,18.639999389648438,73019.703125,77.87999725341797,0.47927284866779724,0.37700188772324394,0.4684452644140831,0.33119111069195883
2026-02-05,21.770000457763672,62702.09765625,76.69000244140625,0.8880242770559738,0.5614617194065624,0.4616164094652693,0.33034783113371247
2026-02-06,20.3700008392334,70555.390625,76.98999786376953,1.3127388093911414,0.6766427276704134,0.4562949586159017,0.3300418327809519
2026-02-07,,69281.96875,,1.2784681046947286,0.6769925341021414,,
2026-02-08,,70264.7265625,,1.292297720073168,0.6802750416415074,,
2026-02-09,17.360000610351562,70120.78125,78.0199966430664,1.2727931073688066,0.6802189535306847,0.4119740730814281,0.3310095674698868
2026-02-10,17.790000915527344,68793.9609375,78.02999877929688,1.263051761767163,0.6796850574336619,0.40980603286003,0.32027390527654537
2026-02-11,17.649999618530273,66991.96875,78.88999938964844,1.257896649395934,0.6802679533030541,0.21204843537371662,0.31888912081724585
2026-02-12,20.81999969482422,66221.84375,76.37999725341797,0.7999481854784675,0.6603088405510781,0.2562988602242521,0.3356924873735143
2026-02-13,20.600000381469727,68857.84375,76.22000122070312,0.36525149319261907,0.6718487725048649,0.2513661722273582,0.33431061145715807
2026-02-14,,69767.625,,0.3605248567883667,0.6755105590953786,,
2026-02-15,,68788.1875,,0.3572495688853882,0.6748844613339198,,
2026-02-16,,68843.15625,,0.35798731011755514,0.6754954966709235,,
2026-02-17,20.290000915527344,67494.21875,75.7300033569336,0.3593337797818091,0.6758689590697586,0.23843000184314714,0.3350509356664585
2026-02-18,19.6200008392334,66425.3203125,79.4000015258789,0.33463880639109517,0.6760258013333222,0.3863910650779339,0.3574187769338407
2026-02-19,20.229999542236328,66957.5234375,81.19000244140625,0.3297627243069981,0.6694087316964004,0.3987877152800304,0.3504709733991018
2026-02-20,19.09000015258789,68005.421875,80.8499984741211,0.23383841997518287,0.6704586361632537,0.40227034818201374,0.34836965359890393
2026-02-21,,68003.765625,,0.21081023332690574,0.6703367458524221,,
2026-02-22,,67659.390625,,0.19854492745207816,0.6698390964223129,,
2026-02-23,21.010000228881836,64616.73828125,80.9000015258789,0.32537970238822456,0.6779877201854272,0.4009583761139783,0.33294655263724576
2026-02-24,19.549999237060547,64080.04296875,80.76000213623047,0.3166451127065058,0.6758102497247266,0.3211909347295614,0.3334645667462777
2026-02-25,17.93000030517578,67960.125,79.7300033569336,0.49774637242238196,0.699929739223353,0.3412381800038801,0.336345890600373
2026-02-26,18.6299991607666,67453.7734375,79.7699966430664,0.5002294002799801,0.6978354476071563,0.3325071649989469,0.3300421587702381
2026-02-27,19.860000610351562,65881.796875,81.94999694824219,0.5076836962808418,0.6983367385986803,0.2327372168763059,0.3342851239729356
2026-02-28,,66995.859375,,0.5236923608254948,0.6901877378686907,,
2026-03-01,,65738.1015625,,0.5334936154286465,0.6908921231923755,,
2026-03-02,21.440000534057617,68775.8515625,87.19000244140625,0.5128700405912826,0.683863342066968,0.4221373844541253,0.36792230898345174
2026-03-03,23.56999969482422,68293.6484375,90.19999694824219,0.5110835541020896,0.6820874908563478,0.42928323593258555,0.3764331808765484
2026-03-04,21.149999618530273,72710.578125,91.55999755859375,0.5272116769814731,0.7053333239952965,0.41599797295142715,0.3766651703950804
2026-03-05,23.75,70841.125,96.30999755859375,0.563102737952605,0.7002361917493183,0.43254526902820795,0.3959026670180449
2026-03-06,29.489999771118164,68136.4921875,108.7699966430664,0.6041388213455651,0.7018566148275441,0.6739429203707533,0.5170555661661415
2026-03-07,,67272.59375,,0.605561295980303,0.5406673900165448,,
2026-03-08,,65969.78125,,0.6063902120130786,0.4180538489048792,,
2026-03-09,25.5,68402.3828125,104.33000183105469,0.5804894938429465,0.4295827491631518,0.8209161988277917,0.53889945886825
2026-03-10,24.93000030517578,69926.921875,105.86000061035156,0.5933995631380408,0.43252768459589663,0.8326785763534299,0.5360884687147991
2026-03-11,24.229999542236328,70204.8828125,108.05000305175781,0.4287185785735855,0.4326508115304684,0.8172035024902526,0.5342583897921166
2026-03-12,27.290000915527344,70493.4609375,118.38999938964844,0.40403589769315273,0.42894021665502463,0.9024897370602644,0.586187154582528
2026-03-13,27.190000534057617,70968.265625,119.88999938964844,0.30280670989630704,0.42127016099689973,0.9054977753434356,0.5838227011255814
2026-03-14,,71214.625,,0.2754087920988517,0.419337345168155,,
2026-03-15,,72789.9140625,,0.20316709245536663,0.4091464235838283,,
2026-03-16,23.510000228881836,74861.0859375,115.02999877929688,0.16880324955819082,0.41496879501821143,1.01969695598371,0.6048249753562904
2026-03-17,22.3700008392334,73922.4765625,118.83999633789062,0.2123498502943491,0.4144668670424359,0.7407777068914353,0.5741185397670515
2026-03-18,25.09000015258789,71245.578125,121.66999816894531,0.34466865667289276,0.4298361797632565,0.6351875352638926,0.5734039952396114
2026-03-19,24.059999465942383,69912.7890625,117.36000061035156,0.36600014213289656,0.4294611658961006,0.7268570617204846,0.5917170468657752
2026-03-20,26.780000686645508,70522.5859375,121.43000030517578,0.36797209113661755,0.42684789550509855,0.7356694848265168,0.5876371056998203
2026-03-21,,68711.5234375,,0.3948196963581769,0.43401758950242325,,
2026-03-22,,67845.2109375,,0.3471699604786918,0.4334359970572115,,
2026-03-23,26.149999618530273,70914.859375,110.55999755859375,0.4263868879896567,0.45207880184649224,0.7503044238249925,0.6621090391031617
2026-03-24,26.950000762939453,70517.859375,114.54000091552734,0.4250883224359277,0.45214831074053513,0.7902577625336019,0.6654704387922532
2026-03-25,25.329999923706055,71309.8828125,113.38999938964844,0.37700817778475826,0.42989161617288796,0.7536581358263762,0.6679223818797255
2026-03-26,27.440000534057617,68791.625,117.26000213623047,0.4241272608028778,0.44361067063208004,0.7556000805683089,0.6705674545500273
2026-03-27,31.049999237060547,66338.375,124.19999694824219,0.45958890694166904,0.4236819778173891,0.8303161146453577,0.6682308689791467
2026-03-28,,66319.6953125,,0.44464926108814556,0.42321010671401327,,
2026-03-29,,65954.921875,,0.44155401196619126,0.41787835129106093,,
2026-03-30,30.610000610351562,66691.4453125,129.8300018310547,0.31634663123037,0.4162269788963469,0.8098041933532851,0.6704771986697474
2026-03-31,25.25,68233.3125,127.25,0.369874583020329,0.4174532948843155,0.8221048008036047,0.6759753689335413
2026-04-01,24.540000915527344,68078.5546875,124.08999633789062,0.354103734191675,0.3961705291747011,0.5451971875229704,0.6809278970361088
2026-04-02,23.8700008392334,66888.5703125,137.9199981689453,0.30387597775676,0.39890848121501016,0.788538540743356,0.7351025342498527
2026-04-03,,66931.1015625,,0.2030293082881561,0.3509141437496357,,
2026-04-04,,67290.515625,,0.20403385825167114,0.3445511555765634,,
2026-04-05,,68981.8984375,,0.23541759287013944,0.3341034858238226,,
2026-04-06,24.170000076293945,68859.828125,138.94000244140625,0.2373021068482038,0.33184950298070454,0.7597099439189533,0.7327132413780856
2026-04-07,25.780000686645508,71940.703125,138.0800018310547,0.32276741564187067,0.34846941401911125,0.7893315186450264,0.7344785729323189
2026-04-08,21.040000915527344,71123.359375,124.58000183105469,0.33875654938930755,0.33601364645994236,1.0268508709094826,0.8071691666403301
2026-04-09,19.489999771118164,71767.828125,126.95999908447266,0.2947124148682668,0.3311119521967521,0.9920706229297859,0.8026479729442533
2026-04-10,19.229999542236328,72979.046875,124.81999969482422,0.28886660001096265,0.3342048128083266,0.9898910148237212,0.8072834819897108
2026-04-11,,73054.2734375,,0.29438358248834856,0.3340989232082186,,
2026-04-12,,70753.40625,,0.3747778011222494,0.34712526465242205,,
2026-04-13,19.1200008392334,74484.640625,128.47000122070312,0.467034204242951,0.377837602667338,0.9886089265201996,0.8075302099596023
2026-04-14,18.360000610351562,74181.609375,123.8499984741211,0.41195206685935426,0.3731298094362707,0.6794280224191146,0.8082630051240656
2026-04-15,18.170000076293945,74805.078125,122.58999633789062,0.39689422124539075,0.36482588129077037,0.6637160926346887,0.808305070845183
2026-04-16,17.940000534057617,75152.1328125,125.83999633789062,0.39692754034875244,0.36307309360623685,0.713130087880442,0.8094212213440498
2026-04-17,17.479999542236328,77126.875,116.04000091552734,0.4104229182400999,0.352282090887,0.6163884578259204,0.8404940661995628
2026-04-18,,75726.2109375,,0.43943448009245356,0.35199003257872685,,
2026-04-19,,73856.3515625,,0.4159724536103601,0.3604216241074547,,
2026-04-20,18.8700008392334,75872.5234375,121.31999969482422,0.318712963688122,0.3579058182479917,0.6843182358949302,0.7667973632491394
2026-04-21,19.5,76352.7734375,128.25,0.31560071874279,0.3547505937448073,0.7718350590511857,0.7687276588152628
2026-04-22,18.920000076293945,78203.1015625,129.39999389648438,0.33748406352451943,0.3392414321922776,0.7543782375629282,0.7684784072191748
2026-04-23,19.309999465942383,78268.953125,134.72000122070312,0.33905477422710917,0.3382884802817551,0.7328625629498311,0.7737052615337189
2026-04-24,18.709999084472656,77455.3125,132.39999389648438,0.317944827248294,0.3398156836050372,0.7433757933564898,0.7312115990953753
2026-04-25,,77612.015625,,0.28919003512409414,0.31943950226265955,,
2026-04-26,,78657.5390625,,0.2114869282770659,0.29656429035412035,,
2026-04-27,18.020000457763672,77366.625,134.72000122070312,0.21744149633780718,0.3030803572315078,0.7379514401071474,0.7318022775622098
2026-04-28,17.829999923706055,76350.671875,139.60000610351562,0.2350088113419691,0.3062386118517139,0.4049485567602058,0.7241359063713315
2026-04-29,18.809999465942383,75776.1328125,150.6300048828125,0.16607524203639512,0.3077132805579703,0.5063549122684743,0.7500031750501579
2026-04-30,16.889999389648438,76304.3203125,147.08999633789062,0.17794245194457325,0.30277208558008833,0.5648402325610753,0.7544164787673941
2026-05-01,16.989999771118164,78179.0,142.8000030517578,0.23490033994941573,0.30793214111271255,0.6385142372137749,0.751539235601183
2026-05-02,,78657.25,,0.23667267739819703,0.3006295403975588,,
2026-05-03,,78538.2265625,,0.22282234298851042,0.30099013228414195,,
2026-05-04,18.290000915527344,79827.90625,147.61000061035156,0.20837428821352147,0.3026609856668576,0.6271367020419099,0.7512333941125581
2026-05-05,17.3799991607666,80927.0546875,144.1699981689453,0.17172289746648617,0.2982298983378506,0.6406887841161606,0.6995740229747607
2026-05-06,17.389999389648438,81427.53125,133.9499969482422,0.13407704433414405,0.29747537956236025,0.8110034433061755,0.7326325757446088
2026-05-07,17.079999923706055,80009.9921875,134.97000122070312,0.21553279744067136,0.28176439534581527,0.7751440982618276,0.7310040674880464
2026-05-08,17.190000534057617,80186.765625,133.58999633789062,0.1776275946884748,0.27821843129065127,0.5165573623537729,0.7279172378568787
2026-05-09,,80664.3671875,,0.17753632399140054,0.2778781560933041,,
2026-05-10,,82138.9296875,,0.1922454464523473,0.2784600573289586,,
2026-05-11,18.3799991607666,81728.296875,138.66000366210938,0.1886969613602704,0.27955739596113693,0.6056862422425048,0.716793435760716
2026-05-12,17.989999771118164,80477.4921875,144.3000030517578,0.20218158243575698,0.26488252728835876,0.6456669303545866,0.7146221493104787
2026-05-13,17.8700008392334,79277.1171875,142.0399932861328,0.21131646245597657,0.22989485158314404,0.611644446314634,0.7134772265132906
2026-05-14,17.260000228881836,81051.25,143.0,0.23572998567079648,0.23625826857948673,0.6000012251738941,0.7079876509270208
2026-05-15,18.43000030517578,79065.6796875,148.22999572753906,0.2846317670056348,0.24887382674411865,0.3751030373572803,0.6408806790602127
2026-05-16,,78131.4375,,0.2838136443857989,0.2518545172181005,,
2026-05-17,,77429.3515625,,0.23532597566791663,0.24233487423121225,,
2026-05-18,17.81999969482422,76954.171875,149.2899932861328,0.23472631348184114,0.23678293238610998,0.37548693279978124,0.6408671761973371
2026-05-19,18.059999465942383,76750.90625,152.9600067138672,0.2316239816193993,0.2243697133190625,0.3340604957562201,0.6431522043821157
2026-05-20,17.440000534057617,77457.7734375,144.27000427246094,0.24072358775919214,0.21230440758534236,0.538280414637923,0.5959332131072124
2026-05-21,16.760000228881836,77539.171875,142.5399932861328,0.1699447190340473,0.21164068237222933,0.48682664221338245,0.5966193565167072
2026-05-22,16.700000762939453,75488.2421875,140.9199981689453,0.1792622627268863,0.21391808458500572,0.48217913170471116,0.595117731055896
2026-05-23,,76673.3671875,,0.21708661055530457,0.21932198227704544,,
2026-05-24,,76981.125,,0.2151870075464666,0.21772602458634513,,
2026-05-25,16.59000015258789,77279.9296875,,0.21316516020435766,0.21795673350288425,,
2026-05-26,17.010000228881836,75825.734375,137.0,0.2439808847868409,0.2206828861383215,0.5037732334393946,0.5976715098234014
2026-05-27,16.290000915527344,74344.703125,131.02999877929688,0.25124636533413147,0.22278245262546,0.44794585219827604,0.6023558216635656
2026-05-28,15.739999771118164,73536.5546875,130.77999877929688,0.2476639608650134,0.22181757629794346,0.4302811905163442,0.6013106044077925
2026-05-29,15.319999694824219,73372.5234375,129.08999633789062,0.20825999510932802,0.22103875759454591,0.3167420912204804,0.5986854314246555
2026-05-30,,73754.8359375,,0.17357233143767464,0.2205448091041998,,
2026-05-31,,73579.6875,,0.16270710298812194,0.20697745400228304,,
2026-06-01,16.049999237060547,71319.7734375,135.5,0.20079469270079384,0.22194593799441792,0.4614065494665788,0.5648218465361349
2026-06-02,15.770000457763672,66703.65625,137.27000427246094,0.3915208434031099,0.28844186245402725,0.4777799720910044,0.5526986271895517
2026-06-03,16.059999465942383,64014.3671875,140.86000061035156,0.4151649487864333,0.29869549831591546,0.508752828314477,0.5341565586764897
2026-06-04,15.399999618530273,63801.57421875,136.74000549316406,0.42556767621559033,0.2922871780846698,0.5121464787009268,0.5422898212157998
2026-06-05,21.510000228881836,60922.66796875,133.02000427246094,0.4289277218844717,0.3092319769435756,0.4601921634319901,0.5360262925449232
2026-06-06,,60867.4140625,,0.41113824954701883,0.309305940609004,,
2026-06-07,,63239.51953125,,0.5602487048976124,0.3371348743280106,,
2026-06-08,18.920000076293945,63090.58984375,135.14999389648438,0.566264879285642,0.3350235005411264,0.4654932868940893,0.5353335778851444
2026-06-09,19.8700008392334,61643.78125,131.3000030517578,0.45613075922099267,0.32816219150093434,0.49893040625211255,0.5397588476123532
2026-06-10,22.219999313354492,61449.2890625,134.3000030517578,0.40577366022477396,0.32842936862323163,0.41158719962745305,0.5332474010001285
2026-06-11,19.440000534057617,63561.0546875,128.8300018310547,0.4712598896902094,0.35092525106199796,0.4583873432718956,0.48868923386915714
2026-06-12,17.68000030517578,63543.19921875,125.43000030517578,0.34927492008833405,0.35091269437853184,0.3947585733971047,0.48972424574373913
2026-06-13,,64421.32421875,,0.34812434086283217,0.34557506959696405,,
2026-06-14,,65710.3984375,,0.29460990832851724,0.3504940627242759,,
2026-06-15,16.200000762939453,66289.5,121.20999908447266,0.28970928662016904,0.3526729941417492,0.40169413425685374,0.4918254249518741
2026-06-16,16.40999984741211,65600.640625,115.47000122070312,0.23950929087329434,0.35282104585877755,0.43998791829757145,0.49254607022471003
2026-06-17,18.440000534057617,64418.4453125,114.2300033569336,0.28407368105306047,0.3547251647375413,0.37302987581329394,0.49042478700999576
2026-06-18,16.399999618530273,62896.47265625,114.87000274658203,0.26354416416958987,0.35835103050072814,0.40829672546408347,0.45286229956707075
2026-06-19,,63540.8359375,,0.2729074925992559,0.35875590322188605,,
2026-06-20,,64239.67578125,,0.26747767115491894,0.36172093020112095,,
2026-06-21,,63237.5390625,,0.23803363388105425,0.3576570300170844,,
2026-06-22,17.280000686645508,63952.10546875,112.69000244140625,0.24459382474347222,0.355606889997233,0.289751436694449,0.4531294943699173
2026-06-23,19.489999771118164,62668.01953125,111.26000213623047,0.2602001484255423,0.35660648609606016,0.27254567819145836,0.45340431094534334
2026-06-24,18.6299991607666,60995.1328125,106.29000091552734,0.2814621954943764,0.35977245333848457,0.30854900813601777,0.44750524785733126
2026-06-25,18.889999389648438,59721.67578125,109.30999755859375,0.2751396336377589,0.36038764619640723,0.42361840232819076,0.43710149788532043
2026-06-26,18.40999984741211,60016.4296875,105.4800033569336,0.2625160906539782,0.3604745764136717,0.38827659988072283,0.443290574494805
2026-06-27,,59940.09765625,,0.23388308833775034,0.36067804939842835,,
2026-06-28,,59532.33984375,,0.23064375222599864,0.36041663664977086,,
2026-06-29,17.649999618530273,60138.37890625,107.08000183105469,0.22669899714837552,0.3621422693994882,0.4230140955961202,0.44662718793369904
2026-06-30,16.450000762939453,58558.859375,106.44000244140625,0.24280270678915394,0.36635728724923494,0.4119181415726226,0.4252370773328649
2026-07-01,16.59000015258789,60003.7578125,103.2699966430664,0.28132546652926393,0.3706485246073624,0.4260725374774883,0.4252899888467872
2026-07-02,16.149999618530273,61485.30078125,103.9800033569336,0.2862912875815671,0.33221363193521714,0.4408170682616608,0.4150781405345092
2026-07-03,,62544.19921875,,0.2967499540560626,0.3161476442436928,,
2026-07-04,,63088.3046875,,0.2926317036327534,0.3172139941641245,,
2026-07-05,,63547.8828125,,0.27576653401961215,0.286492702784559,,
2026-07-06,15.569999694824219,63995.015625,104.3499984741211,0.2760190637879107,0.28685607433008176,0.3670312489775008,0.3954251146016271
2026-07-07,16.1299991607666,63297.39453125,108.91999816894531,0.19578708648211404,0.26712588788086916,0.42783134830419234,0.42543807592432836
2026-07-08,16.899999618530273,62257.57421875,112.20999908447266,0.23037521101677275,0.2713690124990903,0.3812527049389362,0.4398877033069718
2026-07-09,15.84000015258789,63193.1484375,109.01000213623047,0.20269219886193626,0.2660267844527674,0.43802474160564986,0.4401777803427077
2026-07-10,15.029999732971191,64127.140625,108.69999694824219,0.196557448900354,0.2687107900788093,0.4357617057569669,0.42656082994943706
2026-07-11,,63802.02734375,,0.1988909129753001,0.25106194194882175,,
2026-07-12,,63758.21875,,0.195085990251731,0.25107041746696124,,
2026-07-13,17.15999984741211,62239.12109375,117.79000091552734,0.23630095467142986,0.257122288350187,0.5809330493343265,0.49928019970514725
2026-07-14,16.5,64956.11328125,120.16999816894531,0.35791125590942385,0.28083959321417357,0.5742057757906588,0.502783537399106
2026-07-15,15.670000076293945,64712.375,121.37999725341797,0.33498104565063275,0.27963431463210076,0.5669769895308088,0.480086349395347
2026-07-16,16.729999542236328,63789.28125,119.30000305175781,0.34638437307309966,0.28103681318808305,0.587725504721497,0.479161686179565
2026-07-17,18.770000457763672,63899.4609375,123.95999908447266,0.3339450190949961,0.27630047039661626,0.6004610340583464,0.48765931848342786
2026-07-18,,64796.6015625,,0.34240146740420213,0.26986240682319684,,
2026-07-19,,64690.8046875,,0.34278497301940136,0.26853220849212406,,
2026-07-20,18.649999618530273,65230.02734375,125.51000213623047,0.2898613205551772,0.2677573776893835,0.5210018303807536,0.4837236680699173
2026-07-21,17.049999237060547,66505.125,128.85000610351562,0.18156726321627653,0.26857976154020186,0.49418346172175537,0.4848962263645307
2026-07-22,16.639999389648438,66100.796875,131.67999267578125,0.18591284756399692,0.2679179253943807,0.278207342861868,0.48697164450112346
2026-07-23,18.700000762939453,65044.8125,139.49000549316406,0.19290177881001436,0.26528027990716946,0.38166102669234286,0.5089787274654283
2026-07-24,18.579999923706055,64098.49609375,136.69000244140625,0.21983725941983362,0.256059413969705,0.45606667397301787,0.5092774705170942
2026-07-25,,64311.8125,,0.20086681810947643,0.246817993913179,,
2026-07-26,,65340.30078125,,0.22482695598507438,0.24978345981749334,,
2026-07-27,18.670000076293945,63724.8984375,124.76000213623047,0.26702603235407407,0.26235420503833456,0.7674412574644932,0.558020629855151
2026-07-28,18.209999084472656,63871.36328125,120.48999786376953,0.22193856866344108,0.2610037946157747,0.7665998637067416,0.5616330965126228
2026-07-29,20.65999984741211,63908.16796875,129.30999755859375,0.2251173224580982,0.25999480851130446,0.8941412712629891,0.5917871540256313
2026-07-30,17.09000015258789,64725.30859375,127.4800033569336,0.2307531332818467,0.2470049063410525,0.8874198224236107,0.5749029893093178
2026-07-31,15.989999771118164,62813.74609375,129.1699981689453,0.28223634398034364,0.2568167303015548,0.8798005737565208,0.5737860934714218
2026-08-01,,62763.3203125,,0.27949303014029686,0.24753771796641347,,
2026-08-02,,63482.0,,0.26750307821592806,0.2447982459119372,,
2026-08-03,15.859999656677246,63460.8984375,122.12000274658203,0.22390456195276393,0.24357603130283006,0.8123914036346056,0.5989550006621068
2026-08-04,16.5,64055.953125,115.77999877929688,0.23156803264976233,0.2441722361669966,0.8383614515208516,0.6166739217028582
2026-08-05,15.8100004196167,64597.5,114.87999725341797,0.2365289309083382,0.24454386344901516,0.704322397547142,0.6158458607258612
2026-08-06,15.149999618530273,64262.11328125,118.87000274658203,0.22513436963641406,0.2428009747239255,0.7294179067481787,0.6067167978412568
2026-08-07,14.899999618530273,64880.19140625,117.9800033569336,0.10397825659647798,0.23861577059724923,0.5131152513802923,0.6033038557295253
2026-08-08,,64904.6875,,0.10160434929096071,0.23514200950679262,,
2026-08-09,,64844.88671875,,0.09466039873593421,0.2315158246276578,,
2026-08-10,15.460000038146973,63910.5859375,125.91999816894531,0.14216344417505983,0.23503281620803373,0.700878337447674,0.619563784007415
2026-08-11,15.279999732971191,63551.875,127.61000061035156,0.13344374382533294,0.23560434601997585,0.7010186356685991,0.6193758313255776
2026-08-12,14.550000190734863,63402.43359375,127.30000305175781,0.115523047870872,0.22451778405341716,0.595137377253395,0.6188350471355971
2026-08-13,14.630000114440918,63402.171875,125.02999877929688,0.11493783418051626,0.18566937929870406,0.4781413663985228,0.6136579807217086
2026-08-14,14.25,62975.59375,126.5999984741211,0.08389904040905483,0.186284127400615,0.45904632378508864,0.6138596010421604
2026-08-15,,63024.3203125,,0.08484584111830225,0.18189416526788138,,
2026-08-16,,62818.65234375,,0.0821636483796019,0.18196240516261905,,
2026-08-17,15.1899995803833,64506.25390625,130.2899932861328,0.18152685593523876,0.1939242133206546,0.44974629856499737,0.6169746996510789
2026-08-18,15.84000015258789,64680.7109375,130.66000366210938,0.17488356976199396,0.19404282863235722,0.4334552121070817,0.6077676199336014
2026-08-19,14.890000343322754,69266.1875,130.91000366210938,0.4269721077811187,0.277085799179537,0.2335527720537939,0.6038152723199658
2026-08-20,16.010000228881836,73032.7578125,134.5399932861328,0.4764773988664609,0.310465781928428,0.26691702093035985,0.597974196213424
2026-08-21,15.130000114440918,78335.1875,134.63999938964844,0.515385671789993,0.3646088050730428,0.26250083514415373,0.5975135192746045
2026-08-22,,77083.4140625,,0.564801107333218,0.3646110946203924,,
2026-08-23,,77755.265625,,0.540360901838423,0.35954990263231035,,
2026-08-24,15.850000381469727,78964.484375,132.2100067138672,0.5478103986234465,0.3603500812975483,0.26340127527557455,0.5567322194808353
2026-08-25,15.449999809265137,78564.9765625,126.1500015258789,0.5651298079460971,0.3609030891535931,0.412791890089249,0.5731571278462929
2026-08-26,15.210000038146973,79027.421875,127.3499984741211,0.4963736128773786,0.348609229515135,0.36857509401632693,0.5730934385515373
2026-08-27,14.510000228881836,80257.5390625,130.00999450683594,0.43536385397049027,0.3490932385285783,0.39554767603576013,0.572520790666518
2026-08-28,14.430000305175781,77830.2890625,129.6999969482422,0.27562753976993115,0.36594262033701985,0.39531296839861624,0.5626685914713617
2026-08-29,,78245.8125,,0.2552830153950289,0.3654922083026441,,
2026-08-30,,77667.5703125,,0.256229723893445,0.3516055262663636,,
2026-08-31,14.920000076293945,78548.6328125,133.6999969482422,0.24664984542218465,0.3509962974070356,0.40514745946831215,0.5680925681618766
2026-09-01,16.34000015258789,77403.625,141.0,0.26009355404418555,0.35656283847504183,0.5241141863741977,0.5838877402957846
2026-09-02,15.199999809265137,77300.4765625,141.14999389648438,0.25431932699979476,0.3567439447127115,0.4974957696121273,0.5813324939931781
2026-09-03,14.319999694824219,81271.7421875,142.08999633789062,0.40255965311024694,0.37838969852409965,0.31831228508300463,0.5564869869943495
2026-09-04,14.529999732971191,79671.96875,141.9600067138672,0.3697407276857254,0.38686930034506006,0.3347654082069278,0.5528774950163476
2026-09-05,,79823.8671875,,0.36953946287411144,0.3854676957211012,,
2026-09-06,,80350.046875,,0.36267910429529243,0.38540727489256543,,
2026-09-07,15.300000190734863,79115.8515625,,0.3779717738009445,0.3905269418088661,,
2026-09-08,15.720000267028809,78438.578125,146.02999877929688,0.3690023744365301,0.39244047522206466,0.3428703069184093,0.48887450287705053
2026-09-09,16.459999084472656,78259.5234375,149.97000122070312,0.36939640338353935,0.38837246486157745,0.31773002236616676,0.47747149301179215
2026-09-10,17.84000015258789,76568.125,158.3800048828125,0.17515269881598933,0.3956431605084575,0.3800929218651084,0.45931078537895653
2026-09-11,15.84000015258789,77173.796875,154.89999389648438,0.17866687547764126,0.3948289325750896,0.4042895796154917,0.4630122145451458
2026-09-12,,77270.46875,,0.17771649739062112,0.3946644517703498,,
