trade_date,Iran_entropy,Crypto_entropy,Macro_entropy,Geopolitical_entropy,Energy_entropy,Pandemic_entropy,composite_entropy,inv_composite_entropy,inv_Geopolitical_entropy,inv_Crypto_entropy,inv_Macro_entropy,inv_Energy_entropy,inv_Iran_entropy
2023-01-01,,,,,,,,,,,,,
2023-01-03,,,,,,,,,,,,,
2023-01-23,,,,,,,,,,,,,
2023-01-26,,,,,,,,,,,,,
2023-01-29,,,,,,,,,,,,,
2023-02-02,,,,,,,,,,,,,
2023-02-06,,,,,,,,,,,,,
2023-02-07,,,,,,,,,,,,,
2023-02-08,,,,,,,,,,,,,
2023-02-13,,,,,,,,,,,,,
2023-02-18,,,,,,,,,,,,,
2023-02-20,,,,,,,,,,,,,
2023-02-21,,,,,,,,,,,,,
2023-02-22,,,,,,,,,,,,,
2023-02-23,,,,,,,,,,,,,
2023-02-26,,,,,,,,,,,,,
2023-02-27,,,,,,,,,,,,,
2023-03-01,,,,,,,,,,,,,
2023-03-03,,,,,,,,,,,,,
2023-03-04,,,,,,,,,,,,,
2023-03-05,,,,,,,,,,,,,
2023-03-06,,,,,,,,,,,,,
2023-03-08,,,,,,,,,,,,,
2023-03-09,,,,,,,,,,,,,
2023-03-12,,,,,,,,,,,,,
2023-03-13,,,,,,,,,,,,,
2023-03-15,,,,,,,,,,,,,
2023-03-17,,,,,,,,,,,,,
2023-03-18,,,,,,,,,,,,,
2023-03-19,,,,,,,,,,,,,
2023-03-20,,,,,,,,,,,,,
2023-03-21,,,,,,,,,,,,,
2023-03-22,,,,,,,,,,,,,
2023-03-23,,,,,,,,,,,,,
2023-03-24,,,,,,,,,,,,,
2023-03-26,,,,,,,,,,,,,
2023-03-27,,,,,,,,,,,,,
2023-03-28,,,,,,,,,,,,,
2023-03-29,,,,,,,,,,,,,
2023-03-30,,,,,,,,,,,,,
2023-03-31,,,,0.22077592704924628,,,0.22077592704924628,0.7792240729507537,0.7792240729507537,,,,
2023-04-01,,,,,,,,,,,,,
2023-04-02,,,,,,,,,,,,,
2023-04-03,,0.14652477742199635,,,,,0.14652477742199635,0.8534752225780037,,0.8534752225780037,,,
2023-04-04,,,,,,,,,,,,,
2023-04-05,,,,,,,,,,,,,
2023-04-06,,,,,,,,,,,,,
2023-04-07,,,,,,,,,,,,,
2023-04-08,,,,,,,,,,,,,
2023-04-09,,,,,,,,,,,,,
2023-04-11,,,,,,,,,,,,,
2023-04-12,,,,,,,,,,,,,
2023-04-13,,,,,,,,,,,,,
2023-04-15,,,,,,,,,,,,,
2023-04-16,,,,,,,,,,,,,
2023-04-17,,,,,,,,,,,,,
2023-04-18,,,,,,,,,,,,,
2023-04-22,,,,,,,,,,,,,
2023-04-25,,,,,,,,,,,,,
2023-04-26,,,,,,,,,,,,,
2023-04-27,,,,,,,,,,,,,
2023-04-30,,,,,,,,,,,,,
2023-05-03,,,,,,,,,,,,,
2023-05-04,,,,,,,,,,,,,
2023-05-10,,,,,,,,,,,,,
2023-05-12,,,,,,,,,,,,,
2023-05-13,,,,,,,,,,,,,
2023-05-14,,,,,,,,,,,,,
2023-05-15,,,,,,,,,,,,,
2023-05-16,,,,,,,,,,,,,
2023-05-18,,,,,,,,,,,,,
2023-05-19,,,,,,,,,,,,,
2023-05-21,,,,,,,,,,,,,
2023-05-22,,,,,,,,,,,,,
2023-05-24,,,,,,,,,,,,,
2023-05-26,,,,,,,,,,,,,
2023-05-27,,,,,,,,,,,,,
2023-05-29,,,,,,,,,,,,,
2023-05-30,,,,,,,,,,,,,
2023-05-31,,,,,,,,,,,,,
2023-06-02,,,,,,,,,,,,,
2023-06-03,,,,,,,,,,,,,
2023-06-04,,,,,,,,,,,,,
2023-06-05,,,,,,,,,,,,,
2023-06-06,,,,,,,,,,,,,
2023-06-07,,,,,,,,,,,,,
2023-06-08,,,,,,,,,,,,,
2023-06-09,,,,,,,,,,,,,
2023-06-10,,,,,,,,,,,,,
2023-06-11,,,,0.7371396383718914,,,0.7371396383718914,0.26286036162810855,0.26286036162810855,,,,
2023-06-12,,,,0.901757709790846,,,0.901757709790846,0.09824229020915398,0.09824229020915398,,,,
2023-06-13,,,,0.9151195867048755,,,0.9151195867048755,0.08488041329512452,0.08488041329512452,,,,
2023-06-14,,,,,,,,,,,,,
2023-06-15,,,,0.8608575950971853,,,0.8608575950971853,0.1391424049028147,0.1391424049028147,,,,
2023-06-16,,,,,,,,,,,,,
2023-06-17,,,,,,,,,,,,,
2023-06-18,,,,,,,,,,,,,
2023-06-19,,,,,,,,,,,,,
2023-06-20,,,,,,,,,,,,,
2023-06-21,,,,,,,,,,,,,
2023-06-22,,,,0.6673438446484853,,,0.6673438446484853,0.3326561553515147,0.3326561553515147,,,,
2023-06-23,,,,0.6374953130213048,,,0.6374953130213048,0.3625046869786952,0.3625046869786952,,,,
2023-06-24,,,,0.5743459628375251,,,0.5743459628375251,0.42565403716247485,0.42565403716247485,,,,
2023-06-25,,,,0.29612820589114713,,,0.29612820589114713,0.7038717941088528,0.7038717941088528,,,,
2023-06-26,,,,0.24323865713460163,,,0.24323865713460163,0.7567613428653983,0.7567613428653983,,,,
2023-06-27,,,,0.4179374318699503,,,0.4179374318699503,0.5820625681300498,0.5820625681300498,,,,
2023-06-28,,,,0.20376873288429032,,,0.20376873288429032,0.7962312671157097,0.7962312671157097,,,,
2023-06-29,,,,0.25435337302941946,,,0.25435337302941946,0.7456466269705806,0.7456466269705806,,,,
2023-06-30,,,,0.13539482284397503,,,0.13539482284397503,0.864605177156025,0.864605177156025,,,,
2023-07-01,,,,0.3408637599271509,,,0.3408637599271509,0.6591362400728491,0.6591362400728491,,,,
2023-07-02,,,,,,,,,,,,,
2023-07-03,,,,,,,,,,,,,
2023-07-04,,,,,,,,,,,,,
2023-07-05,,,,,,,,,,,,,
2023-07-06,,,,,,,,,,,,,
2023-07-07,,,,0.2719865136801215,,,0.2719865136801215,0.7280134863198785,0.7280134863198785,,,,
2023-07-08,,,,,,,,,,,,,
2023-07-09,,,,,,,,,,,,,
2023-07-10,,,,0.6099121910616226,,,0.6099121910616226,0.39008780893837736,0.39008780893837736,,,,
2023-07-11,,,,0.2683253054190439,,,0.2683253054190439,0.731674694580956,0.731674694580956,,,,
2023-07-12,,,,,,,,,,,,,
2023-07-13,,,,0.4420886614879669,,,0.4420886614879669,0.5579113385120331,0.5579113385120331,,,,
2023-07-14,,0.16058885835178063,,0.6534375721681265,,,0.40701321525995354,0.5929867847400465,0.3465624278318735,0.8394111416482194,,,
2023-07-15,,,,0.7646776417964727,,,0.7646776417964727,0.23532235820352732,0.23532235820352732,,,,
2023-07-16,,0.40248564149473137,,,,,0.40248564149473137,0.5975143585052687,,0.5975143585052687,,,
2023-07-17,,0.25147917165535516,,0.4746546348004228,,,0.363066903227889,0.636933096772111,0.5253453651995772,0.7485208283446448,,,
2023-07-18,,,,,,,,,,,,,
2023-07-19,,0.3344745673738015,,0.39417227267621024,,,0.36432342002500584,0.6356765799749942,0.6058277273237898,0.6655254326261986,,,
2023-07-20,,,,0.38370611980382757,,,0.38370611980382757,0.6162938801961724,0.6162938801961724,,,,
2023-07-21,,0.8104413770373569,,0.45989988714235874,,,0.6351706320898578,0.3648293679101422,0.5401001128576413,0.18955862296264314,,,
2023-07-22,,,,0.43650918237236314,,,0.43650918237236314,0.5634908176276369,0.5634908176276369,,,,
2023-07-23,,,,0.313082822641768,,,0.313082822641768,0.686917177358232,0.686917177358232,,,,
2023-07-24,,,,0.44395050454649043,,,0.44395050454649043,0.5560494954535096,0.5560494954535096,,,,
2023-07-25,,,,,,,,,,,,,
2023-07-26,,,,,,,,,,,,,
2023-07-27,,,,,,,,,,,,,
2023-07-28,,,,0.23011634396445918,,,0.23011634396445918,0.7698836560355409,0.7698836560355409,,,,
2023-07-29,,,,,,,,,,,,,
2023-07-30,,,,0.3059322321973505,,,0.3059322321973505,0.6940677678026494,0.6940677678026494,,,,
2023-07-31,,,,0.4289512146207127,,,0.4289512146207127,0.5710487853792874,0.5710487853792874,,,,
2023-08-01,,,,0.331699166312131,,,0.331699166312131,0.6683008336878691,0.6683008336878691,,,,
2023-08-02,,,,0.4055882945936209,,,0.4055882945936209,0.5944117054063791,0.5944117054063791,,,,
2023-08-03,,,,0.42279094398073863,,,0.42279094398073863,0.5772090560192613,0.5772090560192613,,,,
2023-08-04,,,,0.2573422339920294,,,0.2573422339920294,0.7426577660079706,0.7426577660079706,,,,
2023-08-05,,,,,,,,,,,,,
2023-08-06,,,,0.4078312269638747,,,0.4078312269638747,0.5921687730361254,0.5921687730361254,,,,
2023-08-07,,,,,,,,,,,,,
2023-08-08,,,,0.5278735038714293,,,0.5278735038714293,0.4721264961285707,0.4721264961285707,,,,
2023-08-09,,,,0.5329275450358917,,,0.5329275450358917,0.4670724549641083,0.4670724549641083,,,,
2023-08-10,,0.837203124656725,,,,,0.837203124656725,0.16279687534327503,,0.16279687534327503,,,
2023-08-11,,0.5935662441004244,,,,,0.5935662441004244,0.40643375589957564,,0.40643375589957564,,,
2023-08-12,,0.5396498013270047,,0.3095911018900722,,,0.42462045160853845,0.5753795483914615,0.6904088981099278,0.4603501986729953,,,
2023-08-13,,,,0.39897124719975174,,,0.39897124719975174,0.6010287528002483,0.6010287528002483,,,,
2023-08-14,,,,0.39028838388935666,,,0.39028838388935666,0.6097116161106433,0.6097116161106433,,,,
2023-08-15,,0.9508859733481102,,0.5620880071161356,,,0.756486990232123,0.24351300976787704,0.4379119928838644,0.0491140266518898,,,
2023-08-16,,0.8171048263145925,,,,,0.8171048263145925,0.18289517368540753,,0.18289517368540753,,,
2023-08-17,,,,0.41378939411626653,,,0.41378939411626653,0.5862106058837335,0.5862106058837335,,,,
2023-08-18,,0.6744212811514779,,,,,0.6744212811514779,0.3255787188485221,,0.3255787188485221,,,
2023-08-19,,,,,,,,,,,,,
2023-08-20,,0.39947155106218374,,0.3594180528948413,,,0.3794448019785125,0.6205551980214875,0.6405819471051587,0.6005284489378162,,,
2023-08-21,,,,0.29631773763904323,,,0.29631773763904323,0.7036822623609568,0.7036822623609568,,,,
2023-08-22,,,,0.1533404381175227,,,0.1533404381175227,0.8466595618824773,0.8466595618824773,,,,
2023-08-23,,0.6447439282907166,,0.2583350202718052,,,0.4515394742812609,0.5484605257187392,0.7416649797281948,0.3552560717092834,,,
2023-08-24,,0.5809250185499897,,,,,0.5809250185499897,0.4190749814500103,,0.4190749814500103,,,
2023-08-25,,0.3521721584246067,,0.36271645730013763,,,0.35744430786237213,0.6425556921376279,0.6372835426998624,0.6478278415753933,,,
2023-08-26,,,,0.400480912255382,,,0.400480912255382,0.5995190877446179,0.5995190877446179,,,,
2023-08-27,,,,,,,,,,,,,
2023-08-28,,,,0.20338274240750268,,,0.20338274240750268,0.7966172575924974,0.7966172575924974,,,,
2023-08-29,,0.6541113489546225,,0.396485245119162,,,0.5252982970368922,0.47470170296310776,0.603514754880838,0.34588865104537747,,,
2023-08-30,,0.332271339673921,,,,,0.332271339673921,0.667728660326079,,0.667728660326079,,,
2023-08-31,,,,,,,,,,,,,
2023-09-01,,0.7526280026187129,,0.2965946954041849,,,0.5246113490114489,0.4753886509885511,0.7034053045958151,0.24737199738128712,,,
2023-09-02,,,,,,,,,,,,,
2023-09-03,,,,,,,,,,,,,
2023-09-04,,,,0.3087873057601135,,,0.3087873057601135,0.6912126942398865,0.6912126942398865,,,,
2023-09-05,,,,,,,,,,,,,
2023-09-06,,,,0.5061885148457076,,,0.5061885148457076,0.4938114851542924,0.4938114851542924,,,,
2023-09-07,,0.5771551879168237,,,,,0.5771551879168237,0.42284481208317626,,0.42284481208317626,,,
2023-09-08,,,,0.3295449891052847,,,0.3295449891052847,0.6704550108947154,0.6704550108947154,,,,
2023-09-09,,,,,,,,,,,,,
2023-09-10,,,,,,,,,,,,,
2023-09-11,,,,,,,,,,,,,
2023-09-12,,,,,,,,,,,,,
2023-09-13,,,,,,,,,,,,,
2023-09-14,,,,,,,,,,,,,
2023-09-15,,,,,,,,,,,,,
2023-09-16,,,,,,,,,,,,,
2023-09-17,,,,,,,,,,,,,
2023-09-18,,,,,,,,,,,,,
2023-09-19,,,,0.9701560964225182,,,0.9701560964225182,0.02984390357748179,0.02984390357748179,,,,
2023-09-20,,,,0.469906983656588,,,0.469906983656588,0.530093016343412,0.530093016343412,,,,
2023-09-21,,,,0.20678446754363303,,,0.20678446754363303,0.793215532456367,0.793215532456367,,,,
2023-09-22,,,,,,,,,,,,,
2023-09-23,,,,,,,,,,,,,
2023-09-24,,,,,,,,,,,,,
2023-09-25,,,,0.5572647015431264,,,0.5572647015431264,0.44273529845687365,0.44273529845687365,,,,
2023-09-26,,0.5742272205900848,,0.6861233571265115,,,0.6301752888582981,0.3698247111417019,0.3138766428734885,0.4257727794099152,,,
2023-09-27,,,,0.5500494408298937,,,0.5500494408298937,0.4499505591701063,0.4499505591701063,,,,
2023-09-28,,0.40041704645183346,,0.7073980073190274,,,0.5539075268854304,0.44609247311456957,0.29260199268097264,0.5995829535481665,,,
2023-09-29,,0.5361175461371703,,,,,0.5361175461371703,0.46388245386282967,,0.46388245386282967,,,
2023-09-30,,,,0.6847629372241255,,,0.6847629372241255,0.3152370627758745,0.3152370627758745,,,,
2023-10-01,,0.23838780015238994,,0.4620538099841908,,,0.3502208050682904,0.6497791949317095,0.5379461900158091,0.7616121998476101,,,
2023-10-02,,0.2951804004156824,,0.45973267044213745,,,0.3774565354289099,0.6225434645710901,0.5402673295578626,0.7048195995843176,,,
2023-10-03,,,,0.2815618462782702,,,0.2815618462782702,0.7184381537217298,0.7184381537217298,,,,
2023-10-04,,,,0.3363807484656081,,,0.3363807484656081,0.6636192515343919,0.6636192515343919,,,,
2023-10-05,,,,,,,,,,,,,
2023-10-06,,,,0.47638655704950655,,,0.47638655704950655,0.5236134429504935,0.5236134429504935,,,,
2023-10-07,,,,0.17490624091139587,,,0.17490624091139587,0.8250937590886042,0.8250937590886042,,,,
2023-10-08,,,,,,,,,,,,,
2023-10-09,,,,0.26037356736039935,,,0.26037356736039935,0.7396264326396007,0.7396264326396007,,,,
2023-10-10,0.5162560640622174,,,0.2582168043915908,,,0.38723643422690407,0.6127635657730959,0.7417831956084092,,,,0.48374393593778264
2023-10-11,,,,0.18536472583060887,,,0.18536472583060887,0.8146352741693912,0.8146352741693912,,,,
2023-10-12,,,,0.23839012944197788,,,0.23839012944197788,0.7616098705580221,0.7616098705580221,,,,
2023-10-13,,,,0.21901681112442142,,,0.21901681112442142,0.7809831888755786,0.7809831888755786,,,,
2023-10-14,,,,0.1917177502886458,,,0.1917177502886458,0.8082822497113542,0.8082822497113542,,,,
2023-10-15,0.42242513874987786,,,0.1478890488895461,,,0.285157093819712,0.714842906180288,0.8521109511104539,,,,0.5775748612501221
2023-10-16,,,,0.23387890043484957,,,0.23387890043484957,0.7661210995651504,0.7661210995651504,,,,
2023-10-17,0.4427350467374525,,,0.13116474055774197,,,0.28694989364759727,0.7130501063524027,0.868835259442258,,,,0.5572649532625475
2023-10-18,0.3869835434691469,,,,,,0.3869835434691469,0.6130164565308531,,,,,0.6130164565308531
2023-10-19,0.44892021051335046,,,,,,0.44892021051335046,0.5510797894866495,,,,,0.5510797894866495
2023-10-20,,,,0.46957391028073464,,,0.46957391028073464,0.5304260897192654,0.5304260897192654,,,,
2023-10-21,0.5171542898214437,,,0.24602260956236352,,,0.38158844969190364,0.6184115503080964,0.7539773904376365,,,,0.48284571017855626
2023-10-22,,,,0.21082252833947612,,,0.21082252833947612,0.7891774716605239,0.7891774716605239,,,,
2023-10-23,,,,0.3193668056915211,,,0.3193668056915211,0.6806331943084789,0.6806331943084789,,,,
2023-10-24,,0.5811636326344854,,0.2192580942906933,,,0.4002108634625894,0.5997891365374106,0.7807419057093067,0.41883636736551455,,,
2023-10-25,,,,0.31666333954896886,,,0.31666333954896886,0.6833366604510311,0.6833366604510311,,,,
2023-10-26,,,,0.5548628080550277,,,0.5548628080550277,0.44513719194497225,0.44513719194497225,,,,
2023-10-27,,,,0.3039456483778747,,,0.3039456483778747,0.6960543516221254,0.6960543516221254,,,,
2023-10-28,,,,,,,,,,,,,
2023-10-29,,,,,,,,,,,,,
2023-10-30,,,,,,,,,,,,,
2023-10-31,,,,0.20671163298810186,,,0.20671163298810186,0.7932883670118982,0.7932883670118982,,,,
2023-11-01,,,,0.7869097015314459,,,0.7869097015314459,0.2130902984685541,0.2130902984685541,,,,
2023-11-02,,,,0.6072001233406168,,,0.6072001233406168,0.3927998766593832,0.3927998766593832,,,,
2023-11-03,0.3295789497319101,,,0.5522977604189734,,,0.44093835507544177,0.5590616449245582,0.4477022395810266,,,,0.6704210502680898
2023-11-04,,,,0.7068120207075783,,,0.7068120207075783,0.2931879792924217,0.2931879792924217,,,,
2023-11-05,,,,0.6763268931936083,,,0.6763268931936083,0.3236731068063917,0.3236731068063917,,,,
2023-11-06,0.24365617149265645,,,0.8103340515538259,,,0.5269951115232412,0.4730048884767588,0.18966594844617413,,,,0.7563438285073436
2023-11-07,,,,0.6843970889577007,,,0.6843970889577007,0.3156029110422993,0.3156029110422993,,,,
2023-11-08,,,,0.14275205421934029,,,0.14275205421934029,0.8572479457806597,0.8572479457806597,,,,
2023-11-09,,,,0.5911126080458656,,,0.5911126080458656,0.40888739195413437,0.40888739195413437,,,,
2023-11-10,,0.8421783524804338,,0.4303311458941086,,,0.6362547491872712,0.3637452508127288,0.5696688541058914,0.15782164751956618,,,
2023-11-11,,,,0.6513662091499547,,,0.6513662091499547,0.3486337908500453,0.3486337908500453,,,,
2023-11-12,,,,,,,,,,,,,
2023-11-13,,,,,,,,,,,,,
2023-11-14,,,,,,,,,,,,,
2023-11-15,,,,,,,,,,,,,
2023-11-16,,,,,,,,,,,,,
2023-11-17,,,,,,,,,,,,,
2023-11-18,,,,,,,,,,,,,
2023-11-19,,,,0.939096473886616,,,0.939096473886616,0.06090352611338401,0.06090352611338401,,,,
2023-11-20,,,,0.4862769625312848,,,0.4862769625312848,0.5137230374687152,0.5137230374687152,,,,
2023-11-21,,,,0.7833414197377134,,,0.7833414197377134,0.21665858026228657,0.21665858026228657,,,,
2023-11-22,,,,0.897043241807959,,,0.897043241807959,0.10295675819204098,0.10295675819204098,,,,
2023-11-23,,,,0.44187364147330577,,,0.44187364147330577,0.5581263585266942,0.5581263585266942,,,,
2023-11-24,,,,0.7987655183401563,,,0.7987655183401563,0.2012344816598437,0.2012344816598437,,,,
2023-11-25,,,,0.8799485513641973,,,0.8799485513641973,0.12005144863580275,0.12005144863580275,,,,
2023-11-26,0.3769365015286932,,,0.5623529823477087,,,0.46964474193820094,0.5303552580617991,0.4376470176522913,,,,0.6230634984713068
2023-11-27,,,,0.8408762960465868,,,0.8408762960465868,0.15912370395341324,0.15912370395341324,,,,
2023-11-28,,,,0.8155466281065797,,,0.8155466281065797,0.18445337189342026,0.18445337189342026,,,,
2023-11-29,,,,,,,,,,,,,
2023-11-30,,,,0.31398957900378804,,,0.31398957900378804,0.6860104209962119,0.6860104209962119,,,,
2023-12-01,0.2275665480303846,0.4555706831375607,,0.6011343168778865,,,0.42809051601527726,0.5719094839847227,0.39886568312211346,0.5444293168624392,,,0.7724334519696154
2023-12-02,,,,0.22765108691421504,,,0.22765108691421504,0.772348913085785,0.772348913085785,,,,
2023-12-03,,0.6474393531027878,,0.6357575944930826,,,0.6415984737979352,0.3584015262020648,0.36424240550691744,0.3525606468972122,,,
2023-12-04,,0.6680839240191746,,0.7093431593030703,,,0.6887135416611225,0.31128645833887747,0.29065684069692965,0.3319160759808254,,,
2023-12-05,,,,0.1799704410097439,,,0.1799704410097439,0.8200295589902561,0.8200295589902561,,,,
2023-12-06,,0.8221031436947703,,0.8333867934769553,,,0.8277449685858629,0.17225503141413712,0.16661320652304468,0.17789685630522967,,,
2023-12-07,,0.7694149533721015,,0.5206811509723333,,,0.6450480521722174,0.3549519478277826,0.47931884902766675,0.23058504662789847,,,
2023-12-08,,0.7543015326796484,,0.42211923955355446,,,0.5882103861166015,0.4117896138833985,0.5778807604464455,0.2456984673203516,,,
2023-12-09,,0.6351047400808676,,0.6290241448430973,,,0.6320644424619825,0.36793555753801754,0.3709758551569027,0.3648952599191324,,,
2023-12-10,,0.6987795319251159,,0.669103853764354,,,0.6839416928447349,0.31605830715526506,0.330896146235646,0.3012204680748841,,,
2023-12-11,,0.7210865073728571,,0.4456509685994006,,,0.5833687379861289,0.41663126201387113,0.5543490314005994,0.27891349262714293,,,
2023-12-12,,0.6819409751761755,,0.5202368845552274,,,0.6010889298657014,0.3989110701342986,0.47976311544477257,0.31805902482382453,,,
2023-12-13,,0.6838059616840796,,0.752038646497009,,,0.7179223040905442,0.28207769590945575,0.24796135350299098,0.3161940383159204,,,
2023-12-14,,0.689337803221925,,0.6601624463925416,,,0.6747501248072333,0.3252498751927667,0.3398375536074584,0.31066219677807505,,,
2023-12-15,,0.6738467956951163,,0.573601153001069,,,0.6237239743480927,0.3762760256519073,0.42639884699893105,0.3261532043048837,,,
2023-12-16,,0.6803425255479826,,0.7058015642643705,,,0.6930720449061765,0.30692795509382353,0.29419843573562954,0.3196574744520174,,,
2023-12-17,,0.6486313399641669,,0.664042186531184,,,0.6563367632476754,0.3436632367523246,0.33595781346881604,0.3513686600358331,,,
2023-12-18,,0.6022508137594544,,0.5728113737815382,,,0.5875310937704963,0.4124689062295037,0.42718862621846176,0.39774918624054556,,,
2023-12-19,,0.6403297947777004,,0.7745322460021213,,,0.7074310203899108,0.2925689796100892,0.22546775399787866,0.35967020522229964,,,
2023-12-20,,0.6090073363768174,,0.7970476878873184,,,0.7030275121320679,0.29697248786793207,0.2029523121126816,0.39099266362318263,,,
2023-12-21,,0.6588945633822894,0.8879457319684537,0.6855122459873056,,,0.7441175137793495,0.25588248622065046,0.31448775401269435,0.34110543661771064,0.11205426803154628,,
2023-12-22,,0.591457265254989,0.46261133927883746,0.5893743312758025,,,0.5478143119365431,0.45218568806345694,0.4106256687241975,0.408542734745011,0.5373886607211625,,
2023-12-23,,0.5079885571659126,,0.6816983958908281,,,0.5948434765283703,0.40515652347162967,0.31830160410917185,0.4920114428340874,,,
2023-12-24,,0.4953236703916147,,0.5744497713407375,,,0.5348867208661761,0.46511327913382394,0.4255502286592625,0.5046763296083854,,,
2023-12-25,,0.5095180452412295,,0.5302019927742231,,,0.5198600190077263,0.48013998099227373,0.4697980072257769,0.49048195475877054,,,
2023-12-26,,0.5467933812380114,,0.8350484102559836,,,0.6909208957469974,0.30907910425300256,0.16495158974401636,0.45320661876198864,,,
2023-12-27,,0.5253854262184633,0.7809452590578689,0.8457167110558946,,,0.7173491321107422,0.28265086788925775,0.15428328894410537,0.4746145737815367,0.21905474094213107,,
2023-12-28,,0.5118398883592274,,0.6472164760907513,,,0.5795281822249894,0.42047181777501064,0.3527835239092487,0.48816011164077255,,,
2023-12-29,,0.6194796338117414,,0.6970831250060455,,,0.6582813794088935,0.34171862059110647,0.3029168749939545,0.3805203661882586,,,
2023-12-30,,0.5156459054660162,,0.638343738086276,,,0.576994821776146,0.423005178223854,0.361656261913724,0.4843540945339838,,,
2023-12-31,,0.4793718041815651,,0.3543103653496091,,,0.4168410847655871,0.5831589152344129,0.6456896346503909,0.5206281958184349,,,
2024-01-01,,0.6391610864604267,0.3280112686609698,0.7277780865586417,,,0.5649834805600128,0.4350165194399872,0.27222191344135827,0.3608389135395733,0.6719887313390303,,
2024-01-02,,0.5510550158973232,0.4835949608616485,0.6791598058031814,,,0.5712699275207177,0.4287300724792823,0.32084019419681864,0.4489449841026768,0.5164050391383515,,
2024-01-03,,0.6546512423973738,0.6299347144648261,0.6934249791394254,,,0.6593369786672084,0.3406630213327916,0.30657502086057464,0.3453487576026262,0.3700652855351739,,
2024-01-04,,0.6766267941509881,0.3783857781610151,0.67410272408064,,,0.5763717654642143,0.4236282345357857,0.32589727591936,0.32337320584901186,0.6216142218389848,,
2024-01-05,,0.6970433396686964,0.439376537624175,0.7356169395358987,,,0.6240122722762567,0.37598772772374334,0.2643830604641013,0.30295666033130364,0.560623462375825,,
2024-01-06,,0.6517360928394504,0.4711077051447105,0.7680227848682553,,,0.6302888609508054,0.3697111390491946,0.23197721513174474,0.34826390716054956,0.5288922948552894,,
2024-01-07,,0.6604626663406399,,0.8445386578704929,,,0.7525006621055663,0.24749933789443368,0.15546134212950713,0.3395373336593601,,,
2024-01-08,,0.6391249602528251,,0.8236944917549716,,,0.7314097260038983,0.2685902739961017,0.17630550824502844,0.36087503974717494,,,
2024-01-09,,0.590769159418353,,0.873812594235334,,,0.7322908768268435,0.26770912317315654,0.12618740576466603,0.40923084058164705,,,
2024-01-10,,0.43390152769331314,,0.83506501814555,,,0.6344832729194316,0.36551672708056837,0.16493498185445,0.5660984723066869,,,
2024-01-11,,0.09704373722772318,,0.7578269346592755,,,0.42743533594349936,0.5725646640565006,0.24217306534072447,0.9029562627722768,,,
2024-01-12,,0.3328302260115274,0.31286335473958576,0.8047184604031699,,,0.48347068038476104,0.516529319615239,0.19528153959683014,0.6671697739884725,0.6871366452604142,,
2024-01-13,,0.5531496559794722,0.45302150550719933,0.3562975058968042,,,0.4541562224611586,0.5458437775388414,0.6437024941031958,0.4468503440205278,0.5469784944928007,,
2024-01-14,,0.6568541713489874,,,,,0.6568541713489874,0.3431458286510126,,0.3431458286510126,,,
2024-01-15,,0.5301853285731414,,0.6040217197058105,,,0.567103524139476,0.43289647586052404,0.39597828029418947,0.4698146714268586,,,
2024-01-16,,0.5950765649179462,0.7805428016990622,0.6212902009192656,,,0.6656365225120914,0.3343634774879086,0.37870979908073443,0.40492343508205375,0.2194571983009378,,
2024-01-17,,0.418370973199672,0.7848378978527821,0.48798651360790485,,,0.5637317948867864,0.4362682051132136,0.5120134863920951,0.581629026800328,0.21516210214721787,,
2024-01-18,,0.22452724783648353,0.7918516884911162,0.7257808570252487,,,0.5807199311176161,0.4192800688823839,0.27421914297475125,0.7754727521635165,0.2081483115088838,,
2024-01-19,,0.18818386268651008,0.8837225016930425,0.4358460759563828,,,0.502584146778645,0.49741585322135495,0.5641539240436172,0.8118161373134899,0.11627749830695755,,
2024-01-20,,0.19592321043900088,0.8303158564316626,0.44935566390724696,,,0.4918649102593035,0.5081350897406964,0.5506443360927531,0.8040767895609992,0.1696841435683374,,
2024-01-21,,0.47355297874843555,,0.36338470657157107,,,0.4184688426600033,0.5815311573399967,0.6366152934284289,0.5264470212515644,,,
2024-01-22,,0.5689601049245019,0.4646177794078262,0.4953821272290759,,,0.5096533371871347,0.4903466628128653,0.5046178727709241,0.4310398950754981,0.5353822205921738,,
2024-01-23,,0.5081803639305464,,0.40468302476126866,,,0.4564316943459076,0.5435683056540924,0.5953169752387313,0.49181963606945356,,,
2024-01-24,,0.6336390677290544,,0.21329750908152537,,,0.4234682884052899,0.5765317115947102,0.7867024909184747,0.36636093227094557,,,
2024-01-25,,0.8805320180554407,0.9069429504630758,0.49268819366385896,,,0.7600543873941251,0.23994561260587488,0.507311806336141,0.11946798194455932,0.09305704953692417,,
2024-01-26,,0.542498719330248,,0.5011912665610504,,,0.5218449929456492,0.47815500705435077,0.4988087334389496,0.45750128066975204,,,
2024-01-27,,0.4645754782544621,,0.3886830370687078,,,0.426629257661585,0.573370742338415,0.6113169629312922,0.5354245217455379,,,
2024-01-28,,0.2846238445992931,,0.28161806368618875,,,0.2831209541427409,0.7168790458572591,0.7183819363138113,0.715376155400707,,,
2024-01-29,,0.2934471990974423,0.7561070038240388,,,,0.5247771014607405,0.4752228985392595,,0.7065528009025577,0.24389299617596116,,
2024-01-30,0.7406687182414509,0.5145234911193746,0.744865095335566,0.5451749361579954,,,0.6363080602135968,0.36369193978640324,0.4548250638420046,0.48547650888062543,0.255134904664434,,0.25933128175854914
2024-01-31,0.7120393796959407,0.09004887654072712,0.3662030933729158,0.5475901681717369,,,0.4289703794453301,0.5710296205546699,0.4524098318282631,0.9099511234592729,0.6337969066270842,,0.28796062030405933
2024-02-01,0.5723669947865836,0.4255762985694339,,0.5387057207709955,,,0.5122163380423377,0.4877836619576623,0.46129427922900446,0.5744237014305661,,,0.4276330052134164
2024-02-02,0.22400935445323528,0.6836208487726089,,0.5577000033606352,,,0.4884434021954931,0.5115565978045069,0.4422999966393648,0.31637915122739113,,,0.7759906455467647
2024-02-03,0.17669802209587124,0.9185209368205719,0.611926139461757,0.47462471779606735,,,0.5454424540435668,0.45455754595643316,0.5253752822039326,0.0814790631794281,0.388073860538243,,0.8233019779041287
2024-02-04,0.16646479272170892,0.6545948823168024,0.5791403893211847,,,,0.46673335478656536,0.5332666452134347,,0.3454051176831976,0.4208596106788153,,0.8335352072782911
2024-02-05,,0.6088224766326369,0.6205757839384141,0.34625231461527606,,,0.5252168583954423,0.4747831416045577,0.6537476853847239,0.3911775233673631,0.37942421606158594,,
2024-02-06,,0.31305330999795705,0.5373237058348219,0.36788975047437966,,,0.40608892210238623,0.5939110778976138,0.6321102495256203,0.6869466900020429,0.4626762941651781,,
2024-02-07,,0.882911698816867,0.46654990986684364,0.46116184061567966,,,0.6035411497664634,0.39645885023353655,0.5388381593843203,0.11708830118313296,0.5334500901331564,,
2024-02-08,,0.287735079422678,0.570106366093462,0.3401546112213925,,,0.39933201891251086,0.6006679810874891,0.6598453887786075,0.7122649205773219,0.429893633906538,,
2024-02-09,,0.8120683932209566,,0.11340396554124514,,,0.46273617938110084,0.5372638206188991,0.8865960344587549,0.18793160677904341,,,
2024-02-10,,0.9472832776215536,,0.42203947270931685,,,0.6846613751654352,0.31533862483456476,0.5779605272906831,0.05271672237844638,,,
2024-02-11,,0.9346853881044012,0.5530072387435508,0.5084554205116467,,,0.6653826824531995,0.33461731754680046,0.4915445794883533,0.06531461189559884,0.44699276125644916,,
2024-02-12,,0.5814168488606335,0.8100758273819005,0.5344110523672767,,,0.6419679095366035,0.35803209046339646,0.4655889476327233,0.4185831511393665,0.18992417261809946,,
2024-02-13,,0.8856290285170829,0.6804280202563598,0.49857909066777806,,,0.688212046480407,0.311787953519593,0.5014209093322219,0.11437097148291708,0.31957197974364016,,
2024-02-14,,0.8709720244606199,0.6990063498381095,0.49301504824659437,,,0.6876644741817746,0.31233552581822543,0.5069849517534056,0.12902797553938006,0.3009936501618905,,
2024-02-15,,0.9194708443512452,0.6347845446707346,0.42223593396723763,,,0.6588304409964059,0.34116955900359414,0.5777640660327623,0.08052915564875485,0.36521545532926536,,
2024-02-16,,0.8536904300804553,0.4799682074722996,0.23275083012921685,,,0.5221364892273239,0.4778635107726761,0.7672491698707832,0.1463095699195447,0.5200317925277004,,
2024-02-17,,0.8037063607089595,0.5109443133037556,0.3910636924209583,,,0.5685714554778911,0.4314285445221089,0.6089363075790417,0.1962936392910405,0.48905568669624444,,
2024-02-18,,0.8058645727165786,0.7894333009419905,0.36879003373106223,,,0.654695969129877,0.34530403087012296,0.6312099662689378,0.19413542728342137,0.2105666990580095,,
2024-02-19,,0.9585831248706327,0.5904429467131116,0.2701173026328237,,,0.606381124738856,0.39361887526114403,0.7298826973671764,0.041416875129367314,0.4095570532868884,,
2024-02-20,,0.8792473331589331,,0.342159854652324,,,0.6107035939056286,0.38929640609437144,0.657840145347676,0.12075266684106689,,,
2024-02-21,,0.7016939020576154,0.6085579166266492,0.7015468600228913,,,0.670599559569052,0.32940044043094796,0.29845313997710865,0.2983060979423846,0.39144208337335085,,
2024-02-22,,0.7747258576091577,0.7141697188809742,0.5350958691060802,,,0.6746638151987373,0.3253361848012627,0.4649041308939198,0.2252741423908423,0.28583028111902575,,
2024-02-23,,0.8081672477869908,0.5075441807925032,0.4420069805526194,,,0.5859061363773711,0.4140938636226289,0.5579930194473806,0.19183275221300922,0.4924558192074968,,
2024-02-24,,0.7301285482704716,0.8286363662598967,0.4219644645930272,,,0.6602431263744651,0.33975687362553486,0.5780355354069728,0.2698714517295284,0.17136363374010333,,
2024-02-25,,0.7052021017558285,0.7143414326026977,0.366550212494483,,,0.5953645822843364,0.4046354177156636,0.633449787505517,0.29479789824417146,0.28565856739730233,,
2024-02-26,,0.7967974721344756,0.5263511931749413,0.2921335866973172,,,0.538427417335578,0.461572582664422,0.7078664133026829,0.2032025278655244,0.4736488068250587,,
2024-02-27,,0.7317645719601583,0.620964127483747,0.40714025956810224,,,0.5866229863373359,0.4133770136626641,0.5928597404318978,0.2682354280398417,0.37903587251625304,,
2024-02-28,,0.8588426563858514,0.39770252580548415,0.18395594381669583,,,0.4801670420026771,0.5198329579973229,0.8160440561833042,0.14115734361414856,0.6022974741945158,,
2024-02-29,,0.8224890076607718,0.7577911264449172,0.05683091043851556,,,0.5457036815147348,0.4542963184852652,0.9431690895614845,0.17751099233922818,0.2422088735550828,,
2024-03-01,,0.48808963200842176,0.621038961391467,0.04388695827497008,,,0.38433851722495294,0.6156614827750471,0.9561130417250299,0.5119103679915782,0.37896103860853303,,
2024-03-02,,0.22324504236709142,0.8015838738488319,0.18005944411618363,,,0.40162945344403567,0.5983705465559643,0.8199405558838164,0.7767549576329086,0.1984161261511681,,
2024-03-03,,0.5451736227680423,,0.4457802847982045,,,0.4954769537831234,0.5045230462168766,0.5542197152017956,0.45482637723195773,,,
2024-03-04,,0.7433094448322406,0.6694811204592067,0.5295251185908892,,,0.6474385612941121,0.35256143870588785,0.47047488140911076,0.2566905551677594,0.3305188795407933,,
2024-03-05,,0.5077776383947794,0.34762704633114055,,,,0.42770234236296,0.57229765763704,,0.4922223616052206,0.6523729536688594,,
2024-03-06,,0.6443505074312144,0.33495669117170257,0.3791214955300499,,,0.45280956471098893,0.5471904352890111,0.6208785044699501,0.35564949256878564,0.6650433088282974,,
2024-03-07,,0.6177741049752893,0.30895669222398514,0.22600495160899078,,,0.3842452496027551,0.6157547503972449,0.7739950483910092,0.3822258950247107,0.6910433077760149,,
2024-03-08,,0.5789112134368418,0.6106764353139125,0.44093631524729965,,,0.5435079879993513,0.4564920120006487,0.5590636847527004,0.4210887865631582,0.38932356468608753,,
2024-03-09,,0.7137189813655558,0.6660584072770199,0.5475212217754543,,,0.6424328701393432,0.35756712986065675,0.45247877822454574,0.2862810186344442,0.3339415927229801,,
2024-03-10,,0.8574719310222667,0.49399142544296015,0.3845584258297507,,,0.5786739274316592,0.42132607256834076,0.6154415741702493,0.1425280689777333,0.5060085745570398,,
2024-03-11,,0.8283365528918826,0.3811418632993599,0.2042711067851722,,,0.4712498409921382,0.5287501590078618,0.7957288932148278,0.17166344710811743,0.61885813670064,,
2024-03-12,,0.8545441163522504,0.2808774608582393,0.3043968729025403,,,0.47993948337101,0.52006051662899,0.6956031270974596,0.14545588364774964,0.7191225391417607,,
2024-03-13,,0.822081078673482,,0.6026403218582544,,,0.7123607002658683,0.2876392997341317,0.39735967814174555,0.177918921326518,,,
2024-03-14,,0.7912361869763509,0.5966864432430001,0.3530167030317777,,,0.5803131110837095,0.41968688891629047,0.6469832969682223,0.2087638130236491,0.40331355675699987,,
2024-03-15,,0.7559980814092137,0.8173014408085021,0.34513157262574146,,,0.6394770316144857,0.36052296838551434,0.6548684273742585,0.24400191859078635,0.1826985591914979,,
2024-03-16,,0.635720865084869,0.19535376403334867,0.4096026235326707,,,0.4135590842169628,0.5864409157830373,0.5903973764673294,0.364279134915131,0.8046462359666513,,
2024-03-17,,0.5182404676964262,0.3184378346170583,0.4807972038484324,,,0.4391585020539723,0.5608414979460277,0.5192027961515676,0.4817595323035738,0.6815621653829417,,
2024-03-18,,0.780654364287793,0.6961202530666891,0.23803229824947483,,,0.5716023052013189,0.42839769479868106,0.7619677017505252,0.219345635712207,0.3038797469333109,,
2024-03-19,,0.613481875485276,0.23993470441708772,0.3887903172242558,,,0.4140689657088732,0.5859310342911268,0.6112096827757443,0.386518124514724,0.7600652955829122,,
2024-03-20,,0.5753825381515146,0.2884250546107984,0.1125954707871412,,,0.32546768784981805,0.674532312150182,0.8874045292128588,0.42461746184848537,0.7115749453892015,,
2024-03-21,,0.6955610785276672,0.5787892943423432,0.24854833408615193,,,0.5076329023187208,0.4923670976812792,0.751451665913848,0.30443892147233276,0.42121070565765684,,
2024-03-22,,0.3429853602321681,0.6211205059952655,0.2642520378440367,,,0.4094526346904901,0.5905473653095099,0.7357479621559633,0.6570146397678319,0.37887949400473453,,
2024-03-23,,0.4216260293446386,,0.2943986771629221,,,0.35801235325378034,0.6419876467462197,0.7056013228370779,0.5783739706553614,,,
2024-03-24,,0.5627580254678013,,,,,0.5627580254678013,0.4372419745321987,,0.4372419745321987,,,
2024-03-25,,0.532273935240804,0.7557987454366795,0.2097781489552763,,,0.4992836098775866,0.5007163901224134,0.7902218510447236,0.467726064759196,0.24420125456332054,,
2024-03-26,,0.5568197134148348,0.6726608226148618,0.3042333508116633,,,0.5112379622804534,0.4887620377195466,0.6957666491883367,0.4431802865851652,0.3273391773851382,,
2024-03-27,,0.37306315488484704,,0.1888129297114148,,,0.2809380422981309,0.7190619577018691,0.8111870702885852,0.6269368451151529,,,
2024-03-28,,0.4112863898895072,,0.20234776838766166,,,0.30681707913858447,0.6931829208614155,0.7976522316123383,0.5887136101104928,,,
2024-03-29,,0.3500265965794206,,0.19857116124578983,,,0.2742988789126052,0.7257011210873948,0.8014288387542101,0.6499734034205794,,,
2024-03-30,,0.6327409190304898,,,,,0.6327409190304898,0.3672590809695102,,0.3672590809695102,,,
2024-03-31,,0.6969349222750295,,,,,0.6969349222750295,0.3030650777249705,,0.3030650777249705,,,
2024-04-01,,0.3691586296649198,0.7507800968496543,0.1530567370318412,,,0.42433182118213847,0.5756681788178615,0.8469432629681588,0.6308413703350801,0.2492199031503457,,
2024-04-02,,0.7252250177466554,0.7290385871630791,,,,0.7271318024548672,0.2728681975451328,,0.2747749822533446,0.2709614128369209,,
2024-04-03,,0.6182220056989625,0.5911586708050505,0.43631547382004715,,,0.5485653834413534,0.4514346165586466,0.5636845261799528,0.38177799430103754,0.40884132919494953,,
2024-04-04,,0.5276984785676949,0.4388149969503603,0.4282488407393822,,,0.46492077208581245,0.5350792279141876,0.5717511592606178,0.4723015214323051,0.5611850030496397,,
2024-04-05,,0.5800836431042609,0.33028813221896897,0.43419103112711027,,,0.4481876021501134,0.5518123978498866,0.5658089688728898,0.41991635689573914,0.669711867781031,,
2024-04-06,,0.654246983758059,,0.39854269101360623,,,0.5263948373858326,0.4736051626141674,0.6014573089863937,0.345753016241941,,,
2024-04-07,,0.6725943126790174,,,,,0.6725943126790174,0.32740568732098263,,0.32740568732098263,,,
2024-04-08,,0.7319779642202321,0.529212238841641,,,,0.6305951015309366,0.36940489846906344,,0.2680220357797679,0.47078776115835896,,
2024-04-09,,0.7728026993359002,0.6797179370575668,,,,0.7262603181967335,0.27373968180326647,,0.22719730066409982,0.3202820629424332,,
2024-04-10,,0.6899302941278711,0.36168026580810575,0.6644814214406608,,,0.5720306604588793,0.4279693395411207,0.3355185785593392,0.3100697058721289,0.6383197341918943,,
2024-04-11,,0.7283542215133707,0.6623685748427464,,,,0.6953613981780585,0.30463860182194147,,0.2716457784866293,0.33763142515725364,,
2024-04-12,0.38397825716629863,0.6381609691775612,0.4248295013183268,0.4483233035310387,,,0.47382300779830633,0.5261769922016937,0.5516766964689612,0.36183903082243885,0.5751704986816732,,0.6160217428337014
2024-04-13,0.39123101202944777,0.5933416370639123,0.38702689425060477,,,,0.45719984778132156,0.5428001522186785,,0.4066583629360877,0.6129731057493952,,0.6087689879705522
2024-04-14,0.40869645910112934,0.719530899866985,0.7561259175509489,0.6982208820504155,,,0.6456435396423698,0.35435646035763024,0.30177911794958445,0.28046910013301496,0.24387408244905107,,0.5913035408988707
2024-04-15,0.32882373485058075,0.7803353174556457,0.42180701198513587,,,,0.5103220214304541,0.48967797856954587,,0.21966468254435434,0.5781929880148642,,0.6711762651494193
2024-04-16,0.17008876081333293,0.6681915412658037,0.5465051849773968,0.40821640491877986,,,0.44825047299382825,0.5517495270061717,0.5917835950812201,0.3318084587341963,0.45349481502260325,,0.8299112391866671
2024-04-17,0.4199604432319414,0.6020498889903553,0.30061037885472136,,,,0.44087357035900604,0.5591264296409939,,0.3979501110096447,0.6993896211452786,,0.5800395567680585
2024-04-18,,0.6303503850312469,0.5854668338146009,0.4473305129550233,,,0.5543825772669569,0.44561742273304306,0.5526694870449766,0.36964961496875315,0.41453316618539915,,
2024-04-19,,0.6151307302243995,0.5714696983551149,0.4337072834904459,,,0.5401025706899868,0.4598974293100132,0.5662927165095542,0.38486926977560054,0.42853030164488515,,
2024-04-20,,0.5025539174605834,0.763440217522228,0.3746299751671581,,,0.5468747033833231,0.4531252966166769,0.6253700248328419,0.4974460825394166,0.23655978247777198,,
2024-04-21,,0.4784127462753425,0.347222652079556,0.3262367659807182,,,0.38395738811187224,0.6160426118881277,0.6737632340192818,0.5215872537246575,0.652777347920444,,
2024-04-22,,0.48042085127577533,0.5335208553514067,0.337861288727629,,,0.45060099845160373,0.5493990015483963,0.662138711272371,0.5195791487242247,0.4664791446485933,,
2024-04-23,,0.49551415006324295,0.5192195481261447,,,,0.5073668490946939,0.4926331509053061,,0.504485849936757,0.4807804518738553,,
2024-04-24,,0.5122316286708515,0.9431548032531034,0.04136865062715379,,,0.49891836085036956,0.5010816391496304,0.9586313493728462,0.4877683713291485,0.05684519674689659,,
2024-04-25,,0.510045756950388,0.5336977579012259,,,,0.5218717574258069,0.47812824257419306,,0.489954243049612,0.46630224209877413,,
2024-04-26,,0.5119601752994184,0.43765741835641464,0.3287853670033493,,,0.42613432021972747,0.5738656797802726,0.6712146329966506,0.4880398247005816,0.5623425816435854,,
2024-04-27,,0.5757012318979887,0.733245487941881,0.3675201028860305,,,0.5588222742419667,0.44117772575803327,0.6324798971139696,0.4242987681020113,0.26675451205811895,,
2024-04-28,,0.43423585016179783,0.5904367666886997,,,,0.5123363084252488,0.4876636915747512,,0.5657641498382022,0.4095632333113003,,
2024-04-29,,0.43803260367700486,,0.3643598274845487,,,0.4011962155807768,0.5988037844192232,0.6356401725154512,0.5619673963229952,,,
2024-04-30,,0.2722655553949887,0.22563823314042838,0.17671470353830437,,,0.2248728306912405,0.7751271693087595,0.8232852964616957,0.7277344446050114,0.7743617668595716,,
2024-05-01,,0.5935368352790696,0.08682101163799719,0.3524049310067122,,,0.34425425930792636,0.6557457406920737,0.6475950689932878,0.40646316472093036,0.9131789883620028,,
2024-05-02,,0.5356225611166142,0.4318624677001937,0.2627537346724245,,,0.41007958782974413,0.5899204121702559,0.7372462653275755,0.4643774388833858,0.5681375322998063,,
2024-05-03,,0.5189018250145173,0.6783121153862247,0.2921449418499341,,,0.49645296075022544,0.5035470392497745,0.7078550581500659,0.4810981749854827,0.3216878846137753,,
2024-05-04,,0.5173823758103613,0.6925901408161313,0.3801562113618178,,,0.5300429093294369,0.4699570906705631,0.6198437886381822,0.4826176241896387,0.30740985918386865,,
2024-05-05,,0.5172378626263606,,0.15561662929977071,,,0.33642724596306567,0.6635727540369343,0.8443833707002293,0.4827621373736394,,,
2024-05-06,,0.3798074697982084,,0.4235355164660247,,,0.4016714931321166,0.5983285068678834,0.5764644835339753,0.6201925302017917,,,
2024-05-07,,0.38279744118589004,0.7723966111821297,0.3949427037188749,,,0.5167122520289649,0.48328774797103513,0.6050572962811251,0.6172025588141099,0.22760338881787034,,
2024-05-08,,0.4447614206236483,0.5133413049620461,0.2583294683232738,,,0.40547739796965604,0.594522602030344,0.7416705316767263,0.5552385793763517,0.4866586950379539,,
2024-05-09,,0.4371618020255752,0.9206483132612348,0.30941189516081746,,,0.5557406701492091,0.44425932985079086,0.6905881048391825,0.5628381979744248,0.07935168673876525,,
2024-05-10,,0.5378666017690126,,0.4340914811521745,,,0.48597904146059356,0.5140209585394064,0.5659085188478254,0.4621333982309874,,,
2024-05-11,,0.6157081010204318,,,,,0.6157081010204318,0.38429189897956817,,0.38429189897956817,,,
2024-05-12,,0.6333050309425848,,,,,0.6333050309425848,0.36669496905741517,,0.36669496905741517,,,
2024-05-13,,0.6525574576025814,,0.38303910025264365,,,0.5177982789276125,0.48220172107238746,0.6169608997473564,0.34744254239741856,,,
2024-05-14,,0.5929433247549272,0.6360883046740937,,,,0.6145158147145104,0.38548418528548956,,0.40705667524507283,0.3639116953259063,,
2024-05-15,,0.5289718601383259,0.7210436145763017,0.32442594607072955,,,0.5248138069284524,0.47518619307154764,0.6755740539292705,0.47102813986167413,0.27895638542369827,,
2024-05-16,,0.4594173291564232,0.9387532739104733,,,,0.6990853015334482,0.30091469846655183,,0.5405826708435768,0.06124672608952675,,
2024-05-17,,0.5774238674319696,0.838543950987445,,,,0.7079839092097073,0.29201609079029267,,0.4225761325680304,0.16145604901255495,,
2024-05-18,,0.5579130693355148,0.5155143305292123,,,,0.5367136999323635,0.4632863000676365,,0.44208693066448523,0.48448566947078775,,
2024-05-19,0.8601148729031706,0.4922008771502134,0.8289928695461891,0.19024806982040754,,,0.5928891723549952,0.40711082764500484,0.8097519301795925,0.5077991228497867,0.17100713045381088,,0.13988512709682943
2024-05-20,0.5212456047758082,0.6886564327289686,0.904095253969762,0.21447253251199563,,,0.5821174559966336,0.41788254400336644,0.7855274674880044,0.3113435672710314,0.09590474603023802,,0.47875439522419183
2024-05-21,0.09463757556729285,0.8898579789255475,0.7447354862353485,,,,0.5764103469093963,0.4235896530906037,,0.11014202107445248,0.25526451376465153,,0.9053624244327072
2024-05-22,0.07755539888176141,0.8890287109182317,0.7584570557753049,,,,0.5750137218584327,0.4249862781415673,,0.11097128908176834,0.24154294422469513,,0.9224446011182386
2024-05-23,0.03220067245459832,0.657074391452411,0.6057495075918632,0.47884837890472787,,,0.44346823760090004,0.5565317623991,0.5211516210952721,0.342925608547589,0.3942504924081368,,0.9677993275454017
2024-05-24,0.16255334729139864,0.10286685734398132,0.8498140989830094,0.30100999774693893,,,0.3540610753413321,0.645938924658668,0.6989900022530611,0.8971331426560187,0.1501859010169906,,0.8374466527086013
2024-05-25,0.026021018056974907,0.3763809998225446,0.5520762456593241,0.4585317676417631,,,0.35325250779515166,0.6467474922048484,0.5414682323582369,0.6236190001774554,0.4479237543406759,,0.9739789819430251
2024-05-26,,0.4380507553598838,0.5119166117514447,0.20393985444790722,,,0.3846357405197452,0.6153642594802549,0.7960601455520928,0.5619492446401162,0.48808338824855535,,
2024-05-27,0.2448306912285826,0.5755462183073292,0.4472154988535497,0.3359800653347476,,,0.40089311843105224,0.5991068815689478,0.6640199346652524,0.4244537816926708,0.5527845011464503,,0.7551693087714174
2024-05-28,,0.3521667306727122,0.6909922261304565,0.5651300561008329,,,0.5360963376346671,0.46390366236533287,0.4348699438991671,0.6478332693272878,0.3090077738695435,,
2024-05-29,0.2318201256991134,0.36267958839922554,0.6355384202226764,0.669341769513817,,,0.474844975958708,0.525155024041292,0.33065823048618304,0.6373204116007745,0.36446157977732363,,0.7681798743008866
2024-05-30,0.4692990956845046,0.291886905343296,0.5580230174809065,0.685082181729503,,,0.5010728000595526,0.49892719994044743,0.31491781827049703,0.708113094656704,0.44197698251909345,,0.5307009043154953
2024-05-31,0.18638016087930295,0.14340906699965164,0.5429827566908151,0.23567643856911122,,,0.27711210578472023,0.7228878942152798,0.7643235614308888,0.8565909330003484,0.4570172433091849,,0.813619839120697
2024-06-01,0.4555472865621865,0.46796587372348425,0.5128106767959871,0.16602841660773532,,,0.4005880634223483,0.5994119365776517,0.8339715833922647,0.5320341262765158,0.48718932320401287,,0.5444527134378134
2024-06-02,0.28685929446884356,0.6083916938185544,,0.6003397617038757,,,0.4985302499970912,0.5014697500029088,0.3996602382961243,0.3916083061814456,,,0.7131407055311565
2024-06-03,0.2551474469390681,0.5986046582629725,0.4117670992949006,0.2363608910105913,,,0.3754700238768831,0.6245299761231169,0.7636391089894087,0.4013953417370275,0.5882329007050995,,0.7448525530609319
2024-06-04,0.23868209209985902,0.7514232952037617,0.6195999768776531,0.20384618948327002,,,0.453387888416136,0.546612111583864,0.79615381051673,0.24857670479623828,0.3804000231223469,,0.761317907900141
2024-06-05,0.3537012469360929,0.7090299940677581,0.5732183023357271,0.22259934281729382,,,0.464637221539218,0.535362778460782,0.7774006571827061,0.29097000593224187,0.4267816976642729,,0.646298753063907
2024-06-06,0.3480813050003714,0.5938861725703396,0.4270087767930581,0.3987222243725572,,,0.4419246196840816,0.5580753803159184,0.6012777756274428,0.4061138274296604,0.5729912232069418,,0.6519186949996286
2024-06-07,0.22387728940688312,0.34075192176029206,0.5721728561719118,0.465101173750211,,,0.4004758102723245,0.5995241897276755,0.534898826249789,0.6592480782397079,0.4278271438280882,,0.7761227105931169
2024-06-08,0.20013283271924004,0.540558267550076,0.5369926965509957,0.4334074107829698,,,0.42777280190082034,0.5722271980991797,0.5665925892170303,0.45944173244992403,0.4630073034490043,,0.79986716728076
2024-06-09,0.13911730962179525,0.6964278393138379,0.5570887324189838,0.3738153393949677,,,0.44161230518739614,0.5583876948126039,0.6261846606050323,0.3035721606861621,0.4429112675810162,,0.8608826903782048
2024-06-10,0.06487572090952155,0.7987228421714462,0.29500825589773133,0.4946354586122787,,,0.41331056939774447,0.5866894306022555,0.5053645413877212,0.20127715782855382,0.7049917441022686,,0.9351242790904785
2024-06-11,0.07143490547908254,0.6707935151750009,0.45657286397326663,0.3522526364787392,,,0.38776348027652235,0.6122365197234776,0.6477473635212607,0.32920648482499915,0.5434271360267333,,0.9285650945209174
2024-06-12,,0.7124079868666551,0.2053502948107925,0.2798529378620464,,,0.399203739846498,0.600796260153502,0.7201470621379535,0.2875920131333449,0.7946497051892075,,
2024-06-13,,0.49169899339298667,0.5386120127761358,0.26200788807346664,,,0.43077296474752974,0.5692270352524702,0.7379921119265334,0.5083010066070133,0.4613879872238642,,
2024-06-14,0.4600755087633308,0.4551688531049065,0.7092439616905251,0.4176020524165822,,,0.5105225939938361,0.48947740600616385,0.5823979475834178,0.5448311468950935,0.29075603830947494,,0.5399244912366692
2024-06-15,,0.599784289067153,0.6095621709600362,0.380097073553729,,,0.5298145111936394,0.4701854888063606,0.619902926446271,0.400215710932847,0.3904378290399638,,
2024-06-16,0.7658422093913865,0.6772969257212318,0.6325594775949132,0.24181429513837843,,,0.5793782269614774,0.42062177303852255,0.7581857048616216,0.3227030742787682,0.36744052240508684,,0.23415779060861353
2024-06-17,,0.6548803458835735,0.49771715054899485,0.38317701609654775,,,0.5119248375097053,0.4880751624902947,0.6168229839034522,0.34511965411642653,0.5022828494510052,,
2024-06-18,0.7538069872676195,0.6395911317000128,,0.259389520837115,,,0.5509292132682492,0.4490707867317508,0.740610479162885,0.3604088682999872,,,0.24619301273238048
2024-06-19,0.31624020868296016,0.7162056335079718,0.7007410176098007,0.38003438719286187,,,0.5283053117483987,0.4716946882516013,0.6199656128071381,0.28379436649202816,0.2992589823901993,,0.6837597913170399
2024-06-20,0.7788206732334684,0.7066527059282547,,0.6041433953296443,,,0.6965389248304558,0.30346107516954424,0.39585660467035566,0.2933472940717453,,,0.22117932676653163
2024-06-21,,0.6155106628206444,0.7636306032014991,0.8854060607596205,,,0.7548491089272548,0.24515089107274524,0.11459393924037953,0.38448933717935563,0.23636939679850089,,
2024-06-22,,0.6968048522567147,,0.19295921211831174,,,0.4448820321875132,0.5551179678124868,0.8070407878816883,0.30319514774328526,,,
2024-06-23,0.6660794676405137,0.5312841766595059,,0.44983020067867774,,,0.5490646149928992,0.45093538500710084,0.5501697993213223,0.4687158233404941,,,0.33392053235948627
2024-06-24,,0.5715697748412221,,0.46748265093389785,,,0.51952621288756,0.48047378711244004,0.5325173490661022,0.42843022515877793,,,
2024-06-25,,0.6155872860604789,,0.6965573818604291,,,0.656072333960454,0.34392766603954605,0.30344261813957085,0.38441271393952114,,,
2024-06-26,0.8617591420214888,0.6417605312047434,,0.6811803648433735,,,0.728233346023202,0.271766653976798,0.3188196351566265,0.3582394687952566,,,0.13824085797851116
2024-06-27,0.7074282612155857,0.8542049544926218,0.5295746727336094,0.21444054615972558,,,0.5764121086503856,0.4235878913496144,0.7855594538402744,0.1457950455073782,0.47042532726639064,,0.29257173878441434
2024-06-28,0.9201367958054917,0.3642862603843967,0.7911628453980066,0.5199553310795139,,,0.6488853081668523,0.3511146918331477,0.48004466892048614,0.6357137396156033,0.20883715460199337,,0.07986320419450832
2024-06-29,0.8487330580623969,0.2959258253213952,,0.42863433695234093,,,0.5244310734453776,0.47556892655462235,0.5713656630476591,0.7040741746786048,,,0.15126694193760315
2024-06-30,0.7564608479539888,0.3683311672225608,,0.4421403734535965,,,0.5223107962100487,0.4776892037899513,0.5578596265464035,0.6316688327774391,,,0.24353915204601118
2024-07-01,0.7150406815673891,0.41684477194686287,0.4380278296467029,0.143305073899648,,,0.4283045892651507,0.5716954107348493,0.856694926100352,0.5831552280531371,0.5619721703532972,,0.2849593184326109
2024-07-02,,0.4938012635871534,,0.3735719264648192,,,0.4336865950259863,0.5663134049740137,0.6264280735351808,0.5061987364128466,,,
2024-07-03,0.5357892619164359,0.3572260576639995,0.788732702714537,0.3981940637633691,,,0.5199855215145853,0.4800144784854147,0.6018059362366309,0.6427739423360005,0.211267297285463,,0.46421073808356406
2024-07-04,0.7942569850587913,0.4310670767039883,0.4645961030021194,0.4318571645309266,,,0.5304443323239564,0.4695556676760436,0.5681428354690734,0.5689329232960116,0.5354038969978806,,0.20574301494120872
2024-07-05,,0.6824220530640008,0.6337142250908167,0.3220327838635965,,,0.5460563540061381,0.45394364599386194,0.6779672161364034,0.31757794693599917,0.36628577490918335,,
2024-07-06,0.12268108051878301,0.8221719451998842,0.7811985146266374,0.38589230908195543,,,0.5279859623568149,0.47201403764318506,0.6141076909180445,0.17782805480011576,0.21880148537336264,,0.877318919481217
2024-07-07,0.19599487334351653,0.6730449301387272,0.5396057201148291,0.4017818981158833,,,0.452606855428239,0.547393144571761,0.5982181018841167,0.32695506986127276,0.4603942798851709,,0.8040051266564835
2024-07-08,0.014175254816896056,0.6941197312629261,0.8418067680767959,0.4318066881055236,,,0.49547711056553545,0.5045228894344645,0.5681933118944764,0.30588026873707386,0.15819323192320411,,0.9858247451831039
2024-07-09,,0.6376952094566813,0.6767643475861261,0.4686633119193709,,,0.5943742896540595,0.4056257103459405,0.5313366880806292,0.36230479054331866,0.32323565241387386,,
2024-07-10,,0.6395110466810305,0.48061086003558495,0.40753183362130074,,,0.5092179134459721,0.4907820865540279,0.5924681663786993,0.36048895331896946,0.519389139964415,,
2024-07-11,,0.6671713778199745,0.6511388659677532,0.44398043005188925,,,0.5874302246132056,0.4125697753867944,0.5560195699481107,0.3328286221800255,0.34886113403224683,,
2024-07-12,,0.49757362114030473,0.6078077191797668,0.6169245468758218,,,0.5741019623986311,0.4258980376013689,0.38307545312417823,0.5024263788596952,0.39219228082023316,,
2024-07-13,,0.6092491784330243,0.6359729104170693,0.6319426959817909,,,0.6257215949439615,0.3742784050560385,0.36805730401820913,0.3907508215669757,0.36402708958293073,,
2024-07-14,,0.7153590540852193,0.6539085135165902,0.43715740752437066,,,0.6021416583753934,0.39785834162460665,0.5628425924756293,0.28464094591478073,0.3460914864834098,,
2024-07-15,,0.45758572166379713,0.47218351798588687,0.6336217356189348,,,0.5211303250895396,0.4788696749104604,0.36637826438106524,0.5424142783362029,0.5278164820141131,,
2024-07-16,0.25608609464107385,0.4384879383598395,0.509493212677252,0.5299088673690813,,,0.43349402826181166,0.5665059717381884,0.47009113263091873,0.5615120616401605,0.490506787322748,,0.7439139053589261
2024-07-17,,0.5044813441503617,0.4247213407359065,0.42864758173070133,,,0.4526167555389899,0.54738324446101,0.5713524182692986,0.4955186558496383,0.5752786592640935,,
2024-07-18,0.5880267403636851,0.4804115482842863,0.419346711724679,0.49844213211984334,,0.7975229506478207,0.5567500166280629,0.4432499833719371,0.5015578678801567,0.5195884517157137,0.580653288275321,,0.4119732596363149
2024-07-19,,0.46977258470699623,0.3837892940822433,0.42754066269696284,,,0.4270341804954008,0.5729658195045992,0.5724593373030371,0.5302274152930038,0.6162107059177566,,
2024-07-20,,0.6126793863261408,0.5358478160490765,0.18815440240327697,,,0.4455605349261648,0.5544394650738351,0.811845597596723,0.38732061367385917,0.4641521839509235,,
2024-07-21,0.11495414196932752,0.5571737956512343,0.37284741592100296,0.4614872798325873,,0.5347284058416029,0.4082382078431509,0.5917617921568491,0.5385127201674127,0.44282620434876574,0.6271525840789971,,0.8850458580306725
2024-07-22,0.4669531286257229,0.350384737556405,0.5282461738594443,0.49008378142923503,,0.6501610956776254,0.4971657834296865,0.5028342165703135,0.509916218570765,0.649615262443595,0.4717538261405557,,0.5330468713742771
2024-07-23,0.16153182691953089,0.14313419839507682,0.44953864763826257,0.5393459577737558,,,0.32338765768165656,0.6766123423183434,0.4606540422262442,0.8568658016049232,0.5504613523617374,,0.8384681730804691
2024-07-24,0.183185643925919,0.6201929863075742,0.4228586074296137,0.5231886463822558,,0.8421172817494548,0.5183086331589635,0.48169136684103653,0.4768113536177442,0.37980701369242575,0.5771413925703863,,0.816814356074081
2024-07-25,,0.5634528483648853,0.5191504238310991,0.5823986030005711,,,0.5550006250655185,0.4449993749344815,0.4176013969994289,0.4365471516351147,0.4808495761689009,,
2024-07-26,,0.46900151453410116,0.4372683037813378,0.47912147570639674,,,0.46179709800727853,0.5382029019927215,0.5208785242936033,0.5309984854658989,0.5627316962186621,,
2024-07-27,0.21349177566717112,0.5397872210590913,0.46650187031305174,0.4342932845294955,,,0.41351853789220244,0.5864814621077976,0.5657067154705044,0.46021277894090873,0.5334981296869483,,0.7865082243328289
2024-07-28,0.38886940709328177,0.2586124351170733,0.42252059701095396,0.42772665879573424,,,0.3744322745042608,0.6255677254957392,0.5722733412042658,0.7413875648829267,0.577479402989046,,0.6111305929067182
2024-07-29,0.25862574691845763,0.3433569841889612,0.43443827990706324,0.5180205974325478,,,0.38861040211175746,0.6113895978882425,0.4819794025674522,0.6566430158110388,0.5655617200929368,,0.7413742530815424
2024-07-30,0.08414704615443393,0.14428353497819793,0.3767001539055424,0.46303416591659025,,,0.2670412252386911,0.7329587747613089,0.5369658340834098,0.8557164650218021,0.6232998460944577,,0.9158529538455661
2024-07-31,0.46177718459534695,0.1114891488116523,0.25906176326217434,0.5834011616627369,,,0.35393231458297764,0.6460676854170224,0.4165988383372631,0.8885108511883477,0.7409382367378257,,0.5382228154046531
2024-08-01,0.5034294282526312,0.53546278696957,0.5111775789700008,0.4331732534581826,,,0.4958107619125961,0.5041892380874039,0.5668267465418174,0.46453721303043005,0.4888224210299992,,0.49657057174736885
2024-08-02,0.5483629313845949,0.4331062430712756,0.3588671404122307,0.3688494218374857,,,0.42729643417639673,0.5727035658236033,0.6311505781625143,0.5668937569287245,0.6411328595877692,,0.4516370686154051
2024-08-03,0.46557669933824997,0.545874975682516,0.3394402322850224,0.5133168574573665,,,0.4660521911907888,0.5339478088092112,0.48668314254263345,0.454125024317484,0.6605597677149776,,0.53442330066175
2024-08-04,0.4808139371210904,0.6462637076428052,0.3424273694711133,0.510082589647386,,,0.4948969009705987,0.5051030990294013,0.48991741035261405,0.35373629235719484,0.6575726305288867,,0.5191860628789096
2024-08-05,0.5536297949682116,0.41258144505321837,0.432532838779948,0.4841666733215598,,,0.4707276880307345,0.5292723119692655,0.5158333266784402,0.5874185549467816,0.5674671612200519,,0.44637020503178837
2024-08-06,0.49334789467828155,0.4700777547584773,0.3533601359410332,0.33047806615698966,,,0.41181596288369543,0.5881840371163045,0.6695219338430103,0.5299222452415226,0.6466398640589668,,0.5066521053217184
2024-08-07,0.7532870977865734,0.37999201099897695,0.33217058515266623,0.10898460209742895,,,0.39360857400891136,0.6063914259910886,0.891015397902571,0.620007989001023,0.6678294148473338,,0.24671290221342657
2024-08-08,0.5791277521594592,0.38177656575274566,0.3816690315833626,0.1454587222106128,,,0.37200801792654503,0.627991982073455,0.8545412777893873,0.6182234342472543,0.6183309684166374,,0.4208722478405408
2024-08-09,0.3999957660945472,0.26031493540928985,0.282031151231991,0.23012079856836615,,0.4265987196399642,0.3198122741888317,0.6801877258111684,0.7698792014316338,0.7396850645907102,0.7179688487680089,,0.6000042339054528
2024-08-10,0.32048133960242536,0.7977247441015416,0.2576144749970251,0.024948553520693393,,0.3843836762368721,0.35703055769171155,0.6429694423082885,0.9750514464793066,0.2022752558984584,0.7423855250029749,,0.6795186603975747
2024-08-11,0.5413946165146909,0.7598868000849716,0.2753721582517152,0.37800745339187275,,0.38990176515634745,0.46891255867991954,0.5310874413200805,0.6219925466081273,0.24011319991502844,0.7246278417482848,,0.4586053834853091
2024-08-12,0.5590077590697493,0.8659558043046912,0.27735739650010066,0.5106704916538749,,0.374223586337291,0.5174430075731414,0.48255699242685857,0.4893295083461251,0.1340441956953088,0.7226426034998994,,0.4409922409302507
2024-08-13,0.46891826358819627,0.647762483327963,0.30959803445114004,0.570496545713073,,,0.499193831770093,0.500806168229907,0.42950345428692704,0.35223751667203695,0.69040196554886,,0.5310817364118037
2024-08-14,0.6801816908631529,0.7172099378977002,0.2669502473783624,0.6324446505614155,,0.5891849876261201,0.5771943028653503,0.42280569713464966,0.3675553494385845,0.28279006210229984,0.7330497526216375,,0.31981830913684706
2024-08-15,0.4652571994672124,0.6094491238431472,0.2711552533714674,0.5896143276679677,,0.6137621550617011,0.5098476118822991,0.4901523881177009,0.41038567233203227,0.3905508761568528,0.7288447466285326,,0.5347428005327877
2024-08-16,0.2016240067439523,0.25853073134500537,0.3341709141282483,0.5736277196904538,,0.6629194959974479,0.40617457358102155,0.5938254264189784,0.4263722803095462,0.7414692686549946,0.6658290858717517,,0.7983759932560477
2024-08-17,0.20665823216488366,0.5208345977375917,0.2931796889913464,0.37183328993091874,,,0.3481264522061851,0.6518735477938149,0.6281667100690813,0.47916540226240834,0.7068203110086536,,0.7933417678351163
2024-08-18,0.7138736870107425,0.5977049018787566,0.25292772621650683,0.3871773287288625,,,0.4879209109587171,0.512079089041283,0.6128226712711375,0.4022950981212434,0.7470722737834932,,0.2861263129892575
2024-08-19,0.3347701961076157,0.5923192419625363,0.2678334753809579,0.460722585273585,,0.6301941097768206,0.4571679217003031,0.5428320782996969,0.539277414726415,0.40768075803746373,0.7321665246190421,,0.6652298038923843
2024-08-20,0.3532113186701811,0.6580185652494426,0.29560517325998076,0.4988093559241421,,0.6476014686314585,0.49064917634704097,0.509350823652959,0.5011906440758579,0.3419814347505574,0.7043948267400193,,0.6467886813298189
2024-08-21,0.5869096400738747,0.6350514928816565,0.2878417379803264,0.5005106772894431,,0.6112326881540454,0.5243092472758693,0.47569075272413075,0.4994893227105569,0.3649485071183435,0.7121582620196736,,0.4130903599261253
2024-08-22,0.43596509823056057,0.5571650739379971,0.32975984924434176,0.3879341720308153,,,0.42770604836092874,0.5722939516390713,0.6120658279691846,0.4428349260620029,0.6702401507556582,,0.5640349017694395
2024-08-23,0.21696557477344042,0.3268166708801492,0.26122969942901925,0.495496823536319,,0.5233022427342724,0.3647622022706401,0.63523779772936,0.5045031764636809,0.6731833291198508,0.7387703005709807,,0.7830344252265595
2024-08-24,0.4954665837196843,0.6043611263205313,0.22860538593990581,0.44720091444243554,,0.6007880484543192,0.4752844117753752,0.5247155882246248,0.5527990855575644,0.3956388736794687,0.7713946140600942,,0.5045334162803157
2024-08-25,0.45373762431755366,0.5021488202900792,0.206141893393335,0.37792409190662596,,,0.3849881074768985,0.6150118925231015,0.622075908093374,0.49785117970992077,0.793858106606665,,0.5462623756824463
2024-08-26,0.3570157781777114,0.3568752932805809,0.24273825234407356,0.6640966637331294,,0.43404864411509,0.41095492633011704,0.5890450736698829,0.33590333626687063,0.6431247067194191,0.7572617476559265,,0.6429842218222885
2024-08-27,0.5060813410022552,0.3733245550327754,0.22953781206629006,0.32346061652739433,,,0.35810108115717876,0.6418989188428212,0.6765393834726057,0.6266754449672246,0.7704621879337099,,0.4939186589977448
2024-08-28,0.42599362037541555,0.5210074551611299,0.26284720691234176,0.2585438400520617,,0.42838609848595277,0.3793556441973803,0.6206443558026197,0.7414561599479383,0.4789925448388701,0.7371527930876582,,0.5740063796245845
2024-08-29,0.28183629163174023,0.4577905652671589,0.2732715806949752,0.5295771131809938,,,0.385618887693717,0.614381112306283,0.47042288681900624,0.5422094347328411,0.7267284193050247,,0.7181637083682597
2024-08-30,0.2232353478553935,0.34684408754453944,0.1930226358922401,0.3996906296785065,,,0.2906981752426699,0.7093018247573302,0.6003093703214935,0.6531559124554606,0.8069773641077599,,0.7767646521446065
2024-08-31,0.1872876184904796,0.1958982178048157,0.14640878037913485,0.19642673236114294,,0.423377079481796,0.2298796857034738,0.7701203142965262,0.8035732676388571,0.8041017821951844,0.8535912196208651,,0.8127123815095204
2024-09-01,0.0974195601026869,0.623460556491892,0.1856674227074234,0.3318378847140507,,0.47643345336099163,0.3429637754754089,0.6570362245245911,0.6681621152859494,0.376539443508108,0.8143325772925766,,0.9025804398973131
2024-09-02,0.3302678867448454,0.5998522109159922,0.2869558839714733,0.07212490242281454,,,0.32230022101378136,0.6776997789862187,0.9278750975771854,0.40014778908400783,0.7130441160285267,,0.6697321132551546
2024-09-03,0.5322521014711775,0.5086439008439245,0.2182702239279316,0.06436237617625262,,0.43906242440410287,0.3525182053646778,0.6474817946353222,0.9356376238237474,0.4913560991560755,0.7817297760720684,,0.4677478985288225
2024-09-04,0.6976227608266857,0.5516267414056101,0.19919443303420686,0.1426855053169602,,0.32617467611407075,0.3834608233395067,0.6165391766604933,0.8573144946830398,0.4483732585943899,0.8008055669657932,,0.30237723917331427
2024-09-05,0.6456596967521476,0.4432651587443108,0.23390035180646734,0.20439508738307932,,,0.3818050736715013,0.6181949263284987,0.7956049126169207,0.5567348412556892,0.7660996481935327,,0.3543403032478524
2024-09-06,0.36725367313063517,0.3596164168719907,0.1936344901687188,0.39901252697138717,,,0.32987927678568296,0.670120723214317,0.6009874730286129,0.6403835831280094,0.8063655098312812,,0.6327463268693648
2024-09-07,0.20353727312036962,0.5164390473895782,0.14896862013969606,0.2244209671683327,,,0.2733414769544942,0.7266585230455058,0.7755790328316673,0.48356095261042176,0.851031379860304,,0.7964627268796304
2024-09-08,0.41793375245120873,0.4763805635729537,0.16386187856072593,0.2653343947892905,,,0.33087764734354475,0.6691223526564553,0.7346656052107094,0.5236194364270463,0.836138121439274,,0.5820662475487912
2024-09-09,0.6557064184906165,0.532730804391885,0.1942960511975202,0.5326831619693411,,0.3443609940763071,0.45195548602513397,0.548044513974866,0.46731683803065893,0.467269195608115,0.8057039488024798,,0.3442935815093835
2024-09-10,0.46222175475837235,0.5546879511655249,0.17833621598277707,0.4963510969939924,,,0.42289925472516665,0.5771007452748333,0.5036489030060076,0.44531204883447506,0.821663784017223,,0.5377782452416277
2024-09-11,0.4396327801029555,0.5593933369608676,0.14052366077153253,0.573663342143456,,0.37943047005365926,0.41852871800649416,0.5814712819935058,0.42633665785654395,0.44060666303913243,0.8594763392284674,,0.5603672198970445
2024-09-12,0.4023734547944069,0.4040355215095018,0.1250690208650378,0.6447575109871608,,,0.3940588770390268,0.6059411229609732,0.35524248901283917,0.5959644784904983,0.8749309791349622,,0.5976265452055931
2024-09-13,0.2951590552640167,0.3217201210342604,0.12666710661623246,0.7181581823908996,,,0.36542611632635225,0.6345738836736478,0.28184181760910043,0.6782798789657396,0.8733328933837675,,0.7048409447359834
2024-09-14,0.3488800244755086,0.46028028612394045,0.1087003353517854,0.86905986410643,,0.317871078722243,0.4209583177559815,0.5790416822440185,0.13094013589357,0.5397197138760595,0.8912996646482146,,0.6511199755244914
2024-09-15,0.4599923413923461,0.6209207283079003,0.12485952521851457,0.5585121790441214,,,0.4410711934907206,0.5589288065092795,0.4414878209558786,0.37907927169209965,0.8751404747814855,,0.5400076586076539
2024-09-16,0.35258114293271975,0.5972186606607081,0.11767374956997947,0.6440431729895886,,,0.427879181538249,0.572120818461751,0.3559568270104114,0.40278133933929194,0.8823262504300206,,0.6474188570672803
2024-09-17,0.5897249776899807,0.6401599650247005,0.11207730598907213,0.723818655347898,,0.30833470797478146,0.47482312240528657,0.5251768775947134,0.276181344652102,0.3598400349752995,0.8879226940109278,,0.41027502231001933
2024-09-18,0.5182902131075615,0.6484257075778421,0.06549448737259701,0.5685580679492805,,0.3308952559836165,0.42633274639817953,0.5736672536018205,0.43144193205071946,0.3515742924221579,0.934505512627403,,0.4817097868924385
2024-09-19,0.383701294000455,0.5370997558897896,0.3250533274055057,0.4264860848334566,,,0.4180851155323017,0.5819148844676982,0.5735139151665434,0.46290024411021036,0.6749466725944944,,0.6162987059995451
2024-09-20,0.3859181251739726,0.23426299573459164,0.2182378784164747,0.4475779802060415,,0.3615886137644415,0.3295171186591044,0.6704828813408956,0.5524220197939584,0.7657370042654084,0.7817621215835253,,0.6140818748260274
2024-09-21,0.4491788438958436,0.41640303228575015,0.30495354285425996,0.3752088624421885,,0.32876975390616375,0.3749028070768412,0.6250971929231588,0.6247911375578115,0.5835969677142498,0.69504645714574,,0.5508211561041564
2024-09-22,0.16291995379529112,0.4494619620688484,,0.5651508579202658,,,0.39251092459480175,0.6074890754051983,0.43484914207973424,0.5505380379311515,,,0.8370800462047089
2024-09-23,0.34799197593774167,0.4989950013710013,0.24901887340451148,0.5320203711964344,,0.2719104469709011,0.379987333776118,0.6200126662238821,0.4679796288035656,0.5010049986289987,0.7509811265954885,,0.6520080240622583
2024-09-24,0.40913415975810924,0.3221884464614049,0.23246712381163515,0.4387958927725365,,0.2808466745705523,0.3366864594748476,0.6633135405251525,0.5612041072274635,0.6778115535385951,0.7675328761883649,,0.5908658402418907
2024-09-25,0.4559704723561895,0.42495423143408184,0.3541623751330439,0.3447311068976973,,,0.39495454645525313,0.6050454535447469,0.6552688931023027,0.5750457685659182,0.6458376248669562,,0.5440295276438105
2024-09-26,0.652841331080186,0.38693073139457135,0.2893515941835433,0.56261991709766,,0.2494760644093237,0.4282439276330569,0.571756072366943,0.43738008290234,0.6130692686054287,0.7106484058164567,,0.34715866891981395
2024-09-27,0.46115384434465634,0.24537454240824752,0.31545304545030267,0.45932487440378045,,0.2599072151846971,0.3482427043583368,0.6517572956416632,0.5406751255962196,0.7546254575917525,0.6845469545496974,,0.5388461556553437
2024-09-28,0.4572551786617954,0.28486288473745136,0.485713105500295,0.4407523995774141,,0.286401317705451,0.39099697723648136,0.6090030227635186,0.5592476004225859,0.7151371152625486,0.514286894499705,,0.5427448213382047
2024-09-29,0.3445650009135158,0.19646285950823877,0.28162912151105285,0.3693408424278062,,0.26516700395320475,0.29143296566276367,0.7085670343372363,0.6306591575721938,0.8035371404917613,0.7183708784889471,,0.6554349990864843
2024-09-30,0.19864653455331557,0.14465809144040548,0.3479813027487773,0.3453526869586909,,0.28526121376699143,0.26437996589363616,0.7356200341063639,0.6546473130413091,0.8553419085595946,0.6520186972512227,,0.8013534654466844
2024-10-01,0.5224419034939205,0.27487363003168197,0.3739954246705648,0.4017625021116481,,0.2861804569910894,0.37185078345978095,0.628149216540219,0.5982374978883519,0.725126369968318,0.6260045753294352,,0.4775580965060795
2024-10-02,0.5915351175615299,0.5030633592428222,0.41647573684862205,0.43640459879799604,,,0.4868697031127425,0.5131302968872575,0.5635954012020039,0.4969366407571778,0.583524263151378,,0.4084648824384701
2024-10-03,0.60911689290687,0.35318751157523237,0.42583164410160057,0.5546180454868602,,0.2699448702106604,0.4425397928562447,0.5574602071437553,0.4453819545131398,0.6468124884247677,0.5741683558983994,,0.39088310709313
2024-10-04,0.44573337341428193,0.21162372047947878,0.26065450857877925,0.5642180665913753,,0.28525403503035374,0.3534967408188538,0.6465032591811462,0.4357819334086247,0.7883762795205213,0.7393454914212207,,0.5542666265857181
2024-10-05,0.4836625155628728,0.5136586215553418,0.37499867879899135,0.39573886842035993,,0.2879071242747664,0.41119316172246645,0.5888068382775336,0.60426113157964,0.4863413784446582,0.6250013212010086,,0.5163374844371271
2024-10-06,0.6524400970335873,0.6267828925310127,0.2714982153062697,0.2542287018818525,,0.28462059684462954,0.4179141007194703,0.5820858992805297,0.7457712981181475,0.3732171074689873,0.7285017846937303,,0.3475599029664127
2024-10-07,0.7206169020701767,0.6729817995548666,0.2265207720566735,0.5245215278310115,,0.2663830477051979,0.4822048098435852,0.5177951901564148,0.47547847216898853,0.3270182004451334,0.7734792279433265,,0.2793830979298233
2024-10-08,0.6939904018243989,0.6195907170298813,0.2647476316427964,0.5386316023340139,,0.31407856057013106,0.4862077826802443,0.5137922173197558,0.46136839766598614,0.38040928297011867,0.7352523683572036,,0.30600959817560114
2024-10-09,0.7034680425281067,0.7392056214400439,0.29057573541582327,0.6104096228866974,,0.2788447154259025,0.5245007475393147,0.47549925246068525,0.3895903771133026,0.26079437855995613,0.7094242645841767,,0.2965319574718933
2024-10-10,0.5832887858534447,0.6785701493441878,0.18884683697274685,0.6632414731328007,,,0.528486811325795,0.471513188674205,0.3367585268671993,0.3214298506558122,0.8111531630272532,,0.4167112141465553
2024-10-11,0.520570330424936,0.5804987076645873,0.27081984335109893,0.5729824706858678,,,0.48621783803162255,0.5137821619683774,0.42701752931413217,0.41950129233541267,0.7291801566489011,,0.47942966957506405
2024-10-12,0.45487967108028593,0.6816738194585521,0.17949053951933167,0.48396531611465937,,0.25304927326216814,0.4106117238869994,0.5893882761130006,0.5160346838853407,0.3183261805414479,0.8205094604806683,,0.5451203289197141
2024-10-13,0.5734305893007097,0.8472276813113582,0.24460371977413295,0.40798388503485566,,0.2851570338195159,0.4716805818481145,0.5283194181518855,0.5920161149651444,0.15277231868864183,0.755396280225867,,0.42656941069929033
2024-10-14,0.6431791612516441,0.784943521329472,0.3359901025537434,0.40295838724154015,,0.29744004762389137,0.4929022440000582,0.5070977559999418,0.5970416127584599,0.21505647867052802,0.6640098974462566,,0.3568208387483559
2024-10-15,0.6992463319381749,0.5913257526834207,0.24864510591977598,0.5017272894035009,,0.2548740184382653,0.4591636996766275,0.5408363003233725,0.49827271059649914,0.4086742473165793,0.751354894080224,,0.30075366806182513
2024-10-16,0.558843978521862,0.4530033891970409,0.23746241453324038,0.5279490252519602,,,0.44431470187602584,0.5556852981239742,0.4720509747480398,0.5469966108029591,0.7625375854667596,,0.44115602147813804
2024-10-17,0.5481254317203385,0.24403326555528115,0.22426443399697032,0.7929965011919543,,0.24546459479638266,0.4109768454521854,0.5890231545478146,0.2070034988080457,0.7559667344447188,0.7757355660030296,,0.45187456827966155
2024-10-18,0.4611206457278111,0.3546212862893357,0.15235538661846937,0.4947097924522933,,0.25975748993784753,0.3445129202051514,0.6554870797948487,0.5052902075477067,0.6453787137106644,0.8476446133815306,,0.5388793542721889
2024-10-19,0.5217855282549244,0.6848532774075397,0.18289550939400795,0.41047852079957275,,0.2593221302754453,0.41186699322629805,0.588133006773702,0.5895214792004273,0.31514672259246035,0.8171044906059921,,0.4782144717450756
2024-10-20,0.5915109485743002,0.45647906573039465,0.41046475953974637,0.37577746921260996,,,0.45855806076426275,0.5414419392357372,0.6242225307873901,0.5435209342696053,0.5895352404602536,,0.4084890514256998
2024-10-21,0.6190156899154666,0.5641021851396297,0.22658955590678512,0.38644342151811256,,0.23829789044126462,0.4068897485842517,0.5931102514157482,0.6135565784818875,0.43589781486037027,0.7734104440932149,,0.3809843100845334
2024-10-22,0.7044424071481177,0.5651225621074761,0.2196205763353437,0.6933112077415585,,0.22209052205081195,0.48091745507666167,0.5190825449233383,0.3066887922584415,0.43487743789252387,0.7803794236646563,,0.2955575928518823
2024-10-23,0.7212137526157257,0.50292801318097,0.2656956592673741,0.7519733284316743,,0.6510319945318261,0.5785685496055141,0.42143145039448593,0.2480266715683257,0.49707198681903,0.734304340732626,,0.27878624738427427
2024-10-24,0.7261086900824129,0.4888919411163236,0.2647359020200648,0.8810202671893579,,0.36004537710366474,0.5441604355023648,0.4558395644976352,0.11897973281064211,0.5111080588836764,0.7352640979799352,,0.27389130991758714
2024-10-25,0.5255336420538458,0.4385085904763973,0.20819205410970254,0.5808056385965692,,0.7131415847311803,0.49323630199353896,0.506763698006461,0.4191943614034308,0.5614914095236028,0.7918079458902975,,0.4744663579461542
2024-10-26,0.44535386214330935,0.5060235518769951,0.3070307848572466,0.47829544400309615,,0.5778973375631087,0.4629201960887512,0.5370798039112488,0.5217045559969038,0.4939764481230049,0.6929692151427533,,0.5546461378566907
2024-10-27,0.5015744445032226,0.45391643073838994,0.4317604584320896,0.316673048004793,,0.8601021667221349,0.5128053096801259,0.48719469031987406,0.683326951995207,0.5460835692616101,0.5682395415679105,,0.49842555549677736
2024-10-28,0.45958137597686427,0.3088345683360888,0.1380534729155138,0.23525983681758603,,0.25849232762758234,0.28004431633472704,0.719955683665273,0.764740163182414,0.6911654316639112,0.8619465270844862,,0.5404186240231357
2024-10-29,0.4342551796865238,0.39685884763910007,0.11117883586959382,0.40587019451375544,,0.284599885237201,0.3265525885892348,0.6734474114107651,0.5941298054862445,0.6031411523608999,0.8888211641304062,,0.5657448203134763
2024-10-30,0.48288670221915436,0.2610196671202495,0.06129645349047425,0.3819362036817839,,0.28059863654644573,0.2935475326116216,0.7064524673883784,0.6180637963182161,0.7389803328797505,0.9387035465095257,,0.5171132977808457
2024-10-31,0.4344343221588705,0.3402842977887812,,0.44740262246174245,,0.2949478695581081,0.37926727799187554,0.6207327220081245,0.5525973775382576,0.6597157022112188,,,0.5655656778411295
2024-11-01,0.34536995416139366,0.37101824168432396,,0.5736910835916649,,0.20545944605156424,0.3738846813722367,0.6261153186277633,0.4263089164083351,0.628981758315676,,,0.6546300458386063
2024-11-02,0.7158563309148956,0.41006597059977357,,0.7105338262281833,,0.20280216253211072,0.5098145725687409,0.49018542743125915,0.2894661737718167,0.5899340294002264,,,0.28414366908510436
2024-11-03,0.8207916081058951,0.4007727825406765,0.4557272509693131,0.6749358390329954,,0.28802010139864365,0.5280495164095047,0.4719504835904953,0.32506416096700463,0.5992272174593235,0.5442727490306869,,0.17920839189410487
2024-11-04,0.6585330064735211,0.313861529624437,0.22924587200544785,0.628485834643069,,0.2992310487010624,0.42587145828950745,0.5741285417104925,0.37151416535693105,0.6861384703755631,0.7707541279945521,,0.3414669935264789
2024-11-05,0.5726637424222922,0.3996199175083177,0.27859477196383603,0.6960808934895293,,0.25292192990388285,0.4399762510575716,0.5600237489424285,0.3039191065104707,0.6003800824916823,0.721405228036164,,0.42733625757770777
2024-11-06,0.690958538725148,0.5735632826196613,0.23197831270690744,0.7184874507449629,,0.25685169145995496,0.4943678552513269,0.5056321447486731,0.2815125492550371,0.4264367173803387,0.7680216872930925,,0.309041461274852
2024-11-07,0.5829706434738595,0.4903123747677259,0.44348625374595724,0.6285460233240295,,0.21996034823469976,0.47305512870925437,0.5269448712907456,0.37145397667597047,0.5096876252322742,0.5565137462540428,,0.4170293565261405
2024-11-08,0.6683525868344693,0.4672736269770084,0.20777514571264474,0.7331091321790387,,0.27826562493201445,0.4709552233270351,0.5290447766729649,0.2668908678209613,0.5327263730229916,0.7922248542873552,,0.3316474131655307
2024-11-09,0.5790115831423489,0.542227105884906,0.2576310197786278,0.6424900583810043,,0.19343715536904565,0.44295938451118644,0.5570406154888136,0.35750994161899574,0.45777289411509403,0.7423689802213722,,0.4209884168576511
2024-11-10,0.7078488837078537,0.5328619877484989,,0.7754284149099984,,0.19091729142077124,0.5517641444467806,0.44823585555321943,0.22457158509000164,0.4671380122515011,,,0.2921511162921463
2024-11-11,0.5856990715361323,0.4337725411957337,0.17935307073026274,0.755294295862291,,0.2099433227684781,0.43281246041857957,0.5671875395814204,0.24470570413770898,0.5662274588042663,0.8206469292697373,,0.4143009284638677
2024-11-12,0.6038226627199058,0.5851055215459704,,0.7020271787727567,,0.18442777448689487,0.518845784381382,0.48115421561861804,0.29797282122724333,0.4148944784540296,,,0.3961773372800942
2024-11-13,0.6271170281432368,0.6631319582944484,0.1980309359922787,0.672881943657376,,0.1705420128388007,0.46634077578522815,0.5336592242147719,0.32711805634262403,0.3368680417055516,0.8019690640077213,,0.3728829718567632
2024-11-14,0.4118477162567238,0.552334174114052,0.20660066479404798,0.70363341959757,,0.19583091803773878,0.4140493785600265,0.5859506214399735,0.29636658040243,0.44766582588594805,0.7933993352059521,,0.5881522837432762
2024-11-15,0.6208571974955821,0.3447049677073631,0.2606275459235386,0.5529353529577957,,0.18140443827299155,0.39210590047145416,0.6078940995285458,0.4470646470422043,0.655295032292637,0.7393724540764615,,0.3791428025044179
2024-11-16,0.4570044654429476,0.5928511400798142,0.7916584502166489,0.6369891363146818,,0.20720879029324768,0.537142396469468,0.46285760353053196,0.3630108636853182,0.4071488599201858,0.20834154978335107,,0.5429955345570524
2024-11-17,0.46457115982030983,0.6752287144009591,0.8865674351176972,0.7080134793160766,,0.2176552990370989,0.5904072175384283,0.4095927824615717,0.2919865206839234,0.3247712855990409,0.1134325648823028,,0.5354288401796902
2024-11-18,0.07954306728940098,0.7121225842092735,0.41466279820264823,0.6160602095124021,,0.29908212670384016,0.42429415718351304,0.575705842816487,0.38393979048759785,0.28787741579072645,0.5853372017973517,,0.920456932710599
2024-11-19,0.2797558340502569,0.6375136432942649,0.42145050458200967,0.5834559352208912,,0.23034972891399555,0.4305051292122837,0.5694948707877163,0.41654406477910877,0.36248635670573515,0.5785494954179904,,0.7202441659497432
2024-11-20,0.5935453939225548,0.5324154128921637,0.4120009235004132,0.4854709970721038,,0.23245825371673567,0.45117819622079425,0.5488218037792058,0.5145290029278962,0.46758458710783635,0.5879990764995868,,0.4064546060774452
2024-11-21,0.6886437763781404,0.605386725021209,0.5827006983847888,0.47643079786927894,,0.2597502209491946,0.5225824437205222,0.4774175562794778,0.523569202130721,0.39461327497879095,0.4172993016152112,,0.31135622362185955
2024-11-22,0.4838434412903089,0.4009888492538419,0.2166096008353777,0.43294794544129944,,0.40201955048138294,0.3872818774604422,0.6127181225395578,0.5670520545587006,0.5990111507461582,0.7833903991646223,,0.5161565587096911
2024-11-23,0.5714952733579466,0.4479529221544098,0.5212712333000321,0.4914125294698827,,0.267181252174789,0.459862642091412,0.540137357908588,0.5085874705301173,0.5520470778455902,0.4787287666999679,,0.4285047266420534
2024-11-24,0.5214091494215554,0.4854363007878065,0.7391476019921092,0.35897719058668703,,0.17691760666382883,0.45637756989039746,0.5436224301096025,0.641022809413313,0.5145636992121936,0.26085239800789084,,0.47859085057844464
2024-11-25,0.5427594958337426,0.5386502027287092,0.6079691411222948,0.35393156868516146,,0.5652952362461755,0.5217211289232166,0.47827887107678335,0.6460684313148386,0.4613497972712908,0.39203085887770517,,0.4572405041662574
2024-11-26,0.4683838564580141,0.5408848140067137,0.4095284438782658,0.47460677928023065,,0.5032021330081262,0.47932120532627015,0.5206787946737299,0.5253932207197693,0.45911518599328627,0.5904715561217342,,0.5316161435419859
2024-11-27,0.5157646180979507,0.5850156522464283,0.7393282106304955,0.5504265864377568,,0.18542420410477373,0.515191854303481,0.484808145696519,0.44957341356224323,0.41498434775357174,0.2606717893695045,,0.4842353819020493
2024-11-28,0.45877859970094376,0.5258265527261295,0.6204711712866209,0.5606330361387739,,0.1631839153992919,0.4657786550503521,0.5342213449496479,0.4393669638612261,0.47417344727387045,0.3795288287133791,,0.5412214002990563
2024-11-29,0.38247369417036897,0.5099248918884449,0.8209177557362718,0.4606644977040586,,0.1631088322628571,0.46741793435240026,0.5325820656475997,0.5393355022959414,0.4900751081115551,0.1790822442637282,,0.617526305829631
2024-11-30,0.3477247977186584,0.2200167120176344,0.4270906322405192,0.3008190512695412,,,0.3239127983115883,0.6760872016884116,0.6991809487304588,0.7799832879823656,0.5729093677594808,,0.6522752022813416
2024-12-01,0.3399128879266123,0.32936914849161447,0.582218349379983,0.32063126948884246,,0.17243013674969992,0.34891235840735046,0.6510876415926495,0.6793687305111575,0.6706308515083855,0.41778165062001704,,0.6600871120733878
2024-12-02,0.4311909869964441,0.5246741014969929,0.8626886646405051,0.3937929938208681,,0.21700649605785624,0.48587064860253326,0.5141293513974667,0.6062070061791319,0.4753258985030071,0.1373113353594949,,0.5688090130035559
2024-12-03,0.403759432466276,0.6789283990666698,0.7215887597962631,0.2607162757117716,,0.24420728781553286,0.4618400309713027,0.5381599690286973,0.7392837242882284,0.3210716009333302,0.27841124020373686,,0.596240567533724
2024-12-04,0.3570978042266417,0.7751132097895796,0.5936122869600192,0.1986404174758331,,0.26079384523839705,0.43705151273809417,0.5629484872619058,0.8013595825241668,0.22488679021042035,0.4063877130399808,,0.6429021957733583
2024-12-05,0.40315771223932195,0.4187951792722385,0.8531178468418992,0.1694091370995671,,0.252156203489959,0.4193272157885971,0.5806727842114029,0.8305908629004329,0.5812048207277615,0.14688215315810083,,0.596842287760678
2024-12-06,0.3731554090924861,0.5855873986514963,0.6866943172504781,0.2309810499731341,,0.16515485103509908,0.40831460520053875,0.5916853947994613,0.7690189500268659,0.41441260134850366,0.31330568274952186,,0.6268445909075139
2024-12-07,0.4292901191777411,0.571572223280118,0.7218635910333687,0.3074089028714692,,0.29338226933626665,0.4647034211397928,0.5352965788602072,0.6925910971285307,0.42842777671988197,0.2781364089666313,,0.5707098808222588
2024-12-08,0.42530918437184084,0.6785004727602308,0.7161791040880213,0.46323109790495315,,0.16759523676402377,0.490163019177814,0.509836980822186,0.5367689020950468,0.32149952723976916,0.2838208959119787,,0.5746908156281592
2024-12-09,0.4534844916383009,0.6988581756779552,0.6340630141865177,0.44819422905633405,,0.36676321215399926,0.5202726245426214,0.47972737545737865,0.5518057709436659,0.30114182432204484,0.36593698581348233,,0.546515508361699
2024-12-10,0.38572110361015044,0.5144145954743744,0.18492263733478048,0.339036011246703,,0.32141487117114786,0.34910184376743125,0.6508981562325687,0.660963988753297,0.4855854045256256,0.8150773626652195,,0.6142788963898496
2024-12-11,0.33102356883268846,0.4823415688505914,0.6824436300200413,0.3170864143330067,,0.5002853019114413,0.4626360967895538,0.5373639032104462,0.6829135856669932,0.5176584311494086,0.31755636997995873,,0.6689764311673115
2024-12-12,0.3817742213156898,0.7717530568611896,0.6599599444363389,0.3677905918153539,,0.4182018666718778,0.51989593622009,0.48010406377991,0.6322094081846461,0.22824694313881044,0.3400400555636611,,0.6182257786843102
2024-12-13,0.42091846055761556,0.4698358750963502,0.5026611770263939,0.45161848783452274,,0.44044028882176844,0.4570948578673302,0.5429051421326698,0.5483815121654773,0.5301641249036497,0.4973388229736061,,0.5790815394423845
2024-12-14,0.44836472068230326,0.6462378513124724,0.4070088173543728,0.24129671677314984,,0.21458811449927373,0.3914992441243144,0.6085007558756856,0.7587032832268501,0.35376214868752764,0.5929911826456272,,0.5516352793176967
2024-12-15,0.42303050932001857,0.5930811453874737,0.22095534764356187,0.30062950039067465,,0.479996637826413,0.4035386281136284,0.5964613718863716,0.6993704996093253,0.4069188546125263,0.7790446523564382,,0.5769694906799814
2024-12-16,0.36562194060271697,0.5990385897648439,0.18164110880077497,0.27429568819796074,,0.11518740701629154,0.3071569468765176,0.6928430531234824,0.7257043118020392,0.4009614102351561,0.818358891199225,,0.634378059397283
2024-12-17,0.24909167035698196,0.6029556365357005,0.2315571987311753,0.28566330749741287,,0.11079643002249825,0.29601284862875377,0.7039871513712462,0.7143366925025871,0.3970443634642995,0.7684428012688247,,0.750908329643018
2024-12-18,0.3133178652757511,0.6519568515334622,0.2837319590637378,0.21253961794573736,,0.3311172633369704,0.35853271143113175,0.6414672885688683,0.7874603820542626,0.34804314846653783,0.7162680409362622,,0.6866821347242489
2024-12-19,0.2399273143791541,0.4466948799981231,0.12122247382900905,0.25392789209767697,,0.13172137113189086,0.23869878628717078,0.7613012137128292,0.746072107902323,0.5533051200018769,0.8787775261709909,,0.760072685620846
2024-12-20,0.1446880340618664,0.3926079485305069,0.033365837135719015,0.2946672571613697,,0.06926765893460587,0.1869193471648136,0.8130806528351864,0.7053327428386302,0.607392051469493,0.9666341628642809,,0.8553119659381336
2024-12-21,0.2256817607455696,0.3732067258547859,0.05544025436388131,0.18276611615767552,,0.1719058948043292,0.20180015038524832,0.7981998496147517,0.8172338838423245,0.626793274145214,0.9445597456361187,,0.7743182392544304
2024-12-22,0.2848808710519254,0.49098792334386443,0.17019093959080336,0.3102266777311192,,0.14992628828268223,0.2812425400000789,0.7187574599999211,0.6897733222688808,0.5090120766561356,0.8298090604091967,,0.7151191289480746
2024-12-23,0.20971628636476006,0.3930425366779161,0.14948409744075747,0.15090564020587618,,0.11568219523943167,0.20376615118574826,0.7962338488142517,0.8490943597941238,0.6069574633220839,0.8505159025592426,,0.79028371363524
2024-12-24,0.168660652506011,0.4091167800182333,0.06845914067300451,0.12406962865917315,,0.0926586132884111,0.1725929630289666,0.8274070369710333,0.8759303713408269,0.5908832199817666,0.9315408593269955,,0.831339347493989
2024-12-25,0.19891089055241834,0.4461854004463706,0.1216527370985189,0.14540196673890718,,0.07577693181581743,0.1975855853304065,0.8024144146695935,0.8545980332610928,0.5538145995536294,0.8783472629014811,,0.8010891094475816
2024-12-26,0.2440409842529248,0.4817944756957162,0.06692700682512717,0.24261964137913292,,0.09085914709764485,0.22524825105010918,0.7747517489498909,0.7573803586208671,0.5182055243042838,0.9330729931748728,,0.7559590157470752
2024-12-27,0.11277296927103456,0.31372451178273103,0.05738857484647199,0.2192252447177196,,0.038995720033471785,0.1484214041302858,0.8515785958697142,0.7807747552822804,0.686275488217269,0.942611425153528,,0.8872270307289655
2024-12-28,0.23213324450675252,0.1856403784160063,0.2329939060044395,0.11222617059387799,,0.24142272056984743,0.20088328401818475,0.7991167159818152,0.887773829406122,0.8143596215839937,0.7670060939955605,,0.7678667554932475
2024-12-29,0.12283278125362265,0.29025924130826897,0.037836965577975945,0.19609981728802525,,0.09224267029898905,0.14785429514537635,0.8521457048546237,0.8039001827119747,0.709740758691731,0.962163034422024,,0.8771672187463774
2024-12-30,0.08478982024090549,0.3663409003114356,0.3686347525738107,0.17478497019970804,,0.01634604500417928,0.2021792976660078,0.7978207023339922,0.8252150298002919,0.6336590996885644,0.6313652474261893,,0.9152101797590945
2024-12-31,0.047745380844241805,0.21242448173279352,0.13853080591722675,0.10536845977134983,,0.026859059245223416,0.10618563750216707,0.893814362497833,0.8946315402286502,0.7875755182672065,0.8614691940827732,,0.9522546191557582
2025-01-01,0.046497088531843034,0.5118791089253947,0.21395099085909036,0.22157919384759123,,0.3189226460568282,0.2625658056441495,0.7374341943558504,0.7784208061524087,0.4881208910746053,0.7860490091409096,,0.953502911468157
2025-01-02,,0.6388928153455495,0.4740450975184165,0.42212484731056743,,0.5861120978605682,0.5302937145087754,0.4697062854912246,0.5778751526894326,0.36110718465445046,0.5259549024815835,,
2025-01-03,,0.32923810467920067,0.4393373652800524,0.4094838382806792,,0.6081125039223034,0.4465429530405589,0.5534570469594411,0.5905161617193209,0.6707618953207993,0.5606626347199476,,
2025-01-04,,0.6524491169854222,0.39349902341401216,0.46792938166105713,,0.6881604184047547,0.5505094851163116,0.4494905148836884,0.5320706183389429,0.3475508830145778,0.6065009765859879,,
2025-01-05,,0.5629940183925154,0.3445229174099609,0.4131734916017102,,,0.44023014246806214,0.5597698575319379,0.5868265083982898,0.4370059816074846,0.6554770825900391,,
2025-01-06,,0.4839739587621682,0.45840541646975275,0.5769098383069912,,0.5722486340944165,0.5228844619083322,0.47711553809166785,0.42309016169300884,0.5160260412378318,0.5415945835302473,,
2025-01-07,,0.6898069663938292,0.4234771779303164,0.7051622969613195,,0.6711458910324166,0.6223980830794704,0.3776019169205296,0.2948377030386805,0.3101930336061708,0.5765228220696836,,
2025-01-08,,0.7571052606914234,0.4503650903045202,0.47183519620429515,,,0.5597685157334129,0.4402314842665871,0.5281648037957049,0.24289473930857663,0.5496349096954798,,
2025-01-09,,0.5496348259281458,0.41710508313233546,0.3691762560109029,,,0.4453053883571281,0.5546946116428719,0.6308237439890971,0.45036517407185417,0.5828949168676645,,
2025-01-10,,0.35100251531018606,0.461606367514822,0.37030085747752944,,,0.3943032467675125,0.6056967532324875,0.6296991425224705,0.6489974846898139,0.538393632485178,,
2025-01-11,,0.6157404875213812,0.29739779857111787,0.5522318230619381,,,0.48845670305147904,0.511543296948521,0.4477681769380619,0.3842595124786188,0.7026022014288822,,
2025-01-12,,0.4425472730324696,0.40419832125090505,0.18829323571050297,,,0.3450129433312925,0.6549870566687075,0.8117067642894971,0.5574527269675305,0.595801678749095,,
2025-01-13,,0.5098105231284733,0.4099480281998365,0.4545943955113704,,0.43886246651464045,0.45330385333858014,0.5466961466614199,0.5454056044886296,0.4901894768715267,0.5900519718001636,,
2025-01-14,,0.6948916803656641,0.5513908965477561,0.5085319097222647,,,0.5849381622118949,0.4150618377881051,0.4914680902777353,0.30510831963433593,0.4486091034522439,,
2025-01-15,,0.5454101506996403,0.5699010825236227,0.5626728734176263,,,0.5593280355469631,0.4406719644530369,0.4373271265823737,0.4545898493003597,0.4300989174763773,,
2025-01-16,,0.5251780417678886,0.41037281349984134,0.31943132017825365,,,0.41832739181532785,0.5816726081846721,0.6805686798217463,0.4748219582321114,0.5896271865001587,,
2025-01-17,,0.5008681829960031,0.37783525043796073,0.3848206877709226,,,0.42117470706829546,0.5788252929317046,0.6151793122290774,0.4991318170039969,0.6221647495620393,,
2025-01-18,,0.642211296641057,0.4673051601951808,0.17953389157874503,,,0.429683449471661,0.570316550528339,0.820466108421255,0.35778870335894297,0.5326948398048192,,
2025-01-19,,0.5227307515047284,0.3902859898767002,0.1837798542600691,,,0.3655988652138325,0.6344011347861676,0.816220145739931,0.47726924849527164,0.6097140101232998,,
2025-01-20,,0.6044026021545765,0.3583142339653036,0.169739407846584,,,0.377485414655488,0.622514585344512,0.830260592153416,0.39559739784542347,0.6416857660346964,,
2025-01-21,,0.5753706719392595,0.403153113495413,0.2807428796520735,,,0.4197555550289153,0.5802444449710846,0.7192571203479265,0.4246293280607405,0.5968468865045871,,
2025-01-22,,0.5120811132627199,0.7121707147977558,0.3388037064014519,,,0.5210185114873093,0.47898148851269073,0.661196293598548,0.4879188867372801,0.28782928520224416,,
2025-01-23,0.7170046685364728,0.6137502913841748,0.5667066783145059,0.6919493848688215,,,0.6473527557759937,0.3526472442240063,0.3080506151311785,0.3862497086158252,0.43329332168549406,,0.2829953314635272
2025-01-24,0.7285400371841424,0.4794100651616339,0.4235608311310381,0.648747722979416,,,0.5700646641140577,0.42993533588594235,0.35125227702058404,0.520589934838366,0.5764391688689618,,0.2714599628158576
2025-01-25,0.6399093301648994,0.38260118685336464,0.4160314899594244,0.5881545322122916,,,0.506674134797495,0.493325865202505,0.41184546778770836,0.6173988131466354,0.5839685100405756,,0.36009066983510063
2025-01-26,0.6226622666479753,0.4659260883663779,0.5522361861795674,0.4744352575275189,,,0.5288149496803599,0.4711850503196401,0.5255647424724811,0.5340739116336222,0.4477638138204326,,0.3773377333520247
2025-01-27,0.6536761268288471,0.4069700268462891,0.5050989572472359,0.48684691149296333,,,0.5131480056038338,0.4868519943961662,0.5131530885070367,0.593029973153711,0.49490104275276414,,0.3463238731711529
2025-01-28,,0.45231980481042827,0.32300882482406934,0.6290758816297453,,,0.46813483708808096,0.5318651629119191,0.37092411837025474,0.5476801951895718,0.6769911751759307,,
2025-01-29,,0.37687067598360363,0.4394733031001831,0.48435664079445045,,,0.43356687329274574,0.5664331267072542,0.5156433592055496,0.6231293240163964,0.5605266968998168,,
2025-01-30,,0.3303329793932947,0.49330168389268403,0.45790638479796797,,,0.4271803493613156,0.5728196506386845,0.542093615202032,0.6696670206067052,0.506698316107316,,
2025-01-31,,0.15523321443022475,0.6415940582511663,0.5427920350389258,,,0.44653976924010563,0.5534602307598944,0.4572079649610742,0.8447667855697752,0.35840594174883367,,
2025-02-01,0.6677408448002767,0.5251586300137377,0.6553371448982219,0.5087132953568447,,,0.5892374787672703,0.4107625212327297,0.49128670464315527,0.47484136998626225,0.3446628551017781,,0.33225915519972327
2025-02-02,0.7974668223530931,0.5718016240506586,0.5025466284557643,0.548132687339044,,,0.60498694054964,0.39501305945036,0.45186731266095603,0.4281983759493414,0.49745337154423575,,0.20253317764690693
2025-02-03,0.6763247663393955,0.5781579734024098,0.48929622257339855,0.527462066746412,,,0.567810257265404,0.432189742734596,0.47253793325358795,0.4218420265975902,0.5107037774266014,,0.32367523366060447
2025-02-04,0.5274088133951861,0.5718602527639963,0.4776131069353095,0.4458431990651182,,,0.5056813430399025,0.49431865696009747,0.5541568009348818,0.4281397472360037,0.5223868930646904,,0.4725911866048139
2025-02-05,0.6690842453351783,0.5090028871749191,0.43153015133454775,0.6567402291449466,,,0.566589378247398,0.43341062175260203,0.34325977085505344,0.49099711282508085,0.5684698486654522,,0.3309157546648217
2025-02-06,0.8059122685926509,0.38806972912767906,0.5222802774629943,0.7367675122908767,,0.4550199610407061,0.5816099497029814,0.4183900502970186,0.26323248770912333,0.6119302708723209,0.4777197225370057,,0.19408773140734914
2025-02-07,,0.333993229203455,0.494195451745777,0.7644319010209896,,0.5452426863037271,0.5344658170684872,0.46553418293151283,0.23556809897901043,0.666006770796545,0.505804548254223,,
2025-02-08,0.7508319390308348,0.4973200698471167,0.6095923645983912,0.6900544823800897,,,0.636949713964108,0.36305028603589196,0.3099455176199103,0.5026799301528833,0.39040763540160883,,0.24916806096916522
2025-02-09,0.7335701315903737,0.6258354518023169,0.7091047724694939,0.5366437312517162,,,0.6512885217784752,0.3487114782215248,0.46335626874828384,0.3741645481976831,0.2908952275305061,,0.26642986840962635
2025-02-10,0.9445374103639756,0.4901414143088731,0.41082446529736805,0.7862203465180457,,,0.6579309091220656,0.34206909087793436,0.21377965348195427,0.5098585856911269,0.589175534702632,,0.05546258963602435
2025-02-11,0.7139492929309108,0.5882167889703815,0.47577151921296246,0.7430016456375889,,,0.6302348116879609,0.3697651883120391,0.25699835436241114,0.41178321102961846,0.5242284807870375,,0.2860507070690892
2025-02-12,0.7980754518652858,0.6685092545203049,0.3669781890869384,0.849425799189385,,,0.6707471736654784,0.3292528263345216,0.150574200810615,0.33149074547969515,0.6330218109130616,,0.20192454813471417
2025-02-13,0.6645333659508108,0.6842190510062636,0.3333286270450054,0.8147934789655289,,,0.6242186307419022,0.3757813692580978,0.1852065210344711,0.31578094899373643,0.6666713729549947,,0.3354666340491892
2025-02-14,0.8355379653943787,0.3599680646028453,0.5062868552990395,0.8521295163189514,,,0.6384806004038037,0.3615193995961963,0.1478704836810486,0.6400319353971546,0.4937131447009605,,0.16446203460562125
2025-02-15,,0.39591348497524487,0.3606495141591732,0.8368914142741124,,0.8624629255461104,0.6139793347386602,0.3860206652613398,0.1631085857258876,0.6040865150247552,0.6393504858408268,,
2025-02-16,,0.4696239920214425,0.38324469146114076,0.8589765898459535,,,0.5706150911095123,0.42938490889048775,0.1410234101540465,0.5303760079785576,0.6167553085388593,,
2025-02-17,,0.5051835756031515,0.39378520862227884,0.8299556042983022,,,0.5763081295079108,0.42369187049208923,0.17004439570169783,0.4948164243968485,0.6062147913777212,,
2025-02-18,,0.49618707418353813,0.6463766067788069,0.8332556355652083,,,0.6586064388425178,0.3413935611574822,0.16674436443479168,0.5038129258164619,0.35362339322119307,,
2025-02-19,,0.5402325620721936,0.6378671825378762,0.815368558317758,,,0.6644894343092759,0.3355105656907241,0.184631441682242,0.4597674379278064,0.3621328174621238,,
2025-02-20,0.609489053413473,0.5192114110642393,0.5367939287899837,0.6663875592196905,,,0.5829704881218466,0.4170295118781534,0.3336124407803095,0.4807885889357607,0.46320607121001633,,0.39051094658652696
2025-02-21,,0.41895775370381044,0.5886007027021982,0.8494366835123943,,0.48463993565589925,0.5854087688935756,0.4145912311064244,0.15056331648760568,0.5810422462961895,0.4113992972978018,,
2025-02-22,,0.42468660837139827,0.37767441321082684,0.790375287615722,,0.5684847732922267,0.5403052706225435,0.4596947293774565,0.20962471238427804,0.5753133916286017,0.6223255867891732,,
2025-02-23,,0.5267826515258265,0.43169631573260375,0.8600364983318195,,0.7640007863049969,0.6456290629738116,0.3543709370261884,0.1399635016681805,0.4732173484741735,0.5683036842673963,,
2025-02-24,0.5982473979481028,0.4381449033970723,0.6477197399324544,0.7435104629452005,,0.6826947697217445,0.622063454788915,0.377936545211085,0.2564895370547995,0.5618550966029277,0.35228026006754565,,0.4017526020518972
2025-02-25,0.36184814600178383,0.3139690423359861,0.5316126988912321,0.7673254328149269,,0.5683229574560362,0.5086156554999931,0.4913843445000069,0.23267456718507307,0.6860309576640139,0.4683873011087679,,0.6381518539982162
2025-02-26,0.6258545100762686,0.3065020149078369,0.6238964364428419,0.6304842602804669,,0.6076492628093063,0.5588772969033441,0.4411227030966559,0.3695157397195331,0.6934979850921631,0.3761035635571581,,0.3741454899237314
2025-02-27,0.7443631965691091,0.24519801728467774,0.5306525632058222,0.5884517124935336,,0.41414250671415725,0.50456159925346,0.49543840074654,0.41154828750646644,0.7548019827153223,0.4693474367941778,,0.2556368034308909
2025-02-28,0.9709253345577622,0.388680080189243,0.5754006046187762,0.7764815127651296,,0.8662580494833343,0.715549116322849,0.284450883677151,0.22351848723487044,0.6113199198107571,0.4245993953812238,,0.0290746654422378
2025-03-01,0.7854371577198657,0.43941751372250865,0.3728899745170811,0.7337571170873742,,0.3386771990145816,0.5340357924122822,0.46596420758771784,0.26624288291262577,0.5605824862774913,0.6271100254829189,,0.21456284228013434
2025-03-02,0.6679164384977908,0.5607362789355304,0.399880630979721,0.7669910991633372,,0.3436447232102299,0.5478338341573218,0.4521661658426782,0.2330089008366628,0.43926372106446965,0.6001193690202791,,0.3320835615022092
2025-03-03,0.659411436723083,0.5285480892560791,0.6875827841289971,0.8075261173551129,,0.5009691536386869,0.6368075162203919,0.3631924837796081,0.19247388264488707,0.4714519107439209,0.3124172158710029,,0.340588563276917
2025-03-04,0.8119088511906382,0.6320434844474484,0.5736159441313947,0.5813525573654523,,,0.6497302092837334,0.3502697907162666,0.4186474426345477,0.3679565155525516,0.4263840558686053,,0.18809114880936184
2025-03-05,0.7184310284313471,0.6046166500551633,0.7467178572720901,0.30624925574141876,,0.6297515498505409,0.6011532682701121,0.39884673172988794,0.6937507442585813,0.3953833499448367,0.25328214272790994,,0.2815689715686529
2025-03-06,0.8697777256302311,0.6033915711422418,0.667916628960628,0.2180573535614275,,0.7601997522487113,0.623868606308648,0.37613139369135196,0.7819426464385725,0.39660842885775816,0.332083371039372,,0.13022227436976885
2025-03-07,0.6709064657141013,0.5414767068112314,0.526125662322714,0.23676131168615464,,0.7482890148936191,0.5447118322855641,0.4552881677144359,0.7632386883138453,0.4585232931887686,0.47387433767728604,,0.3290935342858987
2025-03-08,0.6409938133520623,0.5685110600219706,0.6671132797914614,0.7876984203951073,,,0.6660791433901504,0.3339208566098496,0.2123015796048927,0.4314889399780294,0.3328867202085386,,0.3590061866479377
2025-03-09,0.6470173008383704,0.53719060586072,0.667440052900776,0.7306494076117208,,0.9413450244811812,0.7047284783385537,0.2952715216614463,0.2693505923882792,0.46280939413928,0.332559947099224,,0.3529826991616296
2025-03-10,0.5813738302385263,0.4918566467620838,0.502707921304762,0.7739376287675019,,0.2500786646010629,0.5199909383347874,0.4800090616652126,0.22606237123249806,0.5081433532379163,0.49729207869523795,,0.4186261697614737
2025-03-11,0.7059943783232064,0.46320560398599536,0.6038195845298139,0.8233585949756254,,0.5490031582037738,0.629076264003683,0.370923735996317,0.17664140502437464,0.5367943960140047,0.3961804154701861,,0.29400562167679356
2025-03-12,0.6787272458651941,0.4599634166282251,0.8435416553069709,0.6763167977009833,,0.31027496319600617,0.5937648157394759,0.4062351842605241,0.3236832022990167,0.5400365833717748,0.1564583446930291,,0.32127275413480594
2025-03-13,,0.44709945121731637,0.9428104969042361,0.6433081409518019,,0.617351631972109,0.6626424302613658,0.3373575697386342,0.3566918590481981,0.5529005487826837,0.05718950309576387,,
2025-03-14,0.6299682881712351,0.30182603736605396,0.6829290466293869,0.5978345111329377,,,0.5531394708249033,0.44686052917509667,0.40216548886706227,0.698173962633946,0.3170709533706131,,0.37003171182876493
2025-03-15,,0.3958170829743867,0.7187950647189543,0.5456993405309412,,0.27933536481143223,0.4849117132589286,0.5150882867410713,0.45430065946905884,0.6041829170256132,0.28120493528104573,,
2025-03-16,0.7512090996929737,0.478988011598847,0.7634494997367021,0.5968941638672624,,0.4344328521114846,0.6049947254014539,0.39500527459854606,0.40310583613273765,0.521011988401153,0.23655050026329794,,0.24879090030702633
2025-03-17,0.6115000980801256,0.41524197542489144,0.6214367627920868,0.5666471996354688,,,0.5537065089831431,0.4462934910168569,0.43335280036453117,0.5847580245751085,0.3785632372079132,,0.3884999019198744
2025-03-18,0.7034205382039689,0.4384806435707938,0.6668680563407625,0.589618739236705,,0.36214453540921115,0.5521065025522882,0.4478934974477118,0.41038126076329495,0.5615193564292063,0.3331319436592375,,0.2965794617960311
2025-03-19,0.348453498388168,0.47286668194602793,0.6544801087968031,0.45828279307214115,,0.3285728089496231,0.45253117823055267,0.5474688217694473,0.5417172069278589,0.5271333180539721,0.3455198912031969,,0.651546501611832
2025-03-20,0.2039234740040275,0.49905300315209755,0.444743515538159,0.45216537157280673,,,0.3999713410667727,0.6000286589332273,0.5478346284271933,0.5009469968479024,0.5552564844618411,,0.7960765259959726
2025-03-21,0.2448137300068291,0.37908741320080286,0.5632094657763224,0.4363686052852257,,,0.4058698035672951,0.5941301964327049,0.5636313947147743,0.6209125867991971,0.43679053422367764,,0.7551862699931708
2025-03-22,0.5530705223440389,0.30097059306560964,0.4804289717552554,0.5108490825325693,,,0.46132979242436833,0.5386702075756317,0.48915091746743067,0.6990294069343903,0.5195710282447445,,0.44692947765596114
2025-03-23,0.3922496244693635,0.35022952051946005,0.2634016028568622,0.5779463674147941,,,0.3959567788151199,0.6040432211848801,0.4220536325852059,0.6497704794805399,0.7365983971431378,,0.6077503755306365
2025-03-24,0.4466196538938607,0.3683946277487295,0.3539278554186785,0.7056296375218487,,0.1803003659731335,0.41097442811125023,0.5890255718887498,0.2943703624781513,0.6316053722512704,0.6460721445813216,,0.5533803461061393
2025-03-25,0.24385327415012084,0.4008688259488262,0.42429590741296186,0.39703327266969635,,0.41710408271094357,0.37663107257850975,0.6233689274214902,0.6029667273303037,0.5991311740511738,0.5757040925870381,,0.7561467258498792
2025-03-26,0.2794979948020323,0.40478350159340815,0.4771709833845468,0.30641709039665693,,,0.36696739254416105,0.633032607455839,0.693582909603343,0.5952164984065919,0.5228290166154532,,0.7205020051979677
2025-03-27,0.26396850891647505,0.30024818799199365,0.6735395209967874,0.43096868702245056,,,0.41718122623192666,0.5828187737680733,0.5690313129775495,0.6997518120080064,0.3264604790032126,,0.736031491083525
2025-03-28,0.32618114509722657,0.3670669127805961,0.6194941891301297,0.15300269298751878,,,0.3664362349988678,0.6335637650011322,0.8469973070124812,0.6329330872194039,0.38050581086987034,,0.6738188549027735
2025-03-29,0.8697643094586668,0.2956944415218897,0.63115994735219,0.45033483151712383,,0.057155062373424714,0.4608217184446589,0.5391782815553411,0.5496651684828762,0.7043055584781104,0.36884005264780995,,0.13023569054133322
2025-03-30,0.7354222825132897,0.26961361593003214,0.5208681210516112,0.592407424581982,,,0.5295778610192288,0.47042213898077123,0.40759257541801797,0.7303863840699678,0.4791318789483888,,0.26457771748671033
2025-03-31,0.6607001973673328,0.2755287150326289,0.24072310812464653,0.5648120345034625,,,0.4354410137570177,0.5645589862429823,0.4351879654965375,0.7244712849673711,0.7592768918753534,,0.33929980263266724
2025-04-01,0.6723970885949555,0.4969811765450637,0.4061881399379115,0.3644895865033077,,0.5574239615164688,0.4994959906195414,0.5005040093804586,0.6355104134966922,0.5030188234549363,0.5938118600620885,,0.3276029114050445
2025-04-02,0.5453567592440404,0.5732823953826545,0.7906201225513839,0.4180440936093166,,,0.5818258426968488,0.4181741573031512,0.5819559063906834,0.42671760461734554,0.20937987744861608,,0.45464324075595963
2025-04-03,0.6259960106954126,0.44642604076832954,0.6492000833444975,0.2997483330224387,,,0.5053426169576696,0.4946573830423304,0.7002516669775614,0.5535739592316704,0.3507999166555025,,0.37400398930458745
2025-04-04,0.5713004705418341,0.47920377715007967,0.6958417767128389,0.40479659285219055,,0.3488507772971165,0.4999986789108119,0.500001321089188,0.5952034071478094,0.5207962228499203,0.30415822328716113,,0.4286995294581659
2025-04-05,0.5205216256400168,0.5942311197441711,0.8122932302920951,0.4057029004450197,,,0.5831872190303257,0.41681278096967433,0.5942970995549803,0.4057688802558289,0.1877067697079049,,0.4794783743599832
2025-04-06,0.5724026075063151,0.4767578943696952,0.7397152093113726,0.32669422310289864,,,0.5288924835725703,0.47110751642742965,0.6733057768971014,0.5232421056303048,0.2602847906886274,,0.4275973924936849
2025-04-07,0.5403394148157157,0.3918094743348528,0.7633059119663858,0.47967711465749097,,,0.5437829789436113,0.4562170210563887,0.520322885342509,0.6081905256651472,0.23669408803361425,,0.4596605851842843
2025-04-08,0.5518417397398551,0.4552727688224471,0.6804468161607495,0.46125563889976606,,,0.5372042409057044,0.4627957590942956,0.5387443611002339,0.5447272311775528,0.31955318383925047,,0.44815826026014494
2025-04-09,0.7163522024824795,0.40474124037235093,0.7684776700288706,0.2909513428033691,,,0.5451306139217675,0.45486938607823246,0.7090486571966309,0.5952587596276491,0.23152232997112943,,0.28364779751752045
2025-04-10,0.6385392876553729,0.4601649362350874,0.6838550697322681,0.4649415599157197,,0.7273883273434961,0.5949778361763889,0.4050221638236111,0.5350584400842803,0.5398350637649125,0.31614493026773194,,0.36146071234462707
2025-04-11,0.6114724779373951,0.5287728788132194,0.7888628874823391,0.49225371548393043,,,0.6053404899292211,0.39465951007077893,0.5077462845160696,0.47122712118678056,0.21113711251766087,,0.3885275220626049
2025-04-12,0.5345567367478214,0.4687853562120361,0.8902161198704226,0.3868546438464182,,0.8607576628751342,0.6282341039103666,0.3717658960896334,0.6131453561535818,0.5312146437879639,0.1097838801295774,,0.46544326325217855
2025-04-13,0.49003521778060577,0.47508582314718184,0.8045629824107895,0.185612514670955,,,0.48882413450238305,0.511175865497617,0.814387485329045,0.5249141768528182,0.1954370175892105,,0.5099647822193942
2025-04-14,0.6039901828578531,0.3795857095751695,0.6565390250319817,0.2184315414822105,,,0.46463661473680373,0.5353633852631963,0.7815684585177896,0.6204142904248304,0.3434609749680183,,0.3960098171421469
2025-04-15,0.5157647495695459,0.4318886685103506,0.6818651648542897,0.053707808051033985,,,0.4208065977463051,0.5791934022536949,0.946292191948966,0.5681113314896493,0.3181348351457103,,0.4842352504304541
2025-04-16,0.48847415818924517,0.42150087967320604,0.5907770368015902,0.07546883810822613,,,0.39405522819306693,0.6059447718069331,0.9245311618917739,0.578499120326794,0.4092229631984098,,0.5115258418107549
2025-04-17,0.28523677281253296,0.44666583463455084,0.6650819738890799,0.32800176548686105,,0.6365451394187834,0.4723062972483616,0.5276937027516384,0.671998234513139,0.5533341653654491,0.33491802611092014,,0.7147632271874671
2025-04-18,0.6001345904370443,0.4034321132295953,0.6402411923591013,0.37047604544007934,,0.8805393268964351,0.5789646536724511,0.4210353463275489,0.6295239545599207,0.5965678867704047,0.35975880764089874,,0.3998654095629557
2025-04-19,0.4174864600613613,0.42285863401621715,0.8224083241407978,0.6907808414809911,,,0.5883835649248419,0.4116164350751581,0.30921915851900894,0.5771413659837829,0.1775916758592022,,0.5825135399386387
2025-04-20,0.5276547851965063,0.4079826032579332,0.6202663427748875,0.15455826692713992,,,0.42761549953911676,0.5723845004608832,0.8454417330728601,0.5920173967420668,0.37973365722511254,,0.4723452148034937
2025-04-21,0.5257819909164039,0.3709465049313386,0.6444668489288478,0.24032430775642585,,,0.44537991313325404,0.5546200868667459,0.7596756922435741,0.6290534950686614,0.35553315107115224,,0.4742180090835961
2025-04-22,0.5680683658082304,0.46562482958777,0.6342493447647215,0.27522823925933587,,,0.4857926948550145,0.5142073051449856,0.7247717607406641,0.5343751704122299,0.3657506552352785,,0.4319316341917696
2025-04-23,0.7131039426339121,0.4561660201279168,0.8362863336542484,0.14691849743443158,,0.4117376166463379,0.5128424820993694,0.48715751790063055,0.8530815025655685,0.5438339798720833,0.16371366634575157,,0.2868960573660879
2025-04-24,0.26050587414103715,0.40570986897848865,0.8366333916584147,0.4111270621293112,,,0.47849404922681293,0.5215059507731871,0.5888729378706887,0.5942901310215114,0.16336660834158534,,0.7394941258589629
2025-04-25,0.4964648679853595,0.4349155441216322,0.6214295863878107,0.5837858673955554,,,0.5341489664725894,0.46585103352741064,0.4162141326044446,0.5650844558783679,0.37857041361218935,,0.5035351320146405
2025-04-26,0.560287068274441,0.5045335993912902,0.5226743615344122,0.6888660459828286,,,0.569090268795743,0.430909731204257,0.31113395401717137,0.49546640060870983,0.47732563846558784,,0.43971293172555903
2025-04-27,0.3883411945300678,0.3893685009515788,0.619648721955972,0.7195042788702538,,,0.5292156740769681,0.4707843259230319,0.2804957211297462,0.6106314990484212,0.380351278044028,,0.6116588054699321
2025-04-28,0.46330167750726076,0.3192772503285119,0.4920020752023491,0.747558656201464,,,0.5055349148098964,0.49446508519010357,0.252441343798536,0.680722749671488,0.5079979247976509,,0.5366983224927393
2025-04-29,0.4760382898498411,0.25560501739341823,0.7627960083173067,0.4196105471965064,,,0.4785124656892681,0.5214875343107319,0.5803894528034936,0.7443949826065818,0.23720399168269335,,0.5239617101501589
2025-04-30,0.3324918701275467,0.2301576817215883,0.7468631143902309,0.3818864038955661,,0.34543195513165637,0.40736620505331766,0.5926337949466823,0.618113596104434,0.7698423182784118,0.2531368856097691,,0.6675081298724532
2025-05-01,0.3565262401828399,0.5999515846480958,0.8812595187847148,0.11774040360409257,,,0.4888694368049358,0.5111305631950642,0.8822595963959075,0.40004841535190416,0.11874048121528524,,0.64347375981716
2025-05-02,0.7980466188129439,0.5375935966023898,0.8265654595562821,0.15817809315610287,,,0.5800959420319296,0.4199040579680704,0.8418219068438971,0.4624064033976102,0.17343454044371787,,0.20195338118705608
2025-05-03,0.6517806402602333,0.5596657475526949,0.9237066501980213,0.12476559060709701,,,0.5649796571545117,0.4350203428454883,0.875234409392903,0.44033425244730506,0.07629334980197866,,0.3482193597397667
2025-05-04,0.6985841527458019,0.521492219741217,0.7565371062417379,0.553667171146663,,,0.6325701624688549,0.3674298375311451,0.446332828853337,0.47850778025878304,0.24346289375826213,,0.3014158472541981
2025-05-05,0.8104916962354272,0.43811932727295366,0.8710634657659522,0.5664352802818964,,,0.6715274423890574,0.32847255761094263,0.4335647197181036,0.5618806727270463,0.12893653423404783,,0.18950830376457284
2025-05-06,0.7389877632363901,0.47599631837945666,0.8742220605143112,0.4374943009262818,,0.5154686687994223,0.6084338223711725,0.3915661776288275,0.5625056990737183,0.5240036816205433,0.12577793948568883,,0.26101223676360985
2025-05-07,0.6447603775108576,0.5062701732292088,0.7237161170679743,0.4183606679275725,,0.25221037615358355,0.5090635423778395,0.49093645762216054,0.5816393320724276,0.49372982677079125,0.27628388293202566,,0.3552396224891424
2025-05-08,0.6944552517606665,0.46279044715571976,0.7803236104580371,0.45266279307893403,,0.2867972302500019,0.5354058665406718,0.4645941334593282,0.547337206921066,0.5372095528442802,0.2196763895419629,,0.30554474823933353
2025-05-09,0.7557046224257242,0.36496237873504933,0.7411679660445988,0.5200966050555291,,,0.5954828930652254,0.4045171069347746,0.4799033949444709,0.6350376212649507,0.2588320339554012,,0.24429537757427577
2025-05-10,0.6771033457358128,0.5021818551307726,0.7212828331724914,0.7993855591858795,,0.24489903464498883,0.588970525573989,0.411029474426011,0.2006144408141205,0.4978181448692274,0.2787171668275086,,0.32289665426418723
2025-05-11,0.8045500650079608,0.40450271236892904,0.803455924326058,0.7235696829474979,,0.8158432329128501,0.7103843235126591,0.2896156764873409,0.2764303170525021,0.5954972876310709,0.19654407567394205,,0.19544993499203922
2025-05-12,0.8455065960423499,0.40428418914958514,0.7899980585113285,0.38860415689083105,,,0.6070982501485236,0.3929017498514764,0.611395843109169,0.5957158108504148,0.21000194148867146,,0.1544934039576501
2025-05-13,0.6101785213597929,0.4867771316095883,0.7912843745790888,0.6465553772211177,,0.17817101474225702,0.5425932839023689,0.45740671609763106,0.35344462277888233,0.5132228683904116,0.20871562542091115,,0.3898214786402071
2025-05-14,0.7988335462828997,0.539730564450111,0.6745872528103543,0.6547903874635165,,,0.6669854377517204,0.33301456224827963,0.3452096125364835,0.46026943554988897,0.32541274718964575,,0.2011664537171003
2025-05-15,0.7987299273481159,0.5065321196521507,0.7558953212456881,0.5323954404840401,,0.7696903340620961,0.6726486285584181,0.3273513714415819,0.4676045595159599,0.4934678803478493,0.24410467875431185,,0.20127007265188412
2025-05-16,0.764224707776762,0.6109411260888691,0.712831358251329,0.5533670994931256,,,0.6603410729025214,0.3396589270974786,0.44663290050687443,0.3890588739111309,0.28716864174867096,,0.235775292223238
2025-05-17,0.694036032997832,0.4235968570306899,0.6793252763178091,0.511146650423046,,,0.5770262041923442,0.4229737958076558,0.48885334957695403,0.5764031429693102,0.32067472368219085,,0.305963967002168
2025-05-18,0.6809704139884599,0.47251645886153487,0.7646261840906869,0.5127743070415378,,,0.6077218409955549,0.39227815900444507,0.4872256929584622,0.5274835411384651,0.23537381590931306,,0.3190295860115401
2025-05-19,0.6509736040769161,0.36560392688688365,0.6266898406358689,0.593594555951948,,0.551785901408253,0.557729565791974,0.44227043420802603,0.406405444048052,0.6343960731131164,0.37331015936413114,,0.34902639592308393
2025-05-20,0.6788379459796485,0.6275297795212562,0.8009403492512838,0.43825597936917365,,,0.6363910135303406,0.36360898646965945,0.5617440206308264,0.3724702204787438,0.19905965074871623,,0.3211620540203515
2025-05-21,0.5392110422240418,0.5242786409288697,0.6836331092558482,0.5300650868080705,,0.5088085051084772,0.5571992768650615,0.44280072313493846,0.4699349131919295,0.47572135907113033,0.3163668907441518,,0.4607889577759582
2025-05-22,0.6063070861904307,0.479256855171607,0.7368339279717631,0.5175425390381647,,,0.5849851020929914,0.41501489790700863,0.4824574609618353,0.520743144828393,0.26316607202823694,,0.3936929138095693
2025-05-23,0.5672762634548133,0.3501011095042913,0.759653560276827,0.3402320330187795,,,0.5043157415636778,0.49568425843632224,0.6597679669812204,0.6498988904957087,0.24034643972317304,,0.4327237365451867
2025-05-24,0.5645733339135632,0.4849419635127529,0.7660872314502929,0.46676058195957465,,,0.570590777709046,0.429409222290954,0.5332394180404254,0.515058036487247,0.2339127685497071,,0.43542666608643676
2025-05-25,0.5785590879611975,0.4813515896274359,0.7649582336610632,0.30536046101396586,,0.6873489602542954,0.5635156665035915,0.43648433349640847,0.6946395389860341,0.5186484103725642,0.2350417663389368,,0.4214409120388025
2025-05-26,0.6316137863311541,0.3684789026127447,0.6859781087994808,0.3286332402290241,,,0.503676009493101,0.496323990506899,0.6713667597709758,0.6315210973872554,0.31402189120051915,,0.36838621366884594
2025-05-27,0.4111073837792008,0.3992036744294593,0.7096670206880947,0.4061477384897564,,0.8165258396874348,0.5485303314147891,0.45146966858521087,0.5938522615102436,0.6007963255705406,0.29033297931190527,,0.5888926162207992
2025-05-28,0.651440250399874,0.4029883200171852,0.8494647847320395,0.4615701624731935,,0.2427197774409343,0.5216366590126453,0.47836334098735467,0.5384298375268065,0.5970116799828148,0.15053521526796054,,0.34855974960012603
2025-05-29,0.44352311974404773,0.43855921340663034,0.8781723991281385,0.4636578897931671,,0.18261706900547545,0.48130593821549184,0.5186940617845082,0.5363421102068329,0.5614407865933697,0.12182760087186151,,0.5564768802559523
2025-05-30,0.41420813399158335,0.2659242457496957,0.7652837762356315,0.23409282680641544,,0.36136124931258895,0.408174046419183,0.591825953580817,0.7659071731935846,0.7340757542503042,0.23471622376436851,,0.5857918660084167
2025-05-31,0.4538202944536839,0.2104108156231999,0.7004948576954191,0.3733683834139136,,0.9089675143575119,0.5294123731087457,0.47058762689125433,0.6266316165860863,0.7895891843768001,0.2995051423045809,,0.5461797055463161
2025-06-01,0.49668533892125216,0.5300203296526633,0.7361162125826289,0.4510000155117473,,0.1451152292828183,0.471787425190222,0.528212574809778,0.5489999844882527,0.4699796703473367,0.26388378741737106,,0.5033146610787478
2025-06-02,0.8176247883969139,0.504371926671448,0.781943909468597,0.596613454294841,,0.2402375366185281,0.5881583230900655,0.41184167690993445,0.40338654570515897,0.49562807332855197,0.21805609053140296,,0.18237521160308612
2025-06-03,0.6673573368295728,0.4898976925591169,0.760547166728405,0.5411810129404622,,0.17683120102203526,0.5271628820159184,0.47283711798408157,0.45881898705953783,0.510102307440883,0.23945283327159494,,0.33264266317042723
2025-06-04,0.7249736951578033,0.5197668797971902,0.7435277466928195,0.4222817045681849,,0.6427783988910902,0.6106656850214176,0.3893343149785824,0.5777182954318151,0.48023312020280984,0.2564722533071805,,0.2750263048421967
2025-06-05,0.7034189390413439,0.5874072199439867,0.8022592720551341,0.47471370213980546,,0.1425108614926889,0.5420619989345918,0.45793800106540816,0.5252862978601945,0.4125927800560133,0.19774072794486586,,0.2965810609586561
2025-06-06,0.6527258949067508,0.4827190494660926,0.7744668757336985,0.3693180993827743,,0.304524682687111,0.5167509204352855,0.4832490795647145,0.6306819006172257,0.5172809505339073,0.22553312426630145,,0.3472741050932492
2025-06-07,0.6657076186448762,0.5923987017433483,0.7592888360782966,0.4790549666047288,,,0.6241125307678125,0.3758874692321875,0.5209450333952712,0.4076012982566517,0.24071116392170344,,0.33429238135512385
2025-06-08,0.605988384963855,0.5792212834803147,0.7163654239879278,0.45882322434021444,,0.2528660123855846,0.5226528658315793,0.4773471341684207,0.5411767756597856,0.42077871651968535,0.2836345760120722,,0.394011615036145
2025-06-09,0.7402362200156744,0.4359086448649131,0.5547510489083033,0.4382828649206822,,0.3082649283273287,0.4954887414073803,0.5045112585926197,0.5617171350793178,0.5640913551350869,0.4452489510916967,,0.25976377998432565
2025-06-10,0.7708997772534393,0.4485205459749585,0.7443702561576263,0.4688075053399571,,0.32287582230648004,0.5510947814064922,0.44890521859350785,0.5311924946600429,0.5514794540250415,0.2556297438423737,,0.22910022274656072
2025-06-11,0.8795848282391233,0.5661400529751355,0.6265504181689484,0.35226986456287956,,0.17297167027504964,0.5195033668442273,0.48049663315577273,0.6477301354371204,0.4338599470248645,0.3734495818310516,,0.12041517176087668
2025-06-12,0.7614219070506819,0.48896429225723753,0.6617932412719028,0.2946549927628247,,0.5752193527883599,0.5564107572262014,0.44358924277379863,0.7053450072371753,0.5110357077427625,0.33820675872809725,,0.2385780929493181
2025-06-13,0.4442872349458979,0.5457341088585669,0.659167956878325,0.44142797923136373,,,0.5226543199785383,0.4773456800214617,0.5585720207686362,0.4542658911414331,0.34083204312167503,,0.555712765054102
2025-06-14,0.5972458473476778,0.6494247927508073,0.618711565796466,0.3922495238432098,,,0.5644079324345402,0.43559206756545976,0.6077504761567902,0.35057520724919267,0.381288434203534,,0.4027541526523222
2025-06-15,0.568288185434103,0.5947606584862176,0.7654232831099906,0.35482711228536895,,,0.57082480982892,0.42917519017107997,0.645172887714631,0.4052393415137824,0.23457671689000936,,0.431711814565897
2025-06-16,0.6722080244266632,0.4817964506086784,0.6414811308785456,0.1957254907723005,,0.7971004739950562,0.5576623141362488,0.4423376858637512,0.8042745092276995,0.5182035493913216,0.35851886912145436,,0.32779197557333684
2025-06-17,0.7134858966156636,0.5628383052777418,0.6329084040856227,0.5789157818754235,,0.3038389868594585,0.558397474942782,0.441602525057218,0.4210842181245765,0.4371616947222582,0.36709159591437734,,0.28651410338433636
2025-06-18,0.7357739996276933,0.5235159669849028,0.4953230239515672,0.3965784964669974,,,0.5377978717577901,0.46220212824220985,0.6034215035330026,0.47648403301509723,0.5046769760484329,,0.2642260003723067
2025-06-19,0.5812976901680584,0.5974538413631537,0.518180219525493,0.3544433799894543,,0.15058862055199101,0.4403927503196301,0.5596072496803699,0.6455566200105457,0.4025461586368463,0.481819780474507,,0.41870230983194157
2025-06-20,0.48012251318423743,0.3654540869825018,0.653990845133732,0.34096623523360997,,,0.4601334201335203,0.5398665798664797,0.65903376476639,0.6345459130174982,0.34600915486626804,,0.5198774868157625
2025-06-21,0.6587299541500109,0.5834261499351459,0.5861228735500419,0.4026951545383894,,,0.557743533043397,0.44225646695660303,0.5973048454616106,0.41657385006485415,0.4138771264499581,,0.3412700458499891
2025-06-22,0.25767468557566253,0.5496302078139342,0.7417624120593005,0.334484406124774,,,0.4708879278934178,0.5291120721065822,0.665515593875226,0.45036979218606576,0.2582375879406995,,0.7423253144243375
2025-06-23,0.45308124498601915,0.5042939361828208,0.6989209958298257,0.30736619152688816,,,0.49091559213138847,0.5090844078686115,0.6926338084731118,0.4957060638171792,0.3010790041701743,,0.5469187550139809
2025-06-24,0.16727558357480066,0.4278629742998193,0.5753950582141942,0.3280121529038391,,,0.37463644224816334,0.6253635577518366,0.6719878470961609,0.5721370257001808,0.42460494178580577,,0.8327244164251993
2025-06-25,0.14526013666959622,0.3836539252212397,0.5993305482352322,0.3865423666169377,,0.0846139309023922,0.3198801815290796,0.6801198184709204,0.6134576333830624,0.6163460747787604,0.40066945176476776,,0.8547398633304037
2025-06-26,0.11594115743406543,0.4894614145480659,0.56383669828995,0.4048745820413244,,0.41954492674823124,0.3987317558123274,0.6012682441876727,0.5951254179586756,0.5105385854519341,0.43616330171005,,0.8840588425659346
2025-06-27,0.09677181519293811,0.4167368966347235,0.605236596167655,0.3194522871424767,,,0.35954939878444836,0.6404506012155516,0.6805477128575232,0.5832631033652764,0.394763403832345,,0.9032281848070619
2025-06-28,0.08784455210031646,0.3500940643874268,0.5281561557921304,0.3700279495940371,,0.12639000799497607,0.29250254597377734,0.7074974540262227,0.6299720504059629,0.6499059356125731,0.4718438442078696,,0.9121554478996835
2025-06-29,0.09574899829497238,0.2992925431984358,0.496944871088798,0.29776641307329055,,0.8334006901331041,0.4046307031577202,0.5953692968422798,0.7022335869267095,0.7007074568015642,0.503055128911202,,0.9042510017050276
2025-06-30,0.04485323912431401,0.4450230998921125,0.5261909982122022,0.24612828213439122,,0.06833779704178577,0.26610668328096115,0.7338933167190389,0.7538717178656088,0.5549769001078875,0.47380900178779783,,0.955146760875686
2025-07-01,0.07531118108372546,0.5101083113657934,0.47829268138563075,0.4317113299167801,,0.10828537346728527,0.32074177544384297,0.679258224556157,0.5682886700832199,0.4898916886342066,0.5217073186143693,,0.9246888189162745
2025-07-02,0.0449338798001393,0.49570144286869217,0.41897150360635255,0.5836055540958168,,0.24288670063171713,0.3572198162005436,0.6427801837994565,0.4163944459041832,0.5042985571313079,0.5810284963936474,,0.9550661201998607
2025-07-03,0.11907862132809621,0.4551985871994311,0.6068489410737326,0.5647573288868755,,,0.43647086962203385,0.5635291303779661,0.43524267111312454,0.5448014128005689,0.39315105892626745,,0.8809213786719038
2025-07-04,0.18754749074126456,0.3582781319902293,0.4268802285996861,0.6451891007095897,,0.3691554500259023,0.39741008041333437,0.6025899195866656,0.3548108992904103,0.6417218680097707,0.5731197714003139,,0.8124525092587355
2025-07-05,0.28518793955131333,0.5416553076182012,0.6229096586614669,0.4920110858552257,,0.3758229238195008,0.4635173831011416,0.5364826168988583,0.5079889141447743,0.45834469238179876,0.37709034133853314,,0.7148120604486867
2025-07-06,0.4931870492809252,0.5325400638257995,0.2948702114154969,0.5711293620094624,,,0.472931671632921,0.527068328367079,0.4288706379905376,0.46745993617420045,0.7051297885845031,,0.5068129507190748
2025-07-07,0.30539498480914584,0.4479261606758922,0.34931330133709876,0.669937497145507,,0.363284694199501,0.42717132763342897,0.572828672366571,0.330062502854493,0.5520738393241078,0.6506866986629012,,0.6946050151908542
2025-07-08,0.477252656752627,0.5501637340574871,0.47445620314700626,0.5809252586103247,,,0.5206994631418613,0.47930053685813867,0.41907474138967526,0.4498362659425129,0.5255437968529937,,0.522747343247373
2025-07-09,0.48840332094954236,0.4186375176627776,0.4041815018508959,0.565839240171381,,0.4131840898253848,0.4580491340919964,0.5419508659080037,0.434160759828619,0.5813624823372223,0.5958184981491041,,0.5115966790504576
2025-07-10,0.3888502354831794,0.4629067457034253,0.41791871672771175,0.46925120102815554,,,0.434731724735618,0.5652682752643821,0.5307487989718445,0.5370932542965747,0.5820812832722883,,0.6111497645168207
2025-07-11,0.3633005390939098,0.4567101487195188,0.3428658950985853,0.5633245154798696,,,0.43155027459797085,0.5684497254020291,0.4366754845201304,0.5432898512804811,0.6571341049014148,,0.6366994609060902
2025-07-12,0.3609947476839085,0.5413780450053702,0.3154735347772995,0.6379240147651501,,,0.4639425855579321,0.5360574144420679,0.36207598523484985,0.45862195499462977,0.6845264652227006,,0.6390052523160915
2025-07-13,0.47987690690464707,0.45927336008095665,0.34994515636861695,0.5173312255379245,,,0.4516066622230363,0.5483933377769636,0.48266877446207546,0.5407266399190434,0.6500548436313831,,0.5201230930953529
2025-07-14,0.45560718937990724,0.37696334225651434,0.3778835687847558,0.5473870417703832,,0.49013994680516076,0.4495962177993443,0.5504037822006558,0.4526129582296168,0.6230366577434856,0.6221164312152442,,0.5443928106200928
2025-07-15,0.3863650800324361,0.5477939998831235,0.3795274279518825,0.5207481914531282,,,0.45860867483014256,0.5413913251698574,0.47925180854687177,0.4522060001168765,0.6204725720481175,,0.6136349199675639
2025-07-16,0.32187404979899825,0.46781378699266324,0.4884232104051456,0.5400050437640757,,0.3534461740262037,0.4343124529974173,0.5656875470025827,0.45999495623592435,0.5321862130073367,0.5115767895948544,,0.6781259502010017
2025-07-17,0.3953260071824307,0.5462478825858686,0.48256983492836253,0.5883861927970635,,0.11649361701334927,0.4258047069014149,0.5741952930985851,0.4116138072029365,0.45375211741413135,0.5174301650716375,,0.6046739928175693
2025-07-18,0.27670883245547656,0.4894282672022008,0.4455355375882644,0.6108624193406632,,0.17411663229823357,0.3993303377769677,0.6006696622230323,0.3891375806593368,0.5105717327977992,0.5544644624117356,,0.7232911675445235
2025-07-19,0.4007995637057893,0.4954403655358335,0.3417134044980616,0.5137198390888066,,0.7730010681064493,0.504934848186988,0.495065151813012,0.4862801609111934,0.5045596344641665,0.6582865955019384,,0.5992004362942107
2025-07-20,0.3677181010336622,0.498377139890842,0.24369452933102032,0.5822637484595712,,0.8064291879937606,0.4996965413417712,0.5003034586582288,0.4177362515404288,0.501622860109158,0.7563054706689797,,0.6322818989663378
2025-07-21,0.36026349424344434,0.5069417665165367,0.35737261175279156,0.5431053754221853,,,0.44192081198373945,0.5580791880162606,0.4568946245778147,0.49305823348346334,0.6426273882472084,,0.6397365057565556
2025-07-22,0.3425116002101674,0.5502594541599019,0.40565668324063137,0.6291087386439309,,0.6507665040854593,0.5156605960680182,0.4843394039319818,0.3708912613560691,0.44974054584009815,0.5943433167593686,,0.6574883997898326
2025-07-23,0.29086949767150994,0.5026152933639871,0.30466152149323567,0.5885344091437773,,0.5840502484273835,0.45414619401997874,0.5458538059800213,0.4114655908562227,0.49738470663601286,0.6953384785067643,,0.7091305023284901
2025-07-24,0.15683475047381806,0.5487706267935532,0.34780813799079646,0.5793245318251692,,0.18408407435976715,0.3633644242886208,0.6366355757113792,0.4206754681748308,0.45122937320644685,0.6521918620092035,,0.8431652495261819
2025-07-25,0.2982144985571561,0.43783003184752406,0.3476325051084948,0.6839884740458517,,,0.44191637738975664,0.5580836226102434,0.3160115259541483,0.5621699681524759,0.6523674948915053,,0.7017855014428439
2025-07-26,0.2708378854043692,0.4470297485718074,0.3989900897745137,0.6472197532086273,,0.33341360660097386,0.41949821671205834,0.5805017832879417,0.35278024679137265,0.5529702514281927,0.6010099102254862,,0.7291621145956309
2025-07-27,0.1688240434209459,0.530153954566029,0.3638667769205251,0.5595439716053693,,0.48235455405180455,0.42094866011293475,0.5790513398870653,0.4404560283946307,0.469846045433971,0.636133223079475,,0.8311759565790541
2025-07-28,0.24667718202363942,0.4095393979942558,0.32242351985771733,0.6437370211694938,,,0.4055942802612766,0.5944057197387234,0.35626297883050617,0.5904606020057441,0.6775764801422827,,0.7533228179763606
2025-07-29,0.3714767672951799,0.3870972651567978,0.28930674584055366,0.5861254937798202,,,0.4085015680180879,0.5914984319819121,0.41387450622017985,0.6129027348432021,0.7106932541594464,,0.62852323270482
2025-07-30,0.08781984629122198,0.3478283518630042,0.24788593398739797,0.6435115120629209,,,0.33176141105113627,0.6682385889488638,0.3564884879370791,0.6521716481369958,0.752114066012602,,0.912180153708778
2025-07-31,0.17870169584197132,0.31786974269861473,0.47649059496237856,0.5716571494108478,,0.7088535081342044,0.45071453820960333,0.5492854617903966,0.4283428505891522,0.6821302573013852,0.5235094050376214,,0.8212983041580286
2025-08-01,0.428879142231209,0.4637160211973674,0.6056741907982581,0.4566981778957801,,,0.4887418830306537,0.5112581169693463,0.5433018221042198,0.5362839788026326,0.3943258092017419,,0.571120857768791
2025-08-02,0.6177745706194332,0.4601179834094604,0.4128419402539751,0.3682198073057854,,,0.46473857539716357,0.5352614246028364,0.6317801926942146,0.5398820165905396,0.5871580597460249,,0.3822254293805668
2025-08-03,0.6900378619013838,0.47394976205016165,0.42822217650906924,0.527415450191466,,,0.5299063126630201,0.47009368733697987,0.47258454980853404,0.5260502379498384,0.5717778234909308,,0.30996213809861617
2025-08-04,0.5077669256118801,0.5245462272973744,0.5162434781353115,0.6467813703254573,,,0.5488345003425058,0.4511654996574942,0.35321862967454265,0.47545377270262557,0.48375652186468854,,0.4922330743881199
2025-08-05,0.4907375757601549,0.5584931735056359,0.4956052098889655,0.6249644791727818,,,0.5424501095818846,0.45754989041811545,0.37503552082721825,0.4415068264943641,0.5043947901110345,,0.5092624242398451
2025-08-06,0.5849512193199808,0.48995253320228327,0.4796278506296495,0.649319420394647,,,0.5509627558866401,0.4490372441133599,0.35068057960535304,0.5100474667977167,0.5203721493703505,,0.41504878068001916
2025-08-07,0.4539404312456711,0.5137242501079964,0.47018603427055244,0.6583167766036477,,,0.5240418730569669,0.4759581269430331,0.34168322339635226,0.4862757498920036,0.5298139657294476,,0.5460595687543288
2025-08-08,0.4727084478982048,0.4644261307588742,0.461313549033692,0.6194331450826216,,,0.5044703181933481,0.4955296818066519,0.3805668549173784,0.5355738692411258,0.5386864509663081,,0.5272915521017951
2025-08-09,0.5821294957238347,0.46831361380469594,0.44916953040652036,0.6997643659509067,,,0.5498442514714894,0.4501557485285106,0.30023563404909326,0.5316863861953041,0.5508304695934796,,0.41787050427616534
2025-08-10,0.49117848983238604,0.5626876760842722,0.4091025881605436,0.58745993181347,,,0.512607171472668,0.487392828527332,0.41254006818653,0.43731232391572783,0.5908974118394563,,0.5088215101676139
2025-08-11,0.5537491163902507,0.4936240556330337,0.3988369816404583,0.5523878696833976,,,0.499649505836785,0.500350494163215,0.4476121303166024,0.5063759443669663,0.6011630183595418,,0.4462508836097493
2025-08-12,0.4603637287545464,0.5505331184593357,0.44255497117042586,0.569666900259378,,,0.5057796796609215,0.4942203203390785,0.43033309974062195,0.4494668815406643,0.5574450288295741,,0.5396362712454537
2025-08-13,0.5303673712699079,0.4794085297800034,0.36481470353680023,0.586111879609684,,,0.49017562104909884,0.5098243789509012,0.41388812039031597,0.5205914702199965,0.6351852964631998,,0.46963262873009215
2025-08-14,0.47416571874989116,0.6094584087084205,0.40964641957995923,0.5350071690813195,,,0.5070694290298976,0.4929305709701024,0.4649928309186805,0.3905415912915795,0.5903535804200408,,0.5258342812501089
2025-08-15,0.5354205412756011,0.48394539036954876,0.4879731341488476,0.4665880866799169,,,0.49348178811847865,0.5065182118815214,0.5334119133200831,0.5160546096304512,0.5120268658511524,,0.4645794587243989
2025-08-16,0.5840180233045374,0.5235075933295201,0.3856811441043629,0.5182641671490386,,,0.5028677319718647,0.49713226802813526,0.48173583285096144,0.4764924066704799,0.6143188558956372,,0.41598197669546255
2025-08-17,0.5355365485157988,0.6021772085840097,0.3818751501032005,0.665731356743491,,,0.546330065986625,0.45366993401337496,0.33426864325650896,0.3978227914159903,0.6181248498967995,,0.4644634514842012
2025-08-18,0.4647420305894823,0.5735873969004592,0.4783881118693987,0.6716264720869263,,,0.5470860028615666,0.4529139971384334,0.3283735279130737,0.42641260309954077,0.5216118881306013,,0.5352579694105177
2025-08-19,0.4138666038963932,0.4827542162228102,0.5361767149451789,0.5370318468045244,,0.6252558441630799,0.5190170452063974,0.48098295479360265,0.4629681531954756,0.5172457837771898,0.46382328505482107,,0.5861333961036068
2025-08-20,0.4643277685194749,0.4606053716456174,0.447462160267281,0.48897340424014124,,,0.4653421761681286,0.5346578238318713,0.5110265957598588,0.5393946283543827,0.552537839732719,,0.5356722314805251
2025-08-21,0.5468067559997991,0.3912688487944266,0.48943951397928737,0.4837298732948254,,,0.47781124801708463,0.5221887519829154,0.5162701267051746,0.6087311512055734,0.5105604860207127,,0.4531932440002009
2025-08-22,0.5464222936340682,0.481518734178688,0.5160445536787045,0.2693412271847866,,0.5292527872391385,0.4685159191830772,0.5314840808169228,0.7306587728152134,0.518481265821312,0.4839554463212955,,0.45357770636593175
2025-08-23,0.468499419380354,0.4378080875397388,0.41517653883207584,0.305196442971237,,,0.4066701221808514,0.5933298778191486,0.694803557028763,0.5621919124602612,0.5848234611679242,,0.531500580619646
2025-08-24,0.3890063619246696,0.5160664725728286,0.5293449195350529,0.39049584706130935,,,0.45622840027346506,0.5437715997265349,0.6095041529386906,0.48393352742717144,0.4706550804649471,,0.6109936380753305
2025-08-25,0.5561801461848744,0.4116191969866788,0.48522411451354386,0.4221191378360785,,,0.4687856488802939,0.531214351119706,0.5778808621639215,0.5883808030133212,0.5147758854864561,,0.44381985381512556
2025-08-26,0.4379501996992773,0.4593989169019692,0.3922651112848458,0.4509125761076741,,,0.43513170099844156,0.5648682990015584,0.5490874238923259,0.5406010830980308,0.6077348887151541,,0.5620498003007227
2025-08-27,0.585757707752679,0.494003741300866,0.4215267460300778,0.30162654521603416,,,0.45072868507491426,0.5492713149250857,0.6983734547839658,0.505996258699134,0.5784732539699222,,0.414242292247321
2025-08-28,0.4274670464219247,0.4120995573797741,0.5116867211273433,0.45619513696069935,,,0.4518621154724354,0.5481378845275646,0.5438048630393006,0.5879004426202259,0.48831327887265674,,0.5725329535780753
2025-08-29,0.4270077302861354,0.3695456369710897,0.4072832594474208,0.28992172218831946,,,0.37343958722324133,0.6265604127767587,0.7100782778116805,0.6304543630289103,0.5927167405525793,,0.5729922697138645
2025-08-30,0.33884711773056825,0.27686812678961353,0.4921098207244068,0.2759227666673075,,,0.34593695797797397,0.654063042022026,0.7240772333326926,0.7231318732103864,0.5078901792755932,,0.6611528822694317
2025-08-31,0.30159673609589305,0.3485450118033267,0.4851001214426102,0.40345602624263094,,,0.38467447389611525,0.6153255261038848,0.596543973757369,0.6514549881966734,0.5148998785573897,,0.6984032639041069
2025-09-01,0.5178931807120999,0.43972530685117356,0.35479464988207265,0.5928133887110255,,,0.4763066315390929,0.5236933684609071,0.4071866112889745,0.5602746931488265,0.6452053501179273,,0.4821068192879001
2025-09-02,0.639936271671346,0.30888158909565927,0.14747810694640892,0.4718026963687856,,,0.3920246660205499,0.60797533397945,0.5281973036312144,0.6911184109043407,0.852521893053591,,0.36006372832865396
2025-09-03,0.4775860707707509,0.3921970943890117,0.28919889410552435,0.4806554072265024,,,0.4099093666229473,0.5900906333770527,0.5193445927734976,0.6078029056109884,0.7108011058944756,,0.5224139292292491
2025-09-04,0.5278639707496531,0.3891259328642966,0.4671114011036677,0.5598999354998658,,,0.48600031005437083,0.5139996899456292,0.44010006450013417,0.6108740671357034,0.5328885988963323,,0.4721360292503469
2025-09-05,0.42199971428868144,0.4466587512072097,0.29179112596295015,0.5177155084129872,,,0.4195412749679571,0.5804587250320429,0.4822844915870128,0.5533412487927902,0.7082088740370498,,0.5780002857113186
2025-09-06,0.5572664383359309,0.41061731055261225,0.2685163907085686,0.448597977918136,,,0.42124952937881194,0.5787504706211881,0.5514020220818641,0.5893826894473877,0.7314836092914314,,0.4427335616640691
2025-09-07,0.33401779322365316,0.4485475315167083,0.23917010643995973,0.5051440507133931,,,0.3817198704734286,0.6182801295265714,0.4948559492866069,0.5514524684832918,0.7608298935600403,,0.6659822067763468
2025-09-08,0.41772510080807657,0.42273466810819066,0.25625032041563905,0.5418382623960695,,,0.40963708793199394,0.5903629120680061,0.45816173760393053,0.5772653318918093,0.743749679584361,,0.5822748991919234
2025-09-09,0.611464460978934,0.4974851560693519,0.26753764938937663,0.37629675718943933,,,0.4381960059067755,0.5618039940932245,0.6237032428105607,0.5025148439306482,0.7324623506106234,,0.38853553902106597
2025-09-10,0.4110164188626369,0.5106275870198663,0.2583047295422374,0.39123263105189426,,,0.39279534161915874,0.6072046583808413,0.6087673689481057,0.4893724129801337,0.7416952704577626,,0.5889835811373632
2025-09-11,0.515869806305284,0.5661638185285293,0.370309747743059,0.38299521955834487,,,0.45883464803380425,0.5411653519661958,0.6170047804416552,0.43383618147147074,0.629690252256941,,0.484130193694716
2025-09-12,0.5732740024527495,0.4701732583605045,0.2174560576315302,0.42335392243099634,,,0.42106431021894514,0.5789356897810549,0.5766460775690037,0.5298267416394955,0.7825439423684698,,0.4267259975472505
2025-09-13,0.5063391694009157,0.47035405790714635,0.3929327521003475,0.5048666856505645,,,0.46862316626474354,0.5313768337352565,0.4951333143494355,0.5296459420928536,0.6070672478996525,,0.4936608305990843
2025-09-14,0.5700137367743671,0.48848365290662094,0.3275906870211785,0.46040326560077377,,,0.461622835575735,0.538377164424265,0.5395967343992263,0.511516347093379,0.6724093129788216,,0.42998626322563294
2025-09-15,0.485346540402753,0.3614793563671373,0.3051873195391981,0.45474551448805495,,,0.40168968269928584,0.5983103173007142,0.545254485511945,0.6385206436328628,0.6948126804608019,,0.514653459597247
2025-09-16,0.4334658867464889,0.48343108789728223,0.21822530618815106,0.5140519304782394,,,0.4122935528275404,0.5877064471724596,0.4859480695217606,0.5165689121027177,0.7817746938118489,,0.5665341132535111
2025-09-17,0.5176253489270585,0.483088383398097,0.1829845466146275,0.16131100695513723,,,0.3362523214737301,0.6637476785262699,0.8386889930448628,0.516911616601903,0.8170154533853725,,0.48237465107294153
2025-09-18,0.4978517744831002,0.4500019551035238,0.4368094913625238,0.040902673029850935,,,0.3563914734947497,0.6436085265052502,0.959097326970149,0.5499980448964762,0.5631905086374762,,0.5021482255168999
2025-09-19,0.4763649761959236,0.38593778527619155,0.31982494371098463,0.29854305142454085,,,0.3701676891519102,0.6298323108480899,0.7014569485754591,0.6140622147238084,0.6801750562890154,,0.5236350238040763
2025-09-20,0.43670191973759775,0.4202252000503877,0.3816450254023625,0.36847494364143923,,,0.4017617722079468,0.5982382277920533,0.6315250563585608,0.5797747999496123,0.6183549745976376,,0.5632980802624022
2025-09-21,0.4105996615540318,0.3928923211638266,0.4567577271503508,0.4412633988966296,,,0.4253782771912097,0.5746217228087903,0.5587366011033704,0.6071076788361733,0.5432422728496492,,0.5894003384459682
2025-09-22,0.3950922851868113,0.3961204019268651,0.5185192941275951,0.36257243848317344,,0.6075873816199973,0.4559783602688885,0.5440216397311115,0.6374275615168266,0.6038795980731348,0.4814807058724049,,0.6049077148131887
2025-09-23,0.4243864726561384,0.40626954990549413,0.5393301117335457,0.4449674848003602,,0.7953565705958936,0.5220620379382864,0.4779379620617136,0.5550325151996398,0.5937304500945059,0.4606698882664543,,0.5756135273438616
2025-09-24,0.4859970571453842,0.3713660128514185,0.5001484334449444,0.36308243631045545,,,0.43014848493805063,0.5698515150619494,0.6369175636895446,0.6286339871485815,0.4998515665550556,,0.5140029428546158
2025-09-25,0.3840386549569836,0.3814695296461004,0.5074197645118602,0.37407658555660833,,,0.4117511336678881,0.5882488663321119,0.6259234144433916,0.6185304703538996,0.4925802354881398,,0.6159613450430164
2025-09-26,0.39071374709191964,0.4661476864417813,0.33136800933254773,0.44684854236254057,,,0.40876949630719733,0.5912305036928027,0.5531514576374594,0.5338523135582187,0.6686319906674523,,0.6092862529080804
2025-09-27,0.3300825088888927,0.34938985334142225,0.2703768344716789,0.3958946379154982,,,0.336435958654373,0.663564041345627,0.6041053620845018,0.6506101466585777,0.7296231655283212,,0.6699174911111073
2025-09-28,0.4784625415101667,0.2966049734182566,0.15988303255127978,0.2554843127938169,,,0.29760871506838,0.7023912849316201,0.7445156872061831,0.7033950265817435,0.8401169674487202,,0.5215374584898333
2025-09-29,0.454861810126791,0.2479575001085711,0.25395156699350474,0.39580413647939067,,,0.3381437534270644,0.6618562465729356,0.6041958635206093,0.7520424998914289,0.7460484330064953,,0.5451381898732091
2025-09-30,0.4579090347426986,0.2876173092540213,0.21351186634916167,0.24424531398811158,,,0.3008208810834983,0.6991791189165018,0.7557546860118884,0.7123826907459787,0.7864881336508384,,0.5420909652573014
2025-10-01,0.43896222052024647,0.4547876649751018,0.4559702833703674,0.27410827947001404,,0.5205398770358844,0.42887366507432284,0.5711263349256772,0.725891720529986,0.5452123350248982,0.5440297166296326,,0.5610377794797535
2025-10-02,0.4335981630533276,0.5327903870565034,0.41180482244927585,0.5116321267633279,,,0.4724563748306087,0.5275436251693912,0.4883678732366721,0.4672096129434966,0.5881951775507241,,0.5664018369466723
2025-10-03,0.43299097288575816,0.5850254193652484,0.4099316916507757,0.5164242480048883,,,0.48609308297666765,0.5139069170233324,0.4835757519951117,0.41497458063475157,0.5900683083492243,,0.5670090271142418
2025-10-04,0.4013471482427379,0.5306568873778365,0.23117583460265373,0.41717697911915025,,,0.3950892123355946,0.6049107876644054,0.5828230208808498,0.46934311262216355,0.7688241653973462,,0.5986528517572621
2025-10-05,0.524830373740525,0.35387491185962683,0.2419131845259006,0.46707502882371077,,0.6233553008225398,0.4422097599544606,0.5577902400455395,0.5329249711762892,0.6461250881403732,0.7580868154740994,,0.475169626259475
2025-10-06,0.4454222664672763,0.2807120004345136,0.3388967037251249,0.46207856690769084,,,0.3817773843836514,0.6182226156163486,0.5379214330923092,0.7192879995654864,0.6611032962748751,,0.5545777335327238
2025-10-07,0.43676712740557805,0.144898043705661,0.3306355104147359,0.5020318966752685,,,0.3535831445503108,0.6464168554496892,0.4979681033247315,0.8551019562943389,0.6693644895852642,,0.563232872594422
2025-10-08,0.47396030080699486,0.12155583602293728,0.19091269065057317,0.5789668785321034,,,0.3413489265031522,0.6586510734968478,0.4210331214678966,0.8784441639770627,0.8090873093494269,,0.5260396991930052
2025-10-09,0.5034156819946763,0.13849690540773718,0.20436819666695635,0.4206439128661584,,,0.3167311742338821,0.6832688257661179,0.5793560871338417,0.8615030945922628,0.7956318033330436,,0.49658431800532365
2025-10-10,0.4916012604114483,0.1327875631827292,0.2369954204431287,0.4172270976529424,,0.3152220537900019,0.3187666790960501,0.6812333209039498,0.5827729023470576,0.8672124368172708,0.7630045795568713,,0.5083987395885516
2025-10-11,0.38256878200182,0.1250767212919129,0.14351065002120103,0.4842793489154097,,0.35775548263255075,0.29863819697257893,0.7013618030274211,0.5157206510845903,0.8749232787080871,0.856489349978799,,0.61743121799818
2025-10-12,0.349943294009843,0.173095292220731,0.40424239143819135,0.4244502791913422,,0.6409582208125891,0.3985378955345394,0.6014621044654607,0.5755497208086577,0.826904707779269,0.5957576085618086,,0.650056705990157
2025-10-13,0.4147018333761868,0.14603431426663446,0.2741093518622759,0.48415821868982944,,0.5825218937177536,0.38030512238253605,0.619694877617464,0.5158417813101706,0.8539656857333655,0.7258906481377241,,0.5852981666238132
2025-10-14,0.3842243328738965,0.19156319503398378,0.30384030108973986,0.5366858129071906,,0.5758544359424854,0.3984336155694592,0.6015663844305408,0.46331418709280936,0.8084368049660162,0.6961596989102601,,0.6157756671261034
2025-10-15,0.3616086768208603,0.15501906748104377,0.3350352303060805,0.5419224296484471,,,0.34839635106410793,0.6516036489358921,0.45807757035155294,0.8449809325189562,0.6649647696939195,,0.6383913231791397
2025-10-16,0.3157842734642167,0.25326957177375364,0.3056444191635462,0.5125295154122793,,,0.34680694495344894,0.653193055046551,0.4874704845877207,0.7467304282262464,0.6943555808364539,,0.6842157265357833
2025-10-17,0.2211855647945191,0.21324747955334028,0.23334014692354849,0.5084200173227891,,,0.2940483021485492,0.7059516978514508,0.4915799826772109,0.7867525204466597,0.7666598530764515,,0.7788144352054809
2025-10-18,0.21904234794725128,0.1865712581149954,0.3035053263716678,0.5767024082650661,,,0.3214553351747451,0.6785446648252549,0.42329759173493386,0.8134287418850046,0.6964946736283322,,0.7809576520527487
2025-10-19,0.2776581614442696,0.2250301238471431,0.2821337473789592,0.5131280876756753,,,0.32448753008651177,0.6755124699134882,0.4868719123243247,0.774969876152857,0.7178662526210409,,0.7223418385557304
2025-10-20,0.35503654530390727,0.19270911012581718,0.32715754754374715,0.5137004568977652,,0.45455357000890045,0.3686314459760275,0.6313685540239725,0.4862995431022348,0.8072908898741828,0.6728424524562528,,0.6449634546960927
2025-10-21,0.3325749316372523,0.19692786513924326,0.1012987866477398,0.43872174037696027,,0.5493509091753234,0.32377484659530376,0.6762251534046962,0.5612782596230397,0.8030721348607568,0.8987012133522602,,0.6674250683627476
2025-10-22,0.37463554754313017,0.1904168166997864,0.1244787725439805,0.4451437770072852,,,0.28366872844854557,0.7163312715514545,0.5548562229927148,0.8095831833002136,0.8755212274560195,,0.6253644524568698
2025-10-23,0.2955395269941598,0.22628483452252307,0.15767342181271718,0.38870583729533925,,,0.2670509051561848,0.7329490948438152,0.6112941627046607,0.773715165477477,0.8423265781872828,,0.7044604730058401
2025-10-24,0.26186221107527835,0.2760267772892501,0.2496329190615345,0.3217363951853159,,0.4576379598099975,0.3133792524842753,0.6866207475157247,0.6782636048146842,0.7239732227107498,0.7503670809384655,,0.7381377889247216
2025-10-25,0.3090351734519694,0.23099290757111074,0.15532733268076954,0.47331448083280503,,,0.29216747363416373,0.7078325263658363,0.526685519167195,0.7690070924288892,0.8446726673192304,,0.6909648265480306
2025-10-26,0.26565998368191146,0.1925150849492422,0.17125450555810903,0.333388202658123,,0.25444933913678236,0.24345342319683363,0.7565465768031664,0.666611797341877,0.8074849150507578,0.8287454944418909,,0.7343400163180885
2025-10-27,0.25429444060351064,0.2711547967072244,0.23632959398392483,0.31540485914808053,,0.5785725533690826,0.3311512487623646,0.6688487512376353,0.6845951408519195,0.7288452032927756,0.7636704060160752,,0.7457055593964894
2025-10-28,0.3098095343224384,0.3072069934677621,0.14849861353061683,0.2424958709282336,,0.45630031774451196,0.29286226599871257,0.7071377340012874,0.7575041290717663,0.6927930065322379,0.8515013864693832,,0.6901904656775616
2025-10-29,0.23649626720495234,0.3263304493224033,0.06632168760761112,0.2928720077452097,,,0.23050510297004412,0.7694948970299559,0.7071279922547903,0.6736695506775967,0.9336783123923889,,0.7635037327950477
2025-10-30,0.3053710273383706,0.38500031763788106,0.41712882598754797,0.34171954564355467,,0.2228083275142427,0.33440560882431936,0.6655943911756806,0.6582804543564453,0.6149996823621189,0.582871174012452,,0.6946289726616294
2025-10-31,0.3353528357200187,0.27295518649042005,0.15729199287382772,0.34323507887571597,,,0.2772087734899956,0.7227912265100044,0.6567649211242841,0.72704481350958,0.8427080071261723,,0.6646471642799813
2025-11-01,0.37425595374707915,0.39289324658461683,0.15231415475214122,0.4096318367256685,,,0.33227379795237644,0.6677262020476236,0.5903681632743315,0.6071067534153831,0.8476858452478588,,0.6257440462529209
2025-11-02,0.3354917325835299,0.3426994372048653,0.10759828965937994,0.3587803748250834,,,0.28614245856821463,0.7138575414317854,0.6412196251749166,0.6573005627951347,0.8924017103406201,,0.6645082674164702
2025-11-03,0.34887566114910884,0.3951079537848317,0.645156579427934,0.38962136965812005,,,0.44469039100499863,0.5553096089950014,0.6103786303418799,0.6048920462151683,0.35484342057206597,,0.6511243388508912
2025-11-04,0.37383544993738343,0.3979950748356893,0.3978992110496261,0.3938114094646766,,,0.3908852863218439,0.6091147136781561,0.6061885905353235,0.6020049251643107,0.6021007889503739,,0.6261645500626165
2025-11-05,0.24547370132310495,0.3262174355207314,0.4318661696494077,0.41503782449653626,,,0.35464878274744505,0.645351217252555,0.5849621755034637,0.6737825644792685,0.5681338303505923,,0.754526298676895
2025-11-06,0.20659472669306336,0.2810329742577098,0.2928352528655803,0.3186243569997268,0.5091481074125017,0.23604061588714004,0.307379339019287,0.6926206609807131,0.6813756430002732,0.7189670257422902,0.7071647471344197,0.4908518925874983,0.7934052733069367
2025-11-07,0.22235008094987896,0.3336057208820966,0.4617289582077283,0.44783765591979036,,,0.36638060398987354,0.6336193960101264,0.5521623440802097,0.6663942791179034,0.5382710417922717,,0.777649919050121
2025-11-08,0.26687443681191897,0.25484248333308385,0.21902448303667615,0.3698278833197352,,0.20563517557514263,0.2632408924153114,0.7367591075846887,0.6301721166802647,0.7451575166669162,0.7809755169633239,,0.7331255631880811
2025-11-09,0.20438683888726586,0.2987199987213213,0.25348737276418964,0.3540655842708396,,0.18111379782535275,0.2583547184937939,0.7416452815062061,0.6459344157291604,0.7012800012786786,0.7465126272358104,,0.7956131611127342
2025-11-10,0.2825140845754997,0.31770058155211117,0.4692729929642979,0.4258508269510118,,,0.3738346215107301,0.6261653784892699,0.5741491730489883,0.6822994184478888,0.5307270070357021,,0.7174859154245004
2025-11-11,0.29446279302324196,0.31333849870227776,0.4039950007032349,0.30487518091116556,,0.153845897912942,0.2941034742505725,0.7058965257494275,0.6951248190888344,0.6866615012977222,0.5960049992967651,,0.705537206976758
2025-11-12,0.2402993976805261,0.3500884959897277,0.554587723762197,0.3078211863268786,,0.12457224025080389,0.3154738088020267,0.6845261911979733,0.6921788136731214,0.6499115040102723,0.445412276237803,,0.7597006023194739
2025-11-13,0.24340178978477292,0.3254488934361008,0.44627444014761414,0.33837742312071484,,,0.3383756366223007,0.6616243633776993,0.6616225768792852,0.6745511065638992,0.5537255598523858,,0.7565982102152271
2025-11-14,0.2221000263615843,0.3846620054065856,0.27023409070031135,0.37302444189275064,,,0.31250514109030797,0.6874948589096921,0.6269755581072494,0.6153379945934143,0.7297659092996887,,0.7778999736384157
2025-11-15,0.2856764459828009,0.2967823017668734,0.4388207723800131,0.47246134028299025,,,0.3734352151031694,0.6265647848968305,0.5275386597170098,0.7032176982331266,0.561179227619987,,0.714323554017199
2025-11-16,0.2509207809110867,0.41858297544019135,0.22268234372257312,0.40919608466406987,,0.18805337314722897,0.29788711157702996,0.70211288842297,0.5908039153359301,0.5814170245598087,0.7773176562774269,,0.7490792190889133
2025-11-17,0.26449129714297287,0.35750639225674324,0.4040004276009394,0.47023176170846304,,,0.37405746967727965,0.6259425303227204,0.529768238291537,0.6424936077432568,0.5959995723990605,,0.7355087028570271
2025-11-18,0.24741765262004276,0.34618998563854714,0.5928065444266979,0.4233863185078843,,,0.40245012529829305,0.597549874701707,0.5766136814921157,0.6538100143614529,0.4071934555733021,,0.7525823473799572
2025-11-19,0.2521291328730615,0.33489184939829464,0.44804206240305583,0.46352300331907265,,,0.3746465119983712,0.6253534880016288,0.5364769966809273,0.6651081506017054,0.5519579375969441,,0.7478708671269385
2025-11-20,0.3572412971454388,0.27066664501565874,0.7188234136896394,0.4432144905559231,,0.18564058505455996,0.395117286292244,0.6048827137077559,0.5567855094440769,0.7293333549843413,0.2811765863103606,,0.6427587028545612
2025-11-21,0.3167138411645938,0.37160592114480223,0.5526278572975214,0.5753703947269256,,,0.4540795035834607,0.5459204964165393,0.42462960527307436,0.6283940788551978,0.4473721427024786,,0.6832861588354062
2025-11-22,0.26504090758225163,0.2610508476025454,0.34112095549233723,0.5141028128468802,,,0.3453288808810036,0.6546711191189964,0.4858971871531198,0.7389491523974546,0.6588790445076628,,0.7349590924177484
2025-11-23,0.19011393560675652,0.2685905877150188,0.36195707589389997,0.5261806866729923,,,0.33671057147216693,0.663289428527833,0.47381931332700766,0.7314094122849812,0.6380429241061001,,0.8098860643932435
2025-11-24,0.19198494126754673,0.27045157330018027,0.3842289984670314,0.49059953150476765,,0.10993275603569393,0.289439560115044,0.710560439884956,0.5094004684952324,0.7295484266998198,0.6157710015329686,,0.8080150587324533
2025-11-25,0.22380913118122106,0.2571115799684685,0.19857523334268457,0.5932017422820819,,,0.318174421693614,0.681825578306386,0.4067982577179181,0.7428884200315315,0.8014247666573154,,0.776190868818779
2025-11-26,0.18268436164768379,0.24909026107881974,0.3158786855549366,0.4350743872548203,,,0.2956819238840651,0.7043180761159349,0.5649256127451797,0.7509097389211803,0.6841213144450634,,0.8173156383523162
2025-11-27,0.1847443867362332,0.22181254888262367,0.21939909345655476,0.4039057050211561,,0.11105931750781224,0.228184210320876,0.771815789679124,0.5960942949788439,0.7781874511173763,0.7806009065434453,,0.8152556132637668
2025-11-28,0.20007109222128772,0.22572267351258812,0.22973516103619393,0.39132565299955907,,,0.26171364494240723,0.7382863550575928,0.608674347000441,0.7742773264874119,0.770264838963806,,0.7999289077787123
2025-11-29,0.21656306883414467,0.25885225227753633,0.2710666591701127,0.36555793677387305,,,0.2780099792639167,0.7219900207360833,0.634442063226127,0.7411477477224637,0.7289333408298873,,0.7834369311658553
2025-11-30,0.18584062591461395,0.2927691604982807,0.27826242387412015,0.35926001605262037,,0.11426531052996328,0.2460795073739197,0.7539204926260803,0.6407399839473796,0.7072308395017193,0.7217375761258799,,0.8141593740853861
2025-12-01,0.15132852771143346,0.26721299484311634,0.24173085448204468,0.4107288077402784,,0.12003362260983735,0.23820696147734202,0.761793038522658,0.5892711922597216,0.7327870051568837,0.7582691455179553,,0.8486714722885665
2025-12-02,0.17311566288225835,0.28353436243415825,0.20060185322862167,0.44353720604440205,,0.37167705573829096,0.29449322806554623,0.7055067719344538,0.556462793955598,0.7164656375658418,0.7993981467713783,,0.8268843371177417
2025-12-03,0.15951838417661102,0.34451965944383217,0.33789931851603916,0.40818295746510785,,0.24889098411571475,0.299802260743461,0.700197739256539,0.5918170425348921,0.6554803405561678,0.6621006814839608,,0.840481615823389
2025-12-04,0.1694262859703064,0.2970990949912205,0.2819789406256805,0.3551127195464618,,0.17100811257371965,0.25492503074147776,0.7450749692585222,0.6448872804535382,0.7029009050087796,0.7180210593743195,,0.8305737140296936
2025-12-05,0.22137475867264803,0.30460492940358475,0.3233959782388856,0.3691295141662109,,0.23347680202373822,0.2903963965010135,0.7096036034989865,0.630870485833789,0.6953950705964153,0.6766040217611144,,0.778625241327352
2025-12-06,0.17585800094751786,0.3357981514881508,0.27329037179579474,0.353056469002287,,,0.2845007483084376,0.7154992516915624,0.646943530997713,0.6642018485118493,0.7267096282042053,,0.8241419990524821
2025-12-07,0.15454415725403275,0.3563949564445041,0.20075119729835694,0.38452019318702646,,0.21106660471642152,0.2614554217800683,0.7385445782199317,0.6154798068129735,0.6436050435554959,0.7992488027016431,,0.8454558427459673
2025-12-08,0.13431558741139143,0.29208681302357253,0.33814729221407047,0.4312944882974373,,0.5225636551256135,0.34368156721441706,0.6563184327855829,0.5687055117025628,0.7079131869764275,0.6618527077859295,,0.8656844125886085
2025-12-09,0.1328507630555997,0.3137393286872964,0.22470262678334735,0.36762396917318646,,,0.25972917192485745,0.7402708280751426,0.6323760308268136,0.6862606713127035,0.7752973732166526,,0.8671492369444003
2025-12-10,0.17270868263091127,0.32048891668264584,0.13281833415225225,0.4124642285986269,,0.6469637844707448,0.3370887893070362,0.6629112106929638,0.5875357714013731,0.6795110833173541,0.8671816658477478,,0.8272913173690888
2025-12-11,0.13686502088887367,0.3153378159011455,0.18644806261163974,0.3782392059379407,,0.3317159051675724,0.2697212021014344,0.7302787978985656,0.6217607940620593,0.6846621840988545,0.8135519373883603,,0.8631349791111264
2025-12-12,0.107413701204788,0.2913042487295285,0.1868630690833141,0.32092197454916616,,,0.2266257483916992,0.7733742516083009,0.6790780254508338,0.7086957512704715,0.8131369309166859,,0.892586298795212
2025-12-13,0.0837108204923127,0.33850385654591136,0.18364795466084177,0.2934910816573382,,0.08268839945216906,0.19640842256171462,0.8035915774382854,0.7065089183426618,0.6614961434540887,0.8163520453391582,,0.9162891795076873
2025-12-14,0.15013688989429355,0.31558254066349545,0.15295404991694117,0.3139078509778351,,,0.23314533286314132,0.7668546671368587,0.686092149022165,0.6844174593365046,0.8470459500830588,,0.8498631101057065
2025-12-15,0.1942357188776353,0.33730324662339817,0.12981136626580617,0.3318320772674704,,0.37386902076247797,0.27341028595935757,0.7265897140406424,0.6681679227325297,0.6626967533766018,0.8701886337341939,,0.8057642811223646
2025-12-16,0.0831591341100539,0.24375442535216216,0.11678925853284919,0.41013655666059934,,0.07250544799525468,0.18526896453018388,0.8147310354698161,0.5898634433394007,0.7562455746478378,0.8832107414671508,,0.9168408658899461
2025-12-17,0.06567459014858473,0.2719624894052012,0.18837648288935405,0.29775544859703995,,,0.20594225276004496,0.794057747239955,0.70224455140296,0.7280375105947988,0.811623517110646,,0.9343254098514153
2025-12-18,0.09608609015631281,0.29353557407259534,0.18201070942497222,0.29041309419041406,,0.1561340308253845,0.2036358997339358,0.7963641002660642,0.7095869058095859,0.7064644259274047,0.8179892905750278,,0.9039139098436872
2025-12-19,0.1265457546957325,0.2737674547575118,0.18391885959128954,0.2504657704014316,,0.11963288013259717,0.19086614391571252,0.8091338560842875,0.7495342295985684,0.7262325452424883,0.8160811404087105,,0.8734542453042675
2025-12-20,0.1613054922606931,0.301360506274225,0.10234282688976247,0.25846432027199057,,,0.20586828642416777,0.7941317135758322,0.7415356797280095,0.6986394937257749,0.8976571731102375,,0.8386945077393069
2025-12-21,0.2307955713930992,0.2433375045561583,0.06093302614430144,0.3145561641087635,,0.04954493036863487,0.17983343931419143,0.8201665606858086,0.6854438358912365,0.7566624954438417,0.9390669738556986,,0.7692044286069009
2025-12-22,0.206803026616731,0.28458104639661025,0.23465993629381368,0.2567649160078947,,0.13072681212386295,0.2227071474877825,0.7772928525122175,0.7432350839921054,0.7154189536033897,0.7653400637061863,,0.793196973383269
2025-12-23,0.24504194226482984,0.27677059989292135,0.15069119391701916,0.21479216152332442,,0.3903893793719162,0.2555370553940022,0.7444629446059978,0.7852078384766756,0.7232294001070787,0.8493088060829809,,0.7549580577351702
2025-12-24,0.17916325196988986,0.292478563720796,0.15744649950165007,0.2631423266858497,,0.06369733213214182,0.19118559480206548,0.8088144051979345,0.7368576733141503,0.7075214362792039,0.84255350049835,,0.8208367480301102
2025-12-25,0.2122625624999379,0.2917316332477595,0.19387339719937896,0.2456394844819952,,0.09779442372917839,0.20826030023165001,0.79173969976835,0.7543605155180048,0.7082683667522405,0.8061266028006211,,0.7877374375000621
2025-12-26,0.18399840297695655,0.2638402866402631,0.14905528649575508,0.3500243290570527,,0.05277657540086403,0.19993897611417827,0.8000610238858217,0.6499756709429473,0.7361597133597368,0.8509447135042449,,0.8160015970230434
2025-12-27,0.09821177141783323,0.24021095284556693,0.1353549818966453,0.3242012443962417,,,0.19949473763907177,0.8005052623609282,0.6757987556037583,0.7597890471544331,0.8646450181033547,,0.9017882285821668
2025-12-28,0.2138182460909319,0.19071556790687336,0.10512344536391124,0.30900924661282964,,0.07610766980833292,0.17895483515657581,0.8210451648434242,0.6909907533871704,0.8092844320931266,0.8948765546360887,,0.7861817539090681
2025-12-29,0.2881658852454743,0.19082503513711885,0.12148977297696613,0.23969275929315526,,,0.21004336316317865,0.7899566368368214,0.7603072407068447,0.8091749648628812,0.8785102270230338,,0.7118341147545257
2025-12-30,0.23252368088407946,0.19243308234473566,0.09556703382209396,0.1643892331660996,0.06630879915294313,0.4295573248946798,0.19679652571077197,0.803203474289228,0.8356107668339003,0.8075669176552643,0.904432966177906,0.9336912008470568,0.7674763191159205
2025-12-31,0.32829222474059644,0.19235936897397718,0.12048088426907291,0.19733187537571106,,0.012767114403846817,0.17024629355264087,0.8297537064473591,0.8026681246242889,0.8076406310260228,0.8795191157309271,,0.6717077752594036
2026-01-01,0.2993015471175365,0.20365906785289364,0.0680747605263926,0.38522629899837313,0.20088033958501902,0.012138383411607705,0.1948800662486371,0.8051199337513629,0.6147737010016269,0.7963409321471063,0.9319252394736074,0.799119660414981,0.7006984528824636
2026-01-02,0.6166989443629513,0.33346068113204713,0.5480681120302607,0.47600143434243086,0.1277529841853844,,0.4203964312106148,0.5796035687893852,0.5239985656575692,0.6665393188679529,0.45193188796973927,0.8722470158146156,0.38330105563704875
2026-01-03,0.5479517064344488,0.31313471368290696,0.35472417393161,0.42628614199292164,0.8574673737508395,,0.49991282195854536,0.5000871780414546,0.5737138580070784,0.686865286317093,0.64527582606839,0.14253262624916052,0.4520482935655512
2026-01-04,0.7384909884077631,0.38137687141642423,0.27639470007478956,0.4657117166375431,,,0.46549356913413,0.53450643086587,0.5342882833624569,0.6186231285835757,0.7236052999252105,,0.26150901159223694
2026-01-05,0.6395215931374457,0.39843993483636403,0.33190198050273423,0.4889011781676478,0.5624666704455075,,0.48424627141793986,0.5157537285820601,0.5110988218323522,0.6015600651636359,0.6680980194972658,0.43753332955449253,0.3604784068625543
2026-01-06,0.6388867344987313,0.4358041558691146,0.3831350236687194,0.4786687905181329,0.29029091618513087,,0.44535712414796585,0.5546428758520341,0.5213312094818672,0.5641958441308854,0.6168649763312806,0.7097090838148692,0.36111326550126865
2026-01-07,0.6426386939585306,0.37151128671289096,0.19563970957757557,0.3937886871370574,0.3887771538356417,0.5369236213175476,0.4215465254232073,0.5784534745767926,0.6062113128629426,0.6284887132871091,0.8043602904224244,0.6112228461643583,0.35736130604146943
2026-01-08,0.6177196278637419,0.3433046612931698,0.3203848335519073,0.35958810929207813,0.47776938863505003,,0.4237533241271894,0.5762466758728106,0.6404118907079219,0.6566953387068302,0.6796151664480927,0.52223061136495,0.3822803721362581
2026-01-09,0.5468933212220795,0.35000022681190973,0.26269969896433254,0.4054665031025262,0.629707931617173,,0.43895353634360423,0.5610464636563958,0.5945334968974738,0.6499997731880902,0.7373003010356675,0.370292068382827,0.45310667877792055
2026-01-10,0.6255985146983315,0.32992475918906367,0.29270894935589764,0.44778956056943603,0.9330851211688643,,0.5258213809963186,0.4741786190036814,0.552210439430564,0.6700752408109363,0.7072910506441024,0.06691487883113567,0.3744014853016685
2026-01-11,0.5848209993777687,0.3104501367641247,0.3019997742242878,0.40700739530468527,0.9025564391350079,,0.5013669489611748,0.49863305103882516,0.5929926046953147,0.6895498632358753,0.6980002257757122,0.09744356086499206,0.41517900062223134
2026-01-12,0.5833237451474775,0.292828014795088,0.25218525085886095,0.3765157145296023,0.9207960254935288,,0.48512975016491156,0.5148702498350884,0.6234842854703977,0.707171985204912,0.7478147491411391,0.07920397450647121,0.41667625485252247
2026-01-13,0.5868057589989084,0.3095261711194182,0.33750258416019857,0.38174435069218055,0.22907906614841433,,0.368931586223824,0.631068413776176,0.6182556493078195,0.6904738288805818,0.6624974158398014,0.7709209338515857,0.4131942410010916
2026-01-14,0.734676153010083,0.3789072710417093,0.33098718787211145,0.4226731734845144,0.46602134178272603,,0.46665302543822884,0.5333469745617712,0.5773268265154856,0.6210927289582907,0.6690128121278885,0.533978658217274,0.26532384698991696
2026-01-15,0.5015997161362071,0.353033090989142,0.31332541630109567,0.34931376137663345,0.528017168591683,,0.40905783067895224,0.5909421693210477,0.6506862386233665,0.6469669090108581,0.6866745836989043,0.471982831408317,0.49840028386379287
2026-01-16,0.3579518490225205,0.40149081738725273,0.31443773014512294,0.3425107467297122,0.35242718635064346,,0.35376366592705033,0.6462363340729497,0.6574892532702878,0.5985091826127473,0.6855622698548771,0.6475728136493566,0.6420481509774796
2026-01-17,0.3387549319080036,0.3298924337801093,0.2860342223269728,0.35430282463106655,0.9739071719777365,,0.45657831692477774,0.5434216830752223,0.6456971753689335,0.6701075662198908,0.7139657776730273,0.026092828022263537,0.6612450680919963
2026-01-18,0.3442124359956727,0.33462210401370024,0.281221559183024,0.3357355723765576,0.9190266074976897,0.6145128718812289,0.4715551918246455,0.5284448081753546,0.6642644276234424,0.6653778959862997,0.718778440816976,0.08097339250231028,0.6557875640043274
2026-01-19,0.424379864826051,0.3341088494896907,0.2223593899388395,0.38363182394635537,0.6775749013068506,0.6600950496457658,0.45035831319225883,0.5496416868077412,0.6163681760536446,0.6658911505103093,0.7776406100611605,0.3224250986931494,0.5756201351739489
2026-01-20,0.39968146578334685,0.31853777194729477,0.41931767995802727,0.43900610030056003,0.7104852260903928,0.7375274775748157,0.5040926202757395,0.49590737972426047,0.5609938996994399,0.6814622280527052,0.5806823200419727,0.2895147739096072,0.6003185342166532
2026-01-21,0.4249590198470717,0.3325615834135324,0.3757737732632683,0.32573065147961305,0.5278209881593631,0.13532911310290768,0.35369585487762595,0.6463041451223741,0.674269348520387,0.6674384165864675,0.6242262267367318,0.47217901184063693,0.5750409801529284
2026-01-22,0.39256983104023707,0.34685541912506057,0.3411487619682333,0.46376706986120453,0.3934606959679734,,0.3875603555925418,0.6124396444074582,0.5362329301387955,0.6531445808749394,0.6588512380317667,0.6065393040320266,0.607430168959763
2026-01-23,0.4163277667885079,0.3036716453543306,0.4128772984599534,0.44834832468456726,0.5102420708879054,,0.418293421235053,0.581706578764947,0.5516516753154328,0.6963283546456693,0.5871227015400466,0.4897579291120946,0.5836722332114921
2026-01-24,0.38277056749421456,0.3053032545543878,0.431946529555392,0.32895931391296057,,,0.3622449163792387,0.6377550836207613,0.6710406860870395,0.6946967454456122,0.5680534704446081,,0.6172294325057854
2026-01-25,0.33432830044250117,0.30811124345544877,0.464872263176659,0.4140806779202623,0.9805300171408999,0.6280015036430638,0.5216540009631393,0.4783459990368607,0.5859193220797376,0.6918887565445513,0.535127736823341,0.019469982859100066,0.6656716995574988
2026-01-26,0.34181730594127036,0.22449270657579654,0.41769287947681805,0.3087054866982178,0.3480238563532026,,0.32814644700906104,0.671853552990939,0.6912945133017823,0.7755072934242034,0.582307120523182,0.6519761436467975,0.6581826940587296
2026-01-27,0.2716024218237498,0.24532437504819096,0.3648682336919857,0.3577387730285092,0.3947041805927097,,0.326847596837029,0.673152403162971,0.6422612269714908,0.7546756249518091,0.6351317663080143,0.6052958194072904,0.7283975781762502
2026-01-28,0.32982068319949565,0.17173080911675145,0.45482578983733507,0.3161707004268874,0.43673361352409484,0.6706153369983955,0.3966494888504933,0.6033505111495068,0.6838292995731126,0.8282691908832486,0.5451742101626649,0.5632663864759051,0.6701793168005044
2026-01-29,0.38539910960509516,0.2862713468550343,0.45103288281074544,0.3111021880462435,0.19643745661770465,0.7199823461012971,0.3917042216726867,0.6082957783273133,0.6888978119537565,0.7137286531449657,0.5489671171892545,0.8035625433822954,0.6146008903949048
2026-01-30,0.36603486202667845,0.3181387021743811,0.2559980437105705,0.29584588437744197,0.05596069967467604,0.6269326905833124,0.31981848042451005,0.6801815195754899,0.704154115622558,0.6818612978256189,0.7440019562894296,0.944039300325324,0.6339651379733215
2026-01-31,0.3253226841584051,0.34815846883928275,0.40895232260965764,0.13308862672107752,0.07101423175046268,,0.25730726681577715,0.7426927331842228,0.8669113732789224,0.6518415311607173,0.5910476773903424,0.9289857682495373,0.6746773158415948
2026-02-01,0.2920434847111857,0.3499846524999389,0.3874970406410075,0.4272204181881233,0.3804474112185527,,0.36743860145176155,0.6325613985482385,0.5727795818118767,0.6500153475000612,0.6125029593589926,0.6195525887814473,0.7079565152888143
2026-02-02,0.29550814294946265,0.3731332337868277,0.3372452059552179,0.5025477476212126,0.107545304739147,,0.3231959270103736,0.6768040729896264,0.49745225237878743,0.6268667662131723,0.6627547940447821,0.892454695260853,0.7044918570505374
2026-02-03,0.33718395929476064,0.38702931956357517,0.18877714348846306,0.5194102282432722,0.438264930552805,,0.3741331162285752,0.6258668837714247,0.4805897717567278,0.6129706804364248,0.8112228565115369,0.561735069447195,0.6628160407052394
2026-02-04,0.36075659305489266,0.3806424248714495,0.3573258413366884,0.436770116252775,0.5987919611824457,,0.4268573873396503,0.5731426126603497,0.5632298837472249,0.6193575751285505,0.6426741586633116,0.4012080388175543,0.6392434069451074
2026-02-05,0.3448646366066769,0.33496052637649215,0.4316817470861522,0.4023723308896382,0.25674718525461127,0.5881396418724336,0.39312767801433407,0.606872321985666,0.5976276691103618,0.6650394736235079,0.5683182529138477,0.7432528147453887,0.6551353633933231
2026-02-06,0.42185683447052025,0.34272614234010024,0.2599521325772444,0.49971814051078056,0.37844832831910585,,0.3805403156435503,0.6194596843564497,0.5002818594892194,0.6572738576598998,0.7400478674227555,0.6215516716808942,0.5781431655294798
2026-02-07,0.15198046927001777,0.3774989890381292,0.26210207793555146,0.39622610906580435,0.46150836068519085,,0.32986320119893875,0.6701367988010613,0.6037738909341956,0.6225010109618708,0.7378979220644486,0.5384916393148091,0.8480195307299823
2026-02-08,0.11661286552509893,0.4038577750039751,0.27122192415725827,0.40866695885877563,,,0.30008988088627697,0.699910119113723,0.5913330411412243,0.5961422249960249,0.7287780758427418,,0.883387134474901
2026-02-09,0.17268807054834528,0.3761002495001346,0.2720897363655456,0.41143371443427856,0.13289967685921958,,0.2730422895415047,0.7269577104584952,0.5885662855657214,0.6238997504998653,0.7279102636344543,0.8671003231407804,0.8273119294516547
2026-02-10,0.17529641282073744,0.407397857770612,0.2981054737792373,0.4386611164115486,0.2828407230696449,,0.320460316770356,0.679539683229644,0.5613388835884514,0.592602142229388,0.7018945262207628,0.7171592769303551,0.8247035871792625
2026-02-11,0.19161214832947562,0.39741823505642015,0.40780595746436626,0.46756599093485834,0.5556543861107256,,0.40401134357916924,0.5959886564208308,0.5324340090651416,0.6025817649435798,0.5921940425356338,0.4443456138892744,0.8083878516705244
2026-02-12,0.24621749662016462,0.3343336523294062,0.3431402613817211,0.49173357990055405,0.09877090415718845,,0.30283917887780687,0.6971608211221931,0.508266420099446,0.6656663476705937,0.6568597386182788,0.9012290958428115,0.7537825033798353
2026-02-13,0.22989276210601142,0.43285755813059845,0.3305295513007689,0.35727234306038985,0.3687828807401386,0.6249604617668795,0.3907159261841311,0.6092840738158689,0.6427276569396101,0.5671424418694015,0.6694704486992311,0.6312171192598615,0.7701072378939886
2026-02-14,0.1844762393136666,0.45363232854385444,0.2672620834753267,0.5088070172548177,,,0.3535444171469163,0.6464555828530837,0.4911929827451823,0.5463676714561456,0.7327379165246732,,0.8155237606863334
2026-02-15,0.261132936450115,0.3836059214569801,0.29126066639158016,0.3858731329837655,,,0.33046816432061016,0.6695318356793898,0.6141268670162345,0.61639407854302,0.7087393336084198,,0.7388670635498851
2026-02-16,0.2959134833521767,0.42046583304992635,0.2728693007205185,0.5170833712394636,0.43462624545459183,,0.3881916467633354,0.6118083532366646,0.4829166287605364,0.5795341669500736,0.7271306992794815,0.5653737545454082,0.7040865166478233
2026-02-17,0.34860151282894564,0.40529179248299274,0.28523739194100817,0.3721973931106218,0.3698910618292702,,0.35624383043856767,0.6437561695614323,0.6278026068893783,0.5947082075170073,0.7147626080589918,0.6301089381707299,0.6513984871710543
2026-02-18,0.5108206412560499,0.39123599159990635,0.3243289294399053,0.3576234572363683,0.2814838312524686,,0.3730985701569397,0.6269014298430603,0.6423765427636317,0.6087640084000936,0.6756710705600947,0.7185161687475314,0.48917935874395013
2026-02-19,0.40462478295821486,0.361628737629108,0.07241730938633943,0.38885106686997817,0.21027755259701345,0.12923089414865346,0.26117172393155125,0.7388282760684488,0.6111489331300218,0.6383712623708919,0.9275826906136606,0.7897224474029866,0.5953752170417852
2026-02-20,0.3338846097397053,0.3697134101181525,0.2911068464965262,0.4449772788422203,0.14257324480517194,0.5710816095124402,0.3588894999190361,0.6411105000809638,0.5550227211577796,0.6302865898818475,0.7088931535034738,0.857426755194828,0.6661153902602948
2026-02-21,0.27867786591041155,0.32860131943717785,0.3525785962808131,0.411203769916007,0.46379457609311003,,0.3669712255275039,0.6330287744724961,0.5887962300839931,0.6713986805628221,0.6474214037191869,0.53620542390689,0.7213221340895885
2026-02-22,0.3456462811790159,0.3028218118187393,0.3189036094106168,0.36265719671483715,0.6697107072650056,,0.39994792127764295,0.6000520787223571,0.6373428032851629,0.6971781881812606,0.6810963905893832,0.3302892927349944,0.654353718820984
2026-02-23,0.3258986151831917,0.3491214308531503,0.37254226450425953,0.3186011800183064,0.7998001075969068,,0.43319271963116296,0.5668072803688371,0.6813988199816936,0.6508785691468497,0.6274577354957405,0.20019989240309322,0.6741013848168083
2026-02-24,0.2694273104947103,0.36630354425571954,0.44086955138027206,0.3423414598838975,0.35428007503340536,0.2878844879824946,0.34351773817174985,0.6564822618282502,0.6576585401161025,0.6336964557442805,0.5591304486197279,0.6457199249665946,0.7305726895052898
2026-02-25,0.2679170807579472,0.3375379733275998,0.45171663691027875,0.5322407785868178,0.17799226152286227,,0.35348094622110116,0.6465190537788988,0.46775922141318216,0.6624620266724002,0.5482833630897213,0.8220077384771377,0.7320829192420528
2026-02-26,0.3611246168961306,0.2971343284139986,0.3269304707163178,0.2882086839072265,0.095937597928294,,0.2738671395723935,0.7261328604276065,0.7117913160927736,0.7028656715860013,0.6730695292836821,0.904062402071706,0.6388753831038694
2026-02-27,0.5000107567207159,0.3635289294798708,0.30075099748855294,0.21922927189370597,0.2079542508921046,0.6007173282650288,0.3653652557899965,0.6346347442100035,0.780770728106294,0.6364710705201292,0.6992490025114471,0.7920457491078954,0.49998924327928407
2026-02-28,0.4795878324196086,0.3378618999833032,0.31698306086206424,0.3747434006188146,0.2748393231385592,,0.35680310340446997,0.64319689659553,0.6252565993811854,0.6621381000166968,0.6830169391379357,0.7251606768614408,0.5204121675803914
2026-03-01,0.20242164313444216,0.3715502521261691,0.24428266184734168,0.40322201315952483,0.5628976778178628,,0.35687484961706806,0.6431251503829319,0.5967779868404752,0.6284497478738309,0.7557173381526583,0.4371023221821372,0.7975783568655579
2026-03-02,0.30152252238678207,0.38790115462875996,0.24742068084504867,0.3806787447941816,0.3765873904593869,,0.3388220986228318,0.6611779013771681,0.6193212552058184,0.61209884537124,0.7525793191549514,0.6234126095406132,0.6984774776132179
2026-03-03,0.2813224454790844,0.42629173664586595,0.2424636745039845,0.46014259500721744,0.502627937722101,0.5146482857332302,0.40458277918191393,0.5954172208180861,0.5398574049927826,0.573708263354134,0.7575363254960155,0.497372062277899,0.7186775545209156
2026-03-04,0.46919638880284037,0.411320229525116,0.21446050022291,0.40678018929290005,0.5854731874491623,,0.41744609905858576,0.5825539009414142,0.5932198107071,0.5886797704748841,0.78553949977709,0.4145268125508377,0.5308036111971597
2026-03-05,0.5278373038467137,0.39987908361984503,0.3416799620797462,0.41726004763417507,0.20496899631143323,,0.3783250786983826,0.6216749213016174,0.582739952365825,0.600120916380155,0.6583200379202538,0.7950310036885668,0.4721626961532863
2026-03-06,0.43622416530918473,0.4300372240732284,0.2481273101390137,0.34082647780331404,0.2544119870281943,,0.3419254328705871,0.6580745671294129,0.6591735221966859,0.5699627759267716,0.7518726898609863,0.7455880129718058,0.5637758346908153
2026-03-07,0.3591541520558171,0.40597632930758876,0.2108108689026854,0.3328876010905295,0.2764507133472159,,0.3170559329407673,0.6829440670592327,0.6671123989094705,0.5940236706924112,0.7891891310973146,0.7235492866527842,0.640845847944183
2026-03-08,0.3914839541556004,0.4266721899756625,0.34151513497869146,0.3353874444930424,0.5354476460249197,,0.40610127392558326,0.5938987260744167,0.6646125555069575,0.5733278100243375,0.6584848650213085,0.4645523539750803,0.6085160458443997
2026-03-09,0.47913311300945205,0.3255739636739005,0.435403884208495,0.3521076395513594,0.5344130483136932,,0.4253263297513801,0.5746736702486199,0.6478923604486406,0.6744260363260994,0.5645961157915049,0.4655869516863068,0.520866886990548
2026-03-10,0.2521392320229841,0.36938724449432353,0.4958814053146179,0.26760069238445156,0.3213949885776931,,0.3412807125588141,0.6587192874411859,0.7323993076155484,0.6306127555056764,0.5041185946853821,0.6786050114223069,0.747860767977016
2026-03-11,0.13844748606387705,0.37336967154591355,0.5092835919167377,0.3824659361341505,0.3421689567229613,,0.349147128476728,0.650852871523272,0.6175340638658495,0.6266303284540864,0.49071640808326233,0.6578310432770387,0.861552513936123
2026-03-12,0.15272783768748466,0.36209030509796986,0.364007341973089,0.30213016060335507,0.3024631888704392,0.5429224912354176,0.3377235542446259,0.662276445755374,0.6978698393966449,0.6379096949020302,0.6359926580269111,0.6975368111295608,0.8472721623125153
2026-03-13,0.27494003357428176,0.34709538471374,0.528117363914666,0.23811877980269042,0.33773372851339784,,0.34520105810375523,0.6547989418962448,0.7618812201973095,0.65290461528626,0.471882636085334,0.6622662714866021,0.7250599664257182
2026-03-14,0.2751378297344635,0.4383510871409305,0.34331337281300267,0.18014453472122943,0.544422470649777,0.634910118880608,0.4027132356566685,0.5972867643433315,0.8198554652787706,0.5616489128590695,0.6566866271869973,0.455577529350223,0.7248621702655365
2026-03-15,0.2887592982936058,0.40282284078919584,0.4147883555703411,0.2909691951667943,0.5468017909199436,0.6235039651070065,0.42794090764114784,0.5720590923588522,0.7090308048332057,0.5971771592108042,0.5852116444296589,0.45319820908005637,0.7112407017063942
2026-03-16,0.3373547200375429,0.3545277306464115,0.4261479790573423,0.3957938785884092,0.4891858086952804,,0.4006020234049973,0.5993979765950027,0.6042061214115908,0.6454722693535885,0.5738520209426576,0.5108141913047196,0.6626452799624571
2026-03-17,0.2534330498927384,0.35829759112498244,0.30117000614656153,0.2718846805350646,0.362137685535542,,0.3093846026469778,0.6906153973530222,0.7281153194649355,0.6417024088750176,0.6988299938534385,0.637862314464458,0.7465669501072616
2026-03-18,0.41573989918007515,0.42180330880712985,0.30641934499011014,0.2973298094127809,0.48434758974379666,0.2640090994064861,0.3649415085900632,0.6350584914099369,0.702670190587219,0.5781966911928702,0.6935806550098899,0.5156524102562033,0.5842601008199249
2026-03-19,0.3381751028103778,0.37692067699611725,0.24470097797287454,0.30443260736720673,0.37049092132833267,,0.3269440572949818,0.6730559427050182,0.6955673926327932,0.6230793230038827,0.7552990220271254,0.6295090786716673,0.6618248971896221
2026-03-20,0.5366836210591762,0.4145445261103893,0.3176147588287178,0.28273755425183966,0.2851671344773746,,0.3673495189454995,0.6326504810545005,0.7172624457481603,0.5854554738896107,0.6823852411712822,0.7148328655226255,0.4633163789408238
2026-03-21,0.5132209276056403,0.39865957823835274,0.249973347631718,0.3163250269986961,0.29068329002243914,,0.35377243409936926,0.6462275659006307,0.6836749730013039,0.6013404217616473,0.750026652368282,0.7093167099775608,0.4867790723943597
2026-03-22,0.5075159289385541,0.4018128614414593,0.2138585443567869,0.2959402609567182,0.3710130555698913,,0.358028130252682,0.641971869747318,0.7040597390432818,0.5981871385585407,0.7861414556432131,0.6289869444301087,0.49248407106144587
2026-03-23,0.584531466505604,0.37022696796631505,0.43230338128111684,0.34658377626763676,0.33529651724748966,,0.41378842185363246,0.5862115781463675,0.6534162237323633,0.629773032033685,0.5676966187188832,0.6647034827525103,0.41546853349439605
2026-03-24,0.5355278158792375,0.36946377142269027,0.43309701472600076,0.32792257308668094,0.16425359419723767,,0.36605295386236947,0.6339470461376305,0.6720774269133191,0.6305362285773097,0.5669029852739993,0.8357464058027624,0.4644721841207625
2026-03-25,0.5027551352321661,0.3381770046986201,0.40733434780611355,0.2966263859315983,0.2979979317387299,0.5296787274956426,0.3954282554838118,0.6045717445161882,0.7033736140684017,0.6618229953013799,0.5926656521938864,0.7020020682612701,0.4972448647678339
2026-03-26,0.4472252404746229,0.3096240864267914,0.3020728030113667,0.28931107438948284,0.2845278057912062,,0.326552202018694,0.673447797981306,0.7106889256105171,0.6903759135732086,0.6979271969886334,0.7154721942087938,0.5527747595253771
2026-03-27,0.45092356008053674,0.26859852211565105,0.25412581193715483,0.2196118139208574,0.34213614778908746,,0.30707917116865746,0.6929208288313425,0.7803881860791426,0.731401477884349,0.7458741880628452,0.6578638522109126,0.5490764399194632
2026-03-28,0.3708972373791059,0.39728517913884004,0.20400330605776212,0.18784076437758554,0.28582202280414576,,0.28916970195148783,0.7108302980485122,0.8121592356224144,0.6027148208611599,0.7959966939422378,0.7141779771958543,0.629102762620894
2026-03-29,0.40801113188999366,0.3379395368797332,0.13936731015250095,0.11972169851833224,0.27202114020269547,,0.2554121635286511,0.744587836471349,0.8802783014816677,0.6620604631202668,0.8606326898474991,0.7279788597973045,0.5919888681100063
2026-03-30,0.29431365132037457,0.31009212097316124,0.2145419624734381,0.1643581571204725,0.2790812833432784,0.5296289092628838,0.29866934741560147,0.7013306525843985,0.8356418428795275,0.6899078790268387,0.7854580375265618,0.7209187166567216,0.7056863486796254
2026-03-31,0.3402342009272844,0.344505825373394,0.22833046662292505,0.32023354764493245,0.09209166205079751,,0.2650791405238667,0.7349208594761333,0.6797664523550675,0.655494174626606,0.7716695333770749,0.9079083379492024,0.6597657990727156
2026-04-01,0.29245080638363036,0.37172051565412656,0.3130757837940104,0.3453533596755934,0.234697207143425,,0.3114595345301571,0.6885404654698428,0.6546466403244067,0.6282794843458734,0.6869242162059896,0.765302792856575,0.7075491936163696
2026-04-02,0.25942864107318353,0.36263835693204854,0.2940868147114323,0.40227518470971524,0.381352893445637,,0.33995637817440333,0.6600436218255967,0.5977248152902848,0.6373616430679514,0.7059131852885677,0.6186471065543631,0.7405713589268165
2026-04-03,0.5310002224531573,0.3554362294772689,0.20310017481586695,0.29181816927387705,0.4117604303527095,,0.35862304527457595,0.641376954725424,0.708181830726123,0.6445637705227312,0.796899825184133,0.5882395696472905,0.46899977754684274
2026-04-04,0.42336291695404826,0.3661770791754459,0.20385643382556143,0.14567149025975923,0.48495624625511197,,0.32480483329398535,0.6751951667060146,0.8543285097402408,0.633822920824554,0.7961435661744386,0.515043753744888,0.5766370830459517
2026-04-05,0.11981022640592913,0.3573737266410043,0.25010898104375867,0.375946156161056,0.48653286223836756,0.5372943570751706,0.3545110515942144,0.6454889484057855,0.624053843838944,0.6426262733589957,0.7498910189562413,0.5134671377616324,0.8801897735940709
2026-04-06,0.1575161866461736,0.36283831096186825,0.2020194735468339,0.3053625215790333,0.5420340570782128,,0.31395410996242445,0.6860458900375755,0.6946374784209667,0.6371616890381318,0.7979805264531661,0.45796594292178716,0.8424838133538264
2026-04-07,0.17875554323822387,0.3302067431546217,0.36391608550824406,0.3286588796679863,0.4929265208641222,,0.33889275448663964,0.6611072455133604,0.6713411203320137,0.6697932568453784,0.6360839144917559,0.5070734791358777,0.8212444567617762
2026-04-08,0.059731140717975154,0.3476881928536557,0.3739573618051348,0.31956710072743194,0.3999422027079069,0.5900074265153624,0.3484822375545778,0.6515177624454223,0.6804328992725681,0.6523118071463443,0.6260426381948652,0.6000577972920931,0.9402688592820249
2026-04-09,0.08202041403575251,0.39233696285499053,0.35805422975367607,0.35641339089116053,0.5412171127427906,,0.3460084220556741,0.6539915779443259,0.6435866091088395,0.6076630371450095,0.6419457702463239,0.4587828872572094,0.9179795859642474
2026-04-10,0.09681686452814475,0.30163318996944677,0.30862710702336604,0.353588036008654,0.410359636944414,,0.29420496689480513,0.7057950331051949,0.6464119639913459,0.6983668100305532,0.691372892976634,0.589640363055586,0.9031831354718552
2026-04-11,0.28723003451807255,0.36483833428330475,0.2895324336758407,0.34070582294871,0.3959939625844568,0.5464217778847361,0.3707870609825202,0.6292129390174799,0.65929417705129,0.6351616657166952,0.7104675663241593,0.6040060374155432,0.7127699654819275
2026-04-12,0.37445361557342693,0.34441118697245077,0.36288935177551157,0.30105534296195596,0.4488479844751424,0.6085251210480321,0.4066971004677533,0.5933028995322467,0.698944657038044,0.6555888130275492,0.6371106482244884,0.5511520155248576,0.6255463844265731
2026-04-13,0.20675280667078105,0.3452604082106306,0.19162270112120242,0.26652296873716336,0.5431617311246776,0.5386284569086389,0.34865817879551564,0.6513418212044844,0.7334770312628367,0.6547395917893695,0.8083772988787976,0.4568382688753224,0.7932471933292189
2026-04-14,0.2848623446622685,0.38869057313393945,0.21692178376240165,0.2986654089422651,0.21363016575591534,0.5911554035856185,0.3323209466404014,0.6676790533595987,0.7013345910577349,0.6113094268660606,0.7830782162375983,0.7863698342440847,0.7151376553377315
2026-04-15,0.2475104293128251,0.35999138694069943,0.17515160824446926,0.303584726729787,0.4467442943720617,0.5930501753126469,0.35433877015208154,0.6456612298479185,0.696415273270213,0.6400086130593006,0.8248483917555307,0.5532557056279384,0.7524895706871749
2026-04-16,0.41054838004543864,0.326350679673266,0.15541385852985706,0.25576302144122853,0.366602194498158,0.5911725209924478,0.35097510919673264,0.6490248908032674,0.7442369785587715,0.673649320326734,0.844586141470143,0.633397805501842,0.5894516199545614
2026-04-17,0.6128806282714119,0.34635592642111496,0.2814329939713192,0.320858497625831,0.3378893751782835,,0.3798834842935921,0.6201165157064079,0.6791415023741689,0.6536440735788851,0.7185670060286808,0.6621106248217166,0.3871193717285881
2026-04-18,0.5118928978063941,0.3844597742203152,0.25773318779348814,0.35953465230277654,0.27298565986093715,0.48237486011499453,0.3781635053498176,0.6218364946501824,0.6404653476972235,0.6155402257796848,0.7422668122065119,0.7270143401390629,0.48810710219360587
2026-04-19,0.5442206168044007,0.34244844307428424,0.18202363468319288,0.31713981247080747,0.36376350739640995,0.47518468288428156,0.3707967828855628,0.6292032171144373,0.6828601875291925,0.6575515569257158,0.8179763653168071,0.63623649260359,0.4557793831955993
2026-04-20,0.5855339764523745,0.2877098677657314,0.24900713520343598,0.2930245559729033,0.3961648731186504,0.521700089626471,0.3888567496899277,0.6111432503100722,0.7069754440270968,0.7122901322342686,0.750992864796564,0.6038351268813495,0.4144660235476255
2026-04-21,0.5957986316504665,0.30776757302226665,0.3034361275663317,0.2757799691416499,0.45569980462154847,0.477760943428984,0.40270717490520785,0.5972928250947922,0.7242200308583501,0.6922324269777334,0.6965638724336682,0.5443001953784515,0.40420136834953346
2026-04-22,0.38804848206161646,0.3685625451341048,0.169409962920875,0.29391574662970277,0.43476511788573585,,0.33094037092640705,0.669059629073593,0.7060842533702972,0.6314374548658952,0.830590037079125,0.5652348821142641,0.6119515179383835
2026-04-23,0.3730486069900089,0.38252741662963313,0.40251729154082727,0.3269458671649916,0.40618485604183524,0.8122633339901065,0.4505812287262338,0.5494187712737661,0.6730541328350084,0.6174725833703669,0.5974827084591727,0.5938151439581647,0.626951393009991
2026-04-24,0.28942236324071186,0.3799373465970929,0.3384972062057582,0.32861666273919354,0.44429045168936,,0.35615280609442335,0.6438471939055767,0.6713833372608065,0.6200626534029071,0.6615027937942418,0.55570954831064,0.7105776367592882
2026-04-25,0.2708448065460301,0.33418406898572156,0.17211813011114283,0.27655266667851935,0.26773674713004664,0.72626798401503,0.34128406724441507,0.6587159327555849,0.7234473333214806,0.6658159310142784,0.8278818698888571,0.7322632528699533,0.72915519345397
2026-04-26,0.09658021343065325,0.3209465623368853,0.28295327782093693,0.43709202203475184,0.25725583186582257,0.4666367272810769,0.31024410579502115,0.6897558942049788,0.5629079779652482,0.6790534376631148,0.7170467221790631,0.7427441681341774,0.9034197865693467
2026-04-27,0.1038224157898216,0.3372443558942492,0.24501421238573345,0.2897086004385061,0.25757102479060645,0.7037041490972412,0.3228441263993597,0.6771558736006402,0.7102913995614939,0.6627556441057507,0.7549857876142665,0.7424289752093935,0.8961775842101785
2026-04-28,0.21128573613029492,0.3760118540849286,0.5723991731153021,0.35209585807885363,0.3355426949894916,,0.3694670632797742,0.6305329367202258,0.6479041419211464,0.6239881459150713,0.4276008268846979,0.6644573050105085,0.7887142638697051
2026-04-29,0.09536313361210516,0.3889359857538189,0.284469563563832,0.3787447311398888,0.367289751653888,0.47476485376024297,0.33159466991396264,0.6684053300860373,0.6212552688601112,0.6110640142461812,0.715530436436168,0.632710248346112,0.9046368663878949
2026-04-30,0.0612877885136774,0.4056612824980193,0.18266853025881463,0.31481363080289126,0.33664406387365686,0.729617854478956,0.33844885840433586,0.6615511415956641,0.6851863691971087,0.5943387175019808,0.8173314697411853,0.6633559361263431,0.9387122114863226
2026-05-01,0.30673619579274947,0.3944782260463465,0.15603012868269003,0.399589065474799,0.3920073054223951,0.6474047435553816,0.3827076108290603,0.6172923891709396,0.600410934525201,0.6055217739536535,0.8439698713173099,0.6079926945776049,0.6932638042072505
2026-05-02,0.4162046267265209,0.3907418541831923,0.0747488606540044,0.3647311367578986,0.480111911302551,,0.3453076779248334,0.6546923220751666,0.6352688632421014,0.6092581458168077,0.9252511393459956,0.5198880886974491,0.5837953732734791
2026-05-03,0.44103363801746276,0.3804402317463775,0.1684454092762847,0.3503257125907363,0.5221107789346255,,0.37247115411309734,0.6275288458869026,0.6496742874092637,0.6195597682536225,0.8315545907237153,0.47788922106537446,0.5589663619825372
2026-05-04,0.47518763250857676,0.35743809990249553,0.23828326334372818,0.41063944080604964,0.5660945568798053,0.28996039244319977,0.38960056431397594,0.6103994356860241,0.5893605591939504,0.6425619000975045,0.7617167366562718,0.43390544312019474,0.5248123674914232
2026-05-05,0.521697213817893,0.3876760215936364,0.11183129404700598,0.40971354458734405,0.49408261316924923,0.2939801930461916,0.36983014671022,0.6301698532897799,0.5902864554126559,0.6123239784063637,0.888168705952994,0.5059173868307507,0.478302786182107
2026-05-06,0.5156144911167487,0.38483919095030067,0.09893784162144391,0.3398108618530886,0.3632533760366203,0.4232907042413152,0.35429107763658624,0.6457089223634138,0.6601891381469114,0.6151608090496994,0.9010621583785561,0.6367466239633797,0.48438550888325127
2026-05-07,0.5733865988817324,0.40085402897429084,0.08369532398696225,0.34063070388482936,0.4550443481823354,0.4488079465341577,0.38373649174071794,0.616263508259282,0.6593692961151707,0.5991459710257092,0.9163046760130378,0.5449556518176646,0.4266134011182676
2026-05-08,0.43925224131639556,0.41716557438648255,0.14163212994160473,0.7626502492049211,0.4245015478954952,0.45637649724850854,0.4402630399989014,0.5597369600010986,0.23734975079507892,0.5828344256135174,0.8583678700583952,0.5754984521045048,0.5607477586836045
2026-05-09,0.43333541505286743,0.36891950988512945,0.10339522687474934,0.018219393483461663,0.42553513205522653,0.4243548782639595,0.29562659260256563,0.7043734073974344,0.9817806065165383,0.6310804901148706,0.8966047731252507,0.5744648679447735,0.5666645849471326
2026-05-10,0.4692873883101667,0.37378004574137136,0.12228290221244716,0.38260926944617885,0.444884133768605,0.37699233761237594,0.3616393461818575,0.6383606538181426,0.6173907305538211,0.6262199542586286,0.8777170977875528,0.5551158662313951,0.5307126116898333
2026-05-11,0.3496153589657306,0.3226959422052898,0.2834952120935793,0.13004316393003393,0.45440054067139024,0.4132959887768453,0.3255910344404782,0.6744089655595218,0.8699568360699661,0.6773040577947103,0.7165047879064207,0.5455994593286098,0.6503846410342694
2026-05-12,0.2929510559980324,0.3648862372820275,0.22216357211025609,0.0708371203380403,0.5587780047999173,0.42796850459249,0.32293074918679393,0.6770692508132061,0.9291628796619598,0.6351137627179725,0.7778364278897439,0.44122199520008265,0.7070489440019676
2026-05-13,0.317269071825327,0.34083419728667474,0.14259460349316852,0.10984518080799725,0.4943817750868623,0.42537474506224077,0.3050499289270451,0.6949500710729549,0.8901548191920028,0.6591658027133253,0.8574053965068315,0.5056182249131377,0.682730928174673
2026-05-14,0.29960569719116587,0.33091194425712367,0.2739395361284899,0.275337376609745,0.5169214693703832,0.3842384845759953,0.3468257513554838,0.6531742486445162,0.724662623390255,0.6690880557428763,0.72606046387151,0.4830785306296168,0.7003943028088342
2026-05-15,0.32156327244328026,0.3665903779344592,0.3073581532552494,0.20190818115861492,0.48324383442271446,0.34568092539246614,0.3377241241011307,0.6622758758988694,0.798091818841385,0.6334096220655407,0.6926418467447506,0.5167561655772855,0.6784367275567198
2026-05-16,0.3022787881688896,0.3968547989870273,0.2147261285582917,0.18298864688399039,0.40134278784973754,0.37545627122389735,0.312274570278639,0.6877254297213611,0.8170113531160096,0.6031452010129728,0.7852738714417082,0.5986572121502625,0.6977212118311105
2026-05-17,0.34038763738872707,0.4252425291389955,0.14879244688030238,0.292929958641072,0.3903419307950572,0.389851720726504,0.331257703928443,0.668742296071557,0.7070700413589279,0.5747574708610045,0.8512075531196976,0.6096580692049428,0.6596123626112729
2026-05-18,0.38132069296746035,0.3652514119493332,0.1497175407732127,0.2539320396875384,0.5291079710791604,0.37809464699138134,0.34290405057468104,0.657095949425319,0.7460679603124616,0.6347485880506668,0.8502824592267872,0.4708920289208396,0.6186793070325396
2026-05-19,0.3594390452242541,0.34416749011204817,0.11122277370484433,0.2436122922226014,0.37919713493253954,0.35968773087390743,0.29955441117836584,0.7004455888216341,0.7563877077773986,0.6558325098879518,0.8887772262951557,0.6208028650674604,0.6405609547757459
2026-05-20,0.43694401438093905,0.3347969727709816,0.2793996495548388,0.3392515055922556,0.44743800726015837,0.3328418129275911,0.3617786604144608,0.6382213395855392,0.6607484944077444,0.6652030272290184,0.7206003504451612,0.5525619927398416,0.5630559856190609
2026-05-21,0.28961252694300155,0.3028326032143395,0.11954679630390062,0.26057805335197237,0.4852596323880628,0.32290272037792417,0.2967887220965335,0.7032112779034665,0.7394219466480276,0.6971673967856604,0.8804532036960994,0.5147403676119372,0.7103874730569985
2026-05-22,0.35990107496631357,0.33102779043545233,0.12430145168572967,0.41760032204828007,0.38002465674881897,0.3385496527024767,0.3252341580978452,0.6747658419021547,0.58239967795172,0.6689722095645476,0.8756985483142703,0.619975343251181,0.6400989250336864
2026-05-23,0.5386351004603516,0.32959239071664537,0.17269455241646353,0.3179657006522402,0.41946827455633967,0.3216127328872188,0.34999479194820987,0.6500052080517902,0.6820342993477597,0.6704076092833546,0.8273054475835364,0.5805317254436604,0.46136489953964843
2026-05-24,0.6017477017427745,0.3371124683556873,0.19976240221063188,0.1850020132867041,0.3230268798704617,0.32731663640044945,0.32899468364445145,0.6710053163555485,0.8149979867132959,0.6628875316443127,0.8002375977893681,0.6769731201295384,0.3982522982572255
2026-05-25,0.4079570693539648,0.34985461710433957,0.18161473287185378,0.3256546913902306,0.2791632315581828,0.3501235599086385,0.31572798369786836,0.6842720163021316,0.6743453086097694,0.6501453828956605,0.8183852671281462,0.7208367684418172,0.5920429306460352
2026-05-26,0.31256011114062465,0.32285508039373934,0.16522388450618328,0.3989829635541143,0.28561741907146887,0.3047394541262691,0.29832981879873327,0.7016701812012667,0.6010170364458858,0.6771449196062607,0.8347761154938167,0.7143825809285311,0.6874398888593753
2026-05-27,0.3397576330375568,0.3373464795203167,0.16050064730576316,0.3828313927601919,0.24039435151704694,0.3753460570557153,0.30602942686609846,0.6939705731339015,0.6171686072398082,0.6626535204796833,0.8394993526942368,0.7596056484829531,0.6602423669624432
2026-05-28,0.4204086685905056,0.35943286846344447,0.156433377952535,0.4953382957052797,0.23395897561261225,0.3245038248523229,0.33167933519611664,0.6683206648038833,0.5046617042947203,0.6405671315365555,0.843566622047465,0.7660410243873877,0.5795913314094945
2026-05-29,0.4184872632756638,0.3808860192714653,0.11589008286998652,0.42107376580390316,0.2062568612024715,0.35005439446435077,0.3154413978146402,0.6845586021853598,0.5789262341960968,0.6191139807285346,0.8841099171300135,0.7937431387975284,0.5815127367243362
2026-05-30,0.21867554779346013,0.397511014682005,0.12598574806697943,0.44031622868765813,0.050933614626813804,0.3458963302600519,0.26321974735282805,0.736780252647172,0.5596837713123419,0.602488985317995,0.8740142519330205,0.9490663853731862,0.7813244522065399
2026-05-31,0.22756816886462747,0.41355003963513903,0.10108091055548551,0.35146626372739237,0.09466948384973309,0.32619814334936886,0.252422168330291,0.747577831669709,0.6485337362726076,0.586449960364861,0.8989190894445145,0.9053305161502669,0.7724318311353725
2026-06-01,0.24769242509066478,0.3209409324810838,0.23449160777078984,0.3278209490581202,0.35483914575695724,0.30530709073434803,0.298515358481994,0.701484641518006,0.6721790509418798,0.6790590675189162,0.7655083922292102,0.6451608542430427,0.7523075749093352
2026-06-02,0.3858538141428707,0.09456988466565937,0.13542078232032367,0.3668860298877634,0.4374647470672616,0.3293106758290268,0.2915843223188176,0.7084156776811824,0.6331139701122366,0.9054301153343406,0.8645792176796763,0.5625352529327384,0.6141461858571293
2026-06-03,0.43937796320338945,0.07771327832956021,0.169890973127119,0.4118360410629924,0.46557348309083674,0.354921681099978,0.31988556998564593,0.680114430014354,0.5881639589370076,0.9222867216704398,0.830109026872881,0.5344265169091633,0.5606220367966106
2026-06-04,0.3797867853651778,0.28214522114002405,0.22000331507719692,0.4195683083883061,0.4431901824204876,0.34979052409427486,0.3490807227475779,0.6509192772524222,0.5804316916116938,0.717854778859976,0.779996684922803,0.5568098175795124,0.6202132146348223
2026-06-05,0.46878054810786424,0.383690483545359,0.2636836369473585,0.47139177303730717,0.37364030800118153,0.3316221089819732,0.38213480977017394,0.617865190229826,0.5286082269626928,0.616309516454641,0.7363163630526415,0.6263596919988185,0.5312194518921358
2026-06-06,0.35476081514951413,0.3683777667382308,0.21612802061599512,0.3585640165194106,0.4996096543470661,0.35638235328150836,0.35897043777528753,0.6410295622247124,0.6414359834805894,0.6316222332617691,0.7838719793840049,0.5003903456529339,0.6452391848504859
2026-06-07,0.4858575894845115,0.39512241408452803,0.12110203873612226,0.3610984543496459,0.4533198010673621,0.3234796874643599,0.3566633308644216,0.6433366691355784,0.6389015456503542,0.604877585915472,0.8788979612638778,0.546680198932638,0.5141424105154885
2026-06-08,0.18943236519859027,0.37842632393145764,0.10229553798255693,0.34640426817162806,0.4856218385127309,0.3110068181203316,0.30219785865288257,0.6978021413471174,0.6535957318283719,0.6215736760685424,0.897704462017443,0.5143781614872691,0.8105676348014097
2026-06-09,0.43725817479884654,0.398636639963968,0.2132865967518497,0.47863611177271215,0.36830223802915896,0.31793278345717135,0.36900875746228445,0.6309912425377155,0.5213638882272879,0.601363360036032,0.7867134032481503,0.631697761970841,0.5627418252011535
2026-06-10,0.296625253385634,0.4031918191847807,0.17313421217322864,0.10611999613104438,0.4597431021785066,0.3082386827377304,0.2911755109651541,0.7088244890348459,0.8938800038689556,0.5968081808152192,0.8268657878267713,0.5402568978214934,0.703374746614366
2026-06-11,0.531063300044563,0.3844555305635248,0.12188896442543486,0.36695143429167326,0.40777966215053063,0.27071418250566825,0.34714217899689914,0.6528578210031009,0.6330485657083267,0.6155444694364751,0.8781110355745652,0.5922203378494694,0.46893669995543696
2026-06-12,0.6381592059706901,0.4397107176722631,0.13605348297927153,0.3521778678300751,0.3172853979560206,0.23578722208275368,0.3531956490818457,0.6468043509181542,0.6478221321699249,0.5602892823277369,0.8639465170207284,0.6827146020439794,0.3618407940293099
2026-06-13,0.5215288748719493,0.49515716088051914,0.09784680084306137,0.366448660121154,0.22030933905720398,0.2311312987720377,0.32207035575765425,0.6779296442423457,0.6335513398788459,0.5048428391194808,0.9021531991569386,0.779690660942796,0.4784711251280507
2026-06-14,0.7277885792574864,0.419406808946667,0.23059875392197468,0.36489091552840025,0.27654994302732494,0.2660608475286777,0.38088264136842187,0.6191173586315781,0.6351090844715997,0.5805931910533331,0.7694012460780253,0.7234500569726751,0.2722114207425136
2026-06-15,0.3945112045389647,0.3876199578963843,0.17505027732797493,0.4138182749122171,0.2467629446449253,0.27714115815040824,0.3158173029118125,0.6841826970881875,0.5861817250877829,0.6123800421036156,0.824949722672025,0.7532370553550747,0.6054887954610353
2026-06-16,0.395202138403529,0.39343670401210956,0.2510890167898701,0.4805956905275921,0.2901197988892478,0.2421040808813788,0.3420912382506212,0.6579087617493788,0.5194043094724079,0.6065632959878904,0.7489109832101299,0.7098802011107521,0.604797861596471
2026-06-17,0.0637304561043822,0.33526746174260996,0.22820374504583896,0.3252305469735773,0.17066574121447087,0.2736121172312973,0.23278501138536278,0.7672149886146372,0.6747694530264228,0.6647325382573901,0.771796254954161,0.8293342587855291,0.9362695438956178
2026-06-18,0.36721713798642064,0.4331154302758902,0.1549217930026578,0.3654906841489766,0.33435145748959777,0.3059443575715076,0.3268401434125085,0.6731598565874914,0.6345093158510233,0.5668845697241098,0.8450782069973422,0.6656485425104022,0.6327828620135794
2026-06-19,0.3161386976856744,0.3961808651098659,0.20088138122363813,0.4246859585303421,0.23279945487113363,0.24968095350669745,0.30339455182122527,0.6966054481787747,0.5753140414696579,0.6038191348901341,0.7991186187763619,0.7672005451288664,0.6838613023143256
2026-06-20,0.27532865027495484,0.4822926482509751,0.14970952288866562,0.4020099228383493,0.2089707345920275,0.2827375257326773,0.30017483409627493,0.6998251659037251,0.5979900771616506,0.5177073517490249,0.8502904771113344,0.7910292654079725,0.7246713497250452
2026-06-21,0.32997938978895736,0.43500584442992957,0.21566887066243798,0.37888185654007894,0.2658996084278051,0.2713016467923947,0.3161228694402673,0.6838771305597326,0.6211181434599211,0.5649941555700704,0.784331129337562,0.7341003915721949,0.6700206102110426
2026-06-22,0.38636403941612385,0.3416938797737136,0.17854417668780778,0.364103048439882,0.27115216490431365,0.3053131823980644,0.30786174860331755,0.6921382513966825,0.635896951560118,0.6583061202262863,0.8214558233121922,0.7288478350956864,0.6136359605838761
2026-06-23,0.3228699545088977,0.37884883844075073,0.31002252745008657,0.379021965270836,0.23756095985737136,0.2502879333534011,0.3131020298135572,0.6868979701864428,0.620978034729164,0.6211511615592493,0.6899774725499135,0.7624390401426286,0.6771300454911022
2026-06-24,0.22079037848419644,0.3835515833741184,0.29970859451062903,0.38357801973541616,0.2612012108802788,0.2892837610343349,0.3063522580031623,0.6936477419968377,0.6164219802645838,0.6164484166258817,0.700291405489371,0.7387987891197212,0.7792096215158035
2026-06-25,0.3021068869294872,0.3978157340487503,0.3419188396642469,0.27495589604558845,0.28562782563628825,0.3120953956981376,0.3190867630037498,0.6809132369962503,0.7250441039544115,0.6021842659512497,0.658081160335753,0.7143721743637117,0.6978931130705128
2026-06-26,0.32927006883370613,0.3921816873857381,0.23598160705992216,0.4366912785233479,0.14861280274753866,0.2417570865735358,0.2974157551872981,0.7025842448127019,0.5633087214766521,0.6078183126142619,0.7640183929400779,0.8513871972524614,0.6707299311662939
2026-06-27,0.28413061501401865,0.45046429976943425,0.22951182284474467,0.3548007406045067,0.060644925245774264,0.2555668959758471,0.27251988324238763,0.7274801167576124,0.6451992593954933,0.5495357002305657,0.7704881771552553,0.9393550747542257,0.7158693849859814
2026-06-28,0.29571048301796937,0.42167418443973975,0.152748013810677,0.42272683972551517,0.18920621557987774,0.24810362517108764,0.2883615602908111,0.7116384397091888,0.5772731602744848,0.5783258155602602,0.847251986189323,0.8107937844201223,0.7042895169820307
2026-06-29,0.2877724958614333,0.4278200901648924,0.11469198262945801,0.36518602143673756,0.18799088542147616,0.3293562175397926,0.28546961550896505,0.7145303844910349,0.6348139785632625,0.5721799098351076,0.885308017370542,0.8120091145785239,0.7122275041385667
2026-06-30,0.20333135511305453,0.4774366906839966,0.28710104331760494,0.4647834527256138,0.07956817324315377,0.28179573426553606,0.2990027415581599,0.70099725844184,0.5352165472743862,0.5225633093160034,0.7128989566823951,0.9204318267568462,0.7966686448869454
2026-07-01,0.18986096852304657,0.3823608934700156,0.3843822645925249,0.47440424388445285,0.37967290627832545,0.23966033674471715,0.34172360224884707,0.658276397751153,0.5255957561155471,0.6176391065299844,0.6156177354074751,0.6203270937216745,0.8101390314769534
2026-07-02,0.2708917377241879,0.4521966149018779,0.29255326018871414,0.4984105653191822,0.36868075559338914,0.2222546999404722,0.35083127227797056,0.6491687277220295,0.5015894346808178,0.5478033850981221,0.7074467398112858,0.6313192444066109,0.729108262275812
2026-07-03,0.30718194270984234,0.4458122757226039,0.14945974082239258,0.493197393510242,0.4700129124927399,0.2519048479485641,0.3529281855343975,0.6470718144656025,0.506802606489758,0.554187724277396,0.8505402591776074,0.5299870875072601,0.6928180572901577
2026-07-04,0.26247101031878867,0.4757502615700283,0.16144818202889877,0.4583340198831583,0.5210744936193836,0.18008743372423294,0.3431942335240818,0.6568057664759182,0.5416659801168417,0.5242497384299717,0.8385518179711012,0.4789255063806164,0.7375289896812114
2026-07-05,0.3677195909859192,0.45164756688880137,0.282181699511417,0.4687712800204149,0.5282466221489616,0.23887280510214925,0.3895732607762772,0.6104267392237228,0.5312287199795851,0.5483524331111986,0.717818300488583,0.47175337785103844,0.6322804090140808
2026-07-06,0.3051993102665951,0.4138296791076657,0.23759920957299432,0.443437931387006,0.6010432748930148,0.2608913348707408,0.3770001233496694,0.6229998766503306,0.556562068612994,0.5861703208923343,0.7624007904270057,0.3989567251069852,0.6948006897334049
2026-07-07,0.2686926505212811,0.45474329092242854,0.32432210395234057,0.46844720747171625,0.4717212032986664,0.1873300100489471,0.36254274436923,0.63745725563077,0.5315527925282837,0.5452567090775715,0.6756778960476595,0.5282787967013336,0.7313073494787189
2026-07-08,0.38571501244847434,0.450963336294155,0.4419766170135309,0.42827474620120526,0.47805884014104505,0.20075431846067865,0.39762381175984823,0.6023761882401517,0.5717252537987947,0.549036663705845,0.5580233829864691,0.521941159858955,0.6142849875515257
2026-07-09,0.21553061108266908,0.42776363889796876,0.34476955707901435,0.48683731455181595,0.4515624944872077,0.2001857330204986,0.35444155818652906,0.645558441813471,0.5131626854481841,0.5722363611020312,0.6552304429209856,0.5484375055127924,0.7844693889173309
2026-07-10,0.32474132482876705,0.40815810363763905,0.3961851274366219,0.4642123024547388,0.49819072586655977,0.1841151749289042,0.37926712652553846,0.6207328734744615,0.5357876975452611,0.591841896362361,0.6038148725633781,0.5018092741334402,0.675258675171233
2026-07-11,0.48060929955455156,0.4779222463583579,0.2417599619307371,0.5262726157513085,0.4239091485414816,0.16803415054170706,0.3864179037796906,0.6135820962203093,0.47372738424869154,0.5220777536416421,0.7582400380692629,0.5760908514585183,0.5193907004454484
2026-07-12,0.41482181758256664,0.40664496525411464,0.23970343385821297,0.4513013550262594,0.5049374734605405,0.17417655905803472,0.36526426737328815,0.6347357326267118,0.5486986449737405,0.5933550347458854,0.7602965661417871,0.4950625265394595,0.5851781824174334
2026-07-13,0.4286487332012548,0.44044594248840685,0.502561948222925,0.3995555143381335,0.41414270555906196,0.17341702631596026,0.39312864502095707,0.606871354979043,0.6004444856618665,0.5595540575115932,0.497438051777075,0.585857294440938,0.5713512667987453
2026-07-14,0.3100050819607651,0.41634960701760065,0.301925129956689,0.4149150547791102,0.5276958136256701,0.15874037396735502,0.35493851021786504,0.645061489782135,0.5850849452208897,0.5836503929823993,0.698074870043311,0.4723041863743299,0.6899949180392349
2026-07-15,0.44974911028844816,0.45738315058524004,0.19018834512921978,0.35349827731973954,0.516357444843877,0.1541597581070337,0.3535560143789264,0.6464439856210735,0.6465017226802605,0.54261684941476,0.8098116548707802,0.483642555156123,0.5502508897115519
2026-07-16,0.5053536172144304,0.508922761876345,0.17335843420894054,0.4439859796516026,0.45099397870524227,0.18757219436756514,0.3783644943373543,0.6216355056626457,0.5560140203483974,0.491077238123655,0.8266415657910595,0.5490060212947577,0.4946463827855696
2026-07-17,0.45588153482333604,0.4168911672647262,0.2731620150454526,0.40854053460810963,0.4201642742195886,0.19785160031863705,0.36208185437997503,0.6379181456200249,0.5914594653918903,0.5831088327352738,0.7268379849545474,0.5798357257804114,0.544118465176664
2026-07-18,0.40085661319897503,0.5947416672457816,0.33195783088200176,0.40631654610859536,0.5884315948914207,0.3968066014337379,0.4531851422934188,0.5468148577065812,0.5936834538914046,0.4052583327542184,0.6680421691179983,0.4115684051085793,0.599143386801025
2026-07-19,0.5071889920916122,0.4671391859858291,0.17220429858824737,0.44098477469917474,0.5035789997738603,0.21601576220006846,0.38451866888979874,0.6154813311102012,0.5590152253008253,0.5328608140141708,0.8277957014117526,0.49642100022613966,0.49281100790838783
2026-07-20,0.520620396560862,0.44457773908150117,0.13911977727915315,0.4434502151971311,0.48600084536984134,0.23050090831571166,0.3773783136340334,0.6226216863659666,0.5565497848028689,0.5554222609184989,0.8608802227208469,0.5139991546301587,0.479379603439138
2026-07-21,0.4731929625202751,0.49030301323235953,0.2630749968064285,0.40048993029703517,0.4504012154682124,0.2666145176324203,0.39067943932612187,0.6093205606738781,0.5995100697029648,0.5096969867676404,0.7369250031935715,0.5495987845317876,0.5268070374797249
2026-07-22,0.4587010007462451,0.4576080029950093,0.17959363969437342,0.43433526074714696,0.6086098352540091,0.23278827610440692,0.39527266925686516,0.6047273307431349,0.5656647392528531,0.5423919970049906,0.8204063603056266,0.39139016474599087,0.5412989992537549
2026-07-23,0.4751703916558099,0.4457579474039771,0.20733322821075806,0.4270876789737076,0.4837902018185452,0.24060306928560143,0.37995708622473323,0.6200429137752668,0.5729123210262924,0.5542420525960229,0.7926667717892419,0.5162097981814548,0.5248296083441901
2026-07-24,0.48073726672390626,0.45424160232139194,0.19603852987691783,0.454721628814352,0.2951949778139515,0.25512131908004104,0.35600922077176017,0.6439907792282398,0.5452783711856479,0.545758397678608,0.8039614701230822,0.7048050221860485,0.5192627332760937
2026-07-25,0.4433920685029728,0.46314447318800406,0.20913493098158575,0.4765211588348776,0.44544789642165994,0.24201063443993642,0.37994186039483946,0.6200581396051605,0.5234788411651223,0.5368555268119959,0.7908650690184142,0.5545521035783401,0.5566079314970271
2026-07-26,0.4198913034380426,0.4205227628634642,0.38658776848564874,0.5427799134475396,0.3449773286769203,0.30090318848281034,0.40261037756573764,0.5973896224342623,0.4572200865524604,0.5794772371365358,0.6134122315143513,0.6550226713230797,0.5801086965619574
2026-07-27,0.42784202620811723,0.3647397271948808,0.3599147525897673,0.442408708191919,0.25589966072739523,0.23050579672589314,0.3468851119396621,0.6531148880603379,0.557591291808081,0.6352602728051192,0.6400852474102328,0.7441003392726048,0.5721579737918827
2026-07-28,0.21807113067599349,0.3994793443168406,0.38254974853510715,0.4489593389423842,0.2255377858074832,0.24911457824561453,0.3206186544205705,0.6793813455794295,0.5510406610576157,0.6005206556831594,0.6174502514648929,0.7744622141925168,0.7819288693240065
2026-07-29,0.3643672009154829,0.34988487442670074,0.1945907643620815,0.4376398059210834,0.2933657844801692,0.23890840448723605,0.31312613909879233,0.6868738609012077,0.5623601940789166,0.6501151255732993,0.8054092356379186,0.7066342155198309,0.6356327990845171
2026-07-30,0.4595592420551017,0.3753566350863119,0.27758955468645286,0.43272359627581153,0.22737671812036017,0.220176108340771,0.3321303090941348,0.6678696909058652,0.5672764037241884,0.6246433649136881,0.7224104453135471,0.7726232818796398,0.5404407579448983
2026-07-31,0.3924416515638308,0.34720376182906476,0.44962723154770956,0.2979233644381111,0.10770761897316793,0.24051580022831895,0.30590323809670056,0.6940967619032994,0.7020766355618888,0.6527962381709352,0.5503727684522904,0.8922923810268321,0.6075583484361692
2026-08-01,0.46790586045160604,0.41033991793850677,0.4417699860660757,0.3582668485163563,0.3646973630615934,0.2859653255135235,0.3881575502579436,0.6118424497420565,0.6417331514836437,0.5896600820614932,0.5582300139339242,0.6353026369384066,0.532094139548394
2026-08-02,0.4983288447688347,0.4502816922236851,0.44037058129854967,0.4181587626142549,0.2724545542605474,0.2391437194697374,0.38645635910593484,0.6135436408940651,0.5818412373857451,0.5497183077763149,0.5596294187014503,0.7275454457394526,0.5016711552311652
2026-08-03,0.442549292596127,0.4515135979758047,0.3728204130328854,0.42618386757862603,0.3290072961520505,0.29283216888238317,0.3858177727029795,0.6141822272970205,0.573816132421374,0.5484864020241953,0.6271795869671146,0.6709927038479495,0.557450707403873
2026-08-04,0.5748374004475486,0.3892306335727158,0.3781688252926628,0.4819758730930383,0.45716036834192925,0.22895144069525675,0.41838742357385855,0.5816125764261415,0.5180241269069616,0.6107693664272842,0.6218311747073372,0.5428396316580708,0.4251625995524514
2026-08-05,0.5468789271153359,0.36390181073851624,0.24073511310881174,0.45824837056167395,0.40486526588532346,0.23757489019478326,0.3753673962674074,0.6246326037325927,0.541751629438326,0.6360981892614838,0.7592648868911882,0.5951347341146765,0.4531210728846641
2026-08-06,0.5736648355074111,0.3932026635447957,0.41786478406105965,0.5095723329122016,0.4281275102576683,0.24267273201577857,0.42751747638315246,0.5724825236168476,0.4904276670877984,0.6067973364552043,0.5821352159389404,0.5718724897423317,0.4263351644925889
2026-08-07,0.5029121815479415,0.40721880071549355,0.24797352961976232,0.4530236213385446,0.5408382347503504,0.2440648336281857,0.3993385336000464,0.6006614663999537,0.5469763786614554,0.5927811992845065,0.7520264703802377,0.4591617652496496,0.4970878184520585
2026-08-08,0.45657928704736095,0.4603582528110735,0.4266895208077698,0.3924952955976994,0.3562434385593682,0.24752887555009387,0.38998244506222757,0.6100175549377724,0.6075047044023005,0.5396417471889265,0.5733104791922302,0.6437565614406318,0.543420712952639
2026-08-09,0.38843338957326823,0.40743004001747324,0.24725022881197178,0.3749038244770706,0.7222540709546393,0.24611684347600066,0.3977313995517373,0.6022686004482627,0.6250961755229294,0.5925699599825267,0.7527497711880282,0.27774592904536066,0.6115666104267318
2026-08-10,0.3199865709058577,0.4571680425284731,0.43941551410413376,0.41506073023209944,0.4588001799120684,0.22838562343052596,0.38646944351885976,0.6135305564811402,0.5849392697679006,0.5428319574715269,0.5605844858958662,0.5411998200879315,0.6800134290941423
2026-08-11,0.4148721514282064,0.3783702599124599,0.4090661216418624,0.38654947701997566,0.48175008172172773,0.23830880722736458,0.3848194831585994,0.6151805168414006,0.6134505229800243,0.6216297400875401,0.5909338783581376,0.5182499182782723,0.5851278485717937
2026-08-12,0.3187962141090651,0.41126054816217367,0.2697437648104915,0.41108930887932854,0.43061420375110476,0.2431695181320991,0.3474455929740438,0.6525544070259561,0.5889106911206714,0.5887394518378264,0.7302562351895086,0.5693857962488953,0.6812037858909349
2026-08-13,0.425424228032005,0.39197065410015824,0.3272747914121348,0.3968165719195045,0.4059119168920069,0.23655463541938893,0.3639921329625331,0.6360078670374669,0.6031834280804955,0.6080293458998418,0.6727252085878652,0.5940880831079931,0.5745757719679949
2026-08-14,0.2980408808671614,0.4009567699065369,0.35311773319514783,0.40044238901719936,0.2812279086882635,0.339343927125401,0.3455216014666183,0.6544783985333817,0.5995576109828007,0.5990432300934632,0.6468822668048522,0.7187720913117366,0.7019591191328386
2026-08-15,0.594168651617575,0.39099758575387383,0.41737938998995416,0.4545405050009352,0.304469474566409,0.2519583553675972,0.4022523270493908,0.5977476729506093,0.5454594949990648,0.6090024142461261,0.5826206100100458,0.6955305254335911,0.40583134838242496
2026-08-16,0.29632098971983417,0.3715116765849892,0.267487687959067,0.4599644735402818,0.36652766255698477,0.2270034977805368,0.33146933135694895,0.668530668643051,0.5400355264597182,0.6284883234150108,0.7325123120409329,0.6334723374430152,0.7036790102801658
2026-08-17,0.465427528100718,0.4260925582085103,0.3078189755932489,0.47663938163238784,0.33301852710694774,0.2503880986052805,0.3765641782078489,0.6234358217921512,0.5233606183676122,0.5739074417914898,0.6921810244067511,0.6669814728930523,0.5345724718992819
2026-08-18,0.35125140450185427,0.45822792226269277,0.29773424757009576,0.4584649665930282,0.2803424329331055,0.2259681261653663,0.3453315166710238,0.6546684833289762,0.5415350334069717,0.5417720777373072,0.7022657524299043,0.7196575670668945,0.6487485954981458
2026-08-19,0.4339958940239574,0.40629519581901674,0.5022246959394563,0.27187640614179,0.40211754198168037,,0.40330194678118014,0.5966980532188199,0.72812359385821,0.5937048041809833,0.4977753040605437,0.5978824580183196,0.5660041059760426
2026-08-20,0.4158767664831039,0.4191650233875284,0.3088965110895351,0.6444023057577326,0.5068147842253503,0.2724931448630206,0.4279414226343785,0.5720585773656215,0.3555976942422674,0.5808349766124716,0.6911034889104649,0.4931852157746497,0.5841232335168961
2026-08-21,0.3811813916878585,0.4087603938666081,0.36937098698581516,0.3457468020345598,0.39285680208234575,0.23723200071613404,0.3558580628955536,0.6441419371044463,0.6542531979654402,0.5912396061333919,0.6306290130141848,0.6071431979176543,0.6188186083121415
2026-08-22,0.33096248901649383,0.481037898793698,0.4404001987052439,0.3789948343639131,0.52816390174309,0.22100854184835725,0.39676131074513266,0.6032386892548673,0.6210051656360869,0.5189621012063019,0.5595998012947561,0.47183609825691,0.6690375109835062
2026-08-23,0.45427154411726617,0.4553817680188425,0.432874757516577,0.42893567654027814,0.3448556827396758,,0.4232638857865279,0.5767361142134722,0.5710643234597219,0.5446182319811574,0.567125242483423,0.6551443172603242,0.5457284558827338
2026-08-24,0.3997488120756912,0.4030560702410129,0.2938436052301555,0.49697891266884436,0.3969088852312686,0.2866003254352963,0.37952276848037814,0.6204772315196219,0.5030210873311556,0.5969439297589871,0.7061563947698445,0.6030911147687315,0.6002511879243089
2026-08-25,0.467388074650874,0.45512375308869535,0.3535191164552086,0.3686459269906522,0.25752499614851754,,0.3804403734667895,0.6195596265332105,0.6313540730093479,0.5448762469113047,0.6464808835447914,0.7424750038514825,0.5326119253491259
2026-08-26,0.4189029854270754,0.4076922017574154,0.37505254449250375,0.5071559999761749,0.24047815467564188,,0.3898563772657622,0.6101436227342378,0.4928440000238251,0.5923077982425846,0.6249474555074963,0.7595218453243582,0.5810970145729246
2026-08-27,0.44288450549535235,0.41939474365518126,0.31621995864720204,0.4114796545229508,0.25407027074451016,,0.36880982661303935,0.6311901733869607,0.5885203454770491,0.5806052563448187,0.6837800413527979,0.7459297292554898,0.5571154945046477
2026-08-28,0.2848250357971649,0.388002605653564,0.24533582367889223,0.5234562378922532,0.1860903932132618,0.23146805851569172,0.30986302579180464,0.6901369742081953,0.47654376210774685,0.6119973943464361,0.7546641763211077,0.8139096067867382,0.7151749642028351
2026-08-29,0.21939366350318437,0.3793673606675781,0.3782245695186416,0.5821094809713587,0.12323170945533643,,0.3364653568232198,0.6635346431767801,0.41789051902864127,0.620632639332422,0.6217754304813584,0.8767682905446635,0.7806063364968157
2026-08-30,0.48917273843759845,0.3451704311295767,0.3395212465601649,0.37498145671637817,0.15301929484736274,0.23326958676755774,0.3225224590764398,0.6774775409235603,0.6250185432836218,0.6548295688704233,0.6604787534398351,0.8469807051526372,0.5108272615624015
2026-08-31,0.3489069342812596,0.36408769315011635,0.28164346449469385,0.5855984583387709,0.15962072054306772,0.22898894569540193,0.32814103608388506,0.671858963916115,0.4144015416612291,0.6359123068498836,0.7183565355053061,0.8403792794569322,0.6510930657187404
2026-09-01,0.4379009328884958,0.41947618230659817,0.30654617291997166,0.36766888914724855,0.41940321653910434,0.22539652302800003,0.3627319861382365,0.6372680138617635,0.6323311108527514,0.5805238176934018,0.6934538270800283,0.5805967834608956,0.5620990671115043
2026-09-02,0.36616500477947245,0.43322368698563785,0.36915878768526705,0.39437184603058917,0.41564306688483005,0.23648413552786549,0.36917442131561035,0.6308255786843897,0.6056281539694108,0.5667763130143622,0.6308412123147329,0.5843569331151699,0.6338349952205276
2026-09-03,0.3599284427235521,0.4402468647638719,0.2739186376855902,0.4822779513775765,0.5027648352057934,0.23075587836474534,0.3816487683535215,0.6183512316464785,0.5177220486224234,0.559753135236128,0.7260813623144098,0.4972351647942066,0.6400715572764479
2026-09-04,0.4386373463012637,0.4430859875886684,0.1767742746883576,0.5957802332542234,0.4003205832269753,0.3134065873033391,0.39466750206047124,0.6053324979395287,0.40421976674577664,0.5569140124113316,0.8232257253116424,0.5996794167730247,0.5613626536987363
2026-09-05,0.40650095810103504,0.4284829802111798,0.15360316695148454,0.4567213338139871,0.5301069788706425,0.27282853005853436,0.37470732466781054,0.6252926753321895,0.543278666186013,0.5715170197888202,0.8463968330485154,0.4698930211293575,0.593499041898965
2026-09-06,0.42847374622960266,0.42010771691283666,0.1904026623564799,0.35452993318937076,0.46546585721055517,0.1918568210157481,0.3418061228190989,0.658193877180901,0.6454700668106292,0.5798922830871633,0.8095973376435202,0.5345341427894448,0.5715262537703973
2026-09-07,0.42818673660455225,0.4606405757717097,0.29603428179534474,0.4201606590129903,0.5099799321318296,0.19267807636254794,0.3846133769464957,0.6153866230535043,0.5798393409870097,0.5393594242282903,0.7039657182046553,0.49002006786817043,0.5718132633954478
2026-09-08,0.48896382418168116,0.4452751861534177,0.21703328095805366,0.44385118231363657,0.4986918306276415,0.19738311751662704,0.38186640362517627,0.6181335963748238,0.5561488176863634,0.5547248138465823,0.7829667190419464,0.5013081693723584,0.5110361758183188
2026-09-09,0.6437771349404361,0.44127527235471364,0.2667058435733622,0.48199509367891763,0.4596268378546368,0.20067860850390856,0.4156764651509958,0.5843235348490041,0.5180049063210823,0.5587247276452864,0.7332941564266378,0.5403731621453631,0.3562228650595639
2026-09-10,0.48737218093219403,0.4654846518730425,0.21644693466575388,0.4107683230970856,0.4951970244004628,0.20640623841605396,0.38027922556409877,0.6197207744359012,0.5892316769029144,0.5345153481269576,0.7835530653342462,0.5048029755995371,0.512627819067806
2026-09-11,0.43781649805119466,0.44409183084556514,0.24554405246412184,0.43113231481842273,0.36704073873405263,0.19106244647786405,0.35278131356520354,0.6472186864347964,0.5688676851815773,0.5559081691544349,0.7544559475358782,0.6329592612659474,0.5621835019488053
2026-09-12,0.595902184844187,0.5344433133037485,0.28411863496934064,0.5654345222044631,0.39382423078060236,,0.4747445772204683,0.5252554227795316,0.4345654777955369,0.4655566866962515,0.7158813650306594,0.6061757692193976,0.404097815155813
2026-09-13,0.35761261816572243,0.42682672683027584,0.3745235279192522,0.3023746949780577,0.514655035639624,0.18533581730899606,0.3602214034736548,0.6397785965263452,0.6976253050219423,0.5731732731697241,0.6254764720807477,0.485344964360376,0.6423873818342776
