date,Iran_entropy,Crypto_entropy,Macro_entropy,Geopolitical_entropy,Energy_entropy,Pandemic_entropy,composite_entropy,VIX,BTC,WTI,BTC_rvol30,BTC_rvol7,WTI_rvol30,WTI_rvol7,composite_entropy_d,Macro_entropy_d,Crypto_entropy_d,Energy_entropy_d,BTC_rvol7_d,WTI_rvol7_d
2025-07-06,,,,0.8032566997760641,,,0.8032566997760641,,109232.0703125,,,,,,,,,,,
2025-07-07,,,,0.6800770457282798,,,0.6800770457282798,17.790000915527344,108299.8515625,67.93000030517578,,,,,-0.1231796540477843,,,,,
2025-07-08,,,,0.7118146702143197,,,0.7118146702143197,16.809999465942383,108950.2734375,68.33000183105469,,,,,0.031737624486039895,,,,,
2025-07-09,,,,0.731816079376955,,,0.731816079376955,15.9399995803833,111326.5546875,68.37999725341797,,,,,0.020001409162635375,,,,,
2025-07-10,,,,0.731816079376955,,,0.731816079376955,15.779999732971191,115987.203125,66.56999969482422,,,,,0.0,,,,,
2025-07-11,,,,0.7118146702143197,,,0.7118146702143197,16.399999618530273,117516.9921875,68.44999694824219,,,,,-0.020001409162635375,,,,,
2025-07-12,,,,0.7219280948873623,,,0.7219280948873623,,117435.2265625,,,,,,0.010113424673042659,,,,,
2025-07-13,,,,0.731816079376955,,,0.731816079376955,,119116.1171875,,,0.2558889430715413,,,0.009887984489592716,,,,,
2025-07-14,,,,0.7219280948873623,,,0.7219280948873623,17.200000762939453,119849.703125,66.9800033569336,,0.21768576642829032,,,-0.009887984489592716,,,,-0.038203176643250986,
2025-07-15,,,,0.7509319796338465,,,0.7509319796338465,17.3799991607666,117777.1875,66.5199966430664,,0.2895866461256728,,,0.029003884746484188,,,,0.07190087969738249,
2025-07-16,,,,0.7219280948873623,,,0.7219280948873623,17.15999984741211,118738.5078125,66.37999725341797,,0.2803022770031854,,,-0.029003884746484188,,,,-0.009284369122487424,
2025-07-17,,,,0.7219280948873623,,,0.7219280948873623,16.520000457763672,119289.84375,67.54000091552734,,0.17036680390433137,,,0.0,,,,-0.10993547309885401,
2025-07-18,,,,0.7219280948873623,,,0.7219280948873623,16.40999984741211,118003.2265625,67.33999633789062,,0.17714491168061014,,,0.0,,,,0.006778107776278769,
2025-07-19,,,,0.7118146702143197,,,0.7118146702143197,,117939.9765625,,,0.17709876152247497,,,-0.010113424673042659,,,,-4.615015813516643e-05,
2025-07-20,,,,0.7118146702143197,,,0.7118146702143197,,117300.7890625,,,0.15105149676608173,,,0.0,,,,-0.02604726475639324,
2025-07-21,,,,0.7118146702143197,,,0.7118146702143197,16.649999618530273,117439.5390625,67.19999694824219,,0.14223554314481432,,,0.0,,,,-0.008815953621267414,
2025-07-22,,,,0.7219280948873623,,,0.7219280948873623,16.5,119995.4140625,66.20999908447266,,0.16524690767224678,,,0.010113424673042659,,,,0.023011364527432465,
2025-07-23,,,,0.7118146702143197,,,0.7118146702143197,15.369999885559082,118754.9609375,65.25,,0.1765079536922129,,,-0.010113424673042659,,,,0.011261046019966109,
2025-07-24,,,,0.7770131822651186,,,0.7770131822651186,15.390000343322754,118368.0,66.02999877929688,,0.17418421486542318,,,0.06519851205079896,,,,-0.002323738826789712,
2025-07-25,,,,0.7357770147159631,,,0.7357770147159631,14.930000305175781,117635.8828125,65.16000366210938,,0.16528929292120426,,,-0.04123616754915549,,,,-0.008894921944218925,
2025-07-26,,,,0.7395607781094854,,,0.7395607781094854,,117947.3671875,,,0.1663143793194118,,,0.003783763393522266,,,,0.0010250863982075309,
2025-07-27,,,,0.7237037873272337,,,0.7237037873272337,,119448.4921875,,,0.17652898376725717,,,-0.015856990782251668,,,,0.010214604447845388,
2025-07-28,,,,0.707117910267127,,,0.707117910267127,15.029999732971191,117924.4765625,66.70999908447266,,0.1997557629534605,,,-0.016585877060106724,,,,0.023226779186203333,
2025-07-29,,,,0.707117910267127,,,0.707117910267127,15.979999542236328,117922.1484375,69.20999908447266,,0.1367960469068535,,,0.0,,,,-0.062959716046607,
2025-07-30,,,,0.707117910267127,,,0.707117910267127,15.479999542236328,117831.1875,70.0,,0.12513883689303543,,,0.0,,,,-0.011657210013818087,
2025-07-31,,,,0.707117910267127,,,0.707117910267127,16.719999313354492,115758.203125,69.26000213623047,,0.16070979305705874,,,0.0,,,,0.03557095616402331,
2025-08-01,,,,0.707117910267127,,,0.707117910267127,20.3799991607666,113320.0859375,67.33000183105469,,0.1945319709208238,,,0.0,,,,0.03382217786376507,
2025-08-02,,,,0.7155037555427339,,,0.7155037555427339,,112526.9140625,,,0.18634294228120254,,,0.008385845275606929,,,,-0.00818902863962126,
2025-08-03,,,,0.7136336509480639,,,0.7136336509480639,,114217.671875,,,0.19646004593997787,,,-0.0018701045946700745,,,,0.010117103658775328,
2025-08-04,,,,0.707117910267127,,,0.707117910267127,17.520000457763672,115071.8828125,66.29000091552734,,0.2060006242800995,,,-0.0065157406809368545,,,,0.00954057834012162,
2025-08-05,,,,0.707117910267127,,,0.707117910267127,17.850000381469727,114141.4453125,65.16000366210938,0.21378002683685826,0.20598819298715668,,,0.0,,,,-1.2431292942816086e-05,
2025-08-06,,,,0.707117910267127,,,0.707117910267127,16.770000457763672,115028.0,64.3499984741211,0.2123472763235945,0.21866237248400647,,,0.0,,,,0.012674179496849791,
2025-08-07,,,,0.7395607781094854,,,0.7395607781094854,16.56999969482422,117496.8984375,63.880001068115234,0.2193146742988072,0.2359396549735772,,,0.03244286784235839,,,,0.017277282489570722,
2025-08-08,,,,0.707117910267127,,,0.707117910267127,15.149999618530273,116688.7265625,63.880001068115234,0.21325700555161448,0.18660453522476242,,,-0.03244286784235839,,,,-0.04933511974881477,
2025-08-09,,,,0.7199200239337116,,,0.7199200239337116,,116500.359375,,0.1775406532670837,0.17544813744270593,,,0.01280211366658457,,,,-0.011156397782056487,
2025-08-10,,,,0.7279378831012054,,,0.7279378831012054,,119306.7578125,,0.18679369730178888,0.20263786538270734,,,0.008017859167493868,,,,0.027189727940001407,
2025-08-11,,,,0.7218336827325637,,,0.7218336827325637,16.25,118731.4453125,63.959999084472656,0.18740860866726064,0.2126792251687051,,,-0.006104200368641788,,,,0.010041359785997767,
2025-08-12,,,,0.7237037873272337,,,0.7237037873272337,14.729999542236328,120172.90625,63.16999816894531,0.1861305631450962,0.19634633497983828,,,0.0018701045946700745,,,,-0.016332890188866828,
2025-08-13,,,,0.7117199921492117,,,0.7117199921492117,14.489999771118164,123344.0625,62.650001525878906,0.1999886142124194,0.22628670733857767,,,-0.01198379517802206,,,,0.029940372358739392,
2025-08-14,,,,0.7077590568102037,,,0.7077590568102037,14.829999923706055,118359.578125,63.959999084472656,0.22884444087297803,0.36420391136927516,,,-0.003960935339007987,,,,0.1379172040306975,
2025-08-15,,,,0.7159590885947035,,,0.7159590885947035,15.09000015258789,117398.3515625,62.79999923706055,0.22878612505379656,0.365427136847569,,,0.008200031784499795,,,,0.0012232254782938434,
2025-08-16,,,,0.7013762046913532,,,0.7013762046913532,,117491.3515625,,0.22832548984318105,0.36502572065539274,,,-0.014582883903350274,,,,-0.0004014161921762627,
2025-08-17,,,,0.692800693629575,,,0.692800693629575,,117453.0625,,0.22621249798994691,0.32925636301455813,,,-0.00857551106177823,,,,-0.03576935764083461,
2025-08-18,,,,0.6966722946106786,,,0.6966722946106786,14.989999771118164,116252.3125,63.41999816894531,0.22810813006940373,0.33266047927833486,,,0.003871600981103618,,,,0.0034041162637767353,
2025-08-19,,,,0.692800693629575,,,0.692800693629575,15.569999694824219,112831.1796875,62.349998474121094,0.24321365581510718,0.3476329860164021,,,-0.003871600981103618,,,,0.014972506738067215,
2025-08-20,,,,0.682028442555246,,,0.682028442555246,15.6899995803833,114274.7421875,63.209999084472656,0.24650785665418898,0.29663270564053484,,,-0.010772251074328998,,,,-0.051000280375867235,
2025-08-21,,,,0.682028442555246,,,0.682028442555246,16.600000381469727,112419.03125,63.52000045776367,0.24093880058204328,0.21649121666922425,,,0.0,,,,-0.0801414889713106,
2025-08-22,,,,0.6907977004728183,,,0.6907977004728183,14.220000267028809,116874.0859375,63.65999984741211,0.2672009984540257,0.351144281630046,,,0.008769257917572326,,,,0.13465306496082177,
2025-08-23,,,,0.7052478056724569,,,0.7052478056724569,,115374.328125,,0.2695125956029832,0.3583549498644669,,,0.01445010519963863,,,,0.007210668234420903,
2025-08-24,,,,0.7013762046913532,,,0.7013762046913532,,113458.4296875,,0.2730395067024967,0.36741080023285544,,,-0.003871600981103729,,,,0.009055850368388518,
2025-08-25,,,,0.7013762046913532,,,0.7013762046913532,14.789999961853027,110124.3515625,64.80000305175781,0.2850169495485127,0.3968729740499666,,,0.0,,,,0.029462173817111137,
2025-08-26,,,,0.6973243586597615,,,0.6973243586597615,14.619999885559082,111802.65625,63.25,0.2862333171838729,0.38305975589408686,,,-0.004051846031591699,,,,-0.013813218155879714,
2025-08-27,,,,0.7013762046913532,,,0.7013762046913532,14.850000381469727,111222.0625,64.1500015258789,0.28461892165931896,0.37039121498147354,,,0.004051846031591699,,,,-0.012668540912613324,
2025-08-28,,,,0.7179620817514601,,,0.7179620817514601,14.430000305175781,112544.8046875,64.5999984741211,0.2873731752318723,0.3690438744962602,,,0.016585877060106946,,,,-0.0013473404852133442,
2025-08-29,,,,0.6907977004728183,,,0.6907977004728183,15.359999656677246,108410.8359375,64.01000213623047,0.3055617631532003,0.3125425290270423,,,-0.027164381278641847,,,,-0.05650134546921787,
2025-08-30,,,,0.6993732115345965,,,0.6993732115345965,,108808.0703125,,0.30273292078031677,0.3233265209730152,,,0.00857551106177823,,,,0.010783991945972848,
2025-08-31,,,,0.6973243586597615,,,0.6973243586597615,,108236.7109375,,0.29740679574320955,0.3181334625460629,,,-0.0020488528748350276,,,,-0.0051930584269522795,
2025-09-01,,,,0.6973243586597615,,,0.6973243586597615,,109250.59375,,0.2985543913678762,0.28361088608195295,,,0.0,,,,-0.034522576464109944,
2025-09-02,,,,0.6866532820924346,,,0.6866532820924346,17.170000076293945,111200.5859375,65.58999633789062,0.2999450887084033,0.29013443353331214,,,-0.01067107656732691,,,,0.006523547451359191,
2025-09-03,,,,0.6823183603732627,,,0.6823183603732627,16.350000381469727,111723.2109375,63.970001220703125,0.2993837504073706,0.28985598228583015,,,-0.004334921719171936,,,,-0.00027845124748199224,
2025-09-04,,,,0.6754413706243075,,,0.6754413706243075,15.300000190734863,110723.6015625,63.47999954223633,0.29957420172226934,0.28295368708108853,,,-0.00687698974895512,,,,-0.006902295204741615,
2025-09-05,,,,0.6517907717726026,,,0.6517907717726026,15.180000305175781,110650.984375,61.869998931884766,0.2984292622158681,0.1426413720335296,,,-0.02365059885170495,,,,-0.14031231504755892,
2025-09-06,,,,0.6690158350565575,,,0.6690158350565575,,110224.6953125,,0.29073038851875527,0.1480421629302342,,,0.0172250632839549,,,,0.005400790896704588,
2025-09-07,,,,0.6666721127067352,,,0.6666721127067352,,111167.6171875,,0.2919633270854079,0.14324953639465002,,,-0.002343722349822275,,,,-0.004792626535584182,
2025-09-08,,,,0.7140630555943149,,,0.7140630555943149,15.109999656677246,112071.4296875,62.2599983215332,0.29331733813997735,0.14144715397060104,,,0.04739094288757972,,,,-0.0018023824240489816,
2025-09-09,,,,0.6840168816860858,,,0.6840168816860858,15.039999961853027,111530.546875,62.630001068115234,0.28360903161878426,0.10812671590256179,,,-0.030046173908229168,,,,-0.03332043806803925,
2025-09-10,,,,0.6900060330275635,,,0.6900060330275635,15.350000381469727,113955.359375,63.66999816894531,0.29168213288023476,0.16703917194585632,,,0.005989151341477705,,,,0.05891245604329454,
2025-09-11,,,,0.6850485311029264,,,0.6850485311029264,14.710000038146973,115507.5390625,62.369998931884766,0.2922972936528658,0.15430460366828086,,,-0.004957501924637064,,,,-0.012734568277575464,
2025-09-12,,,,0.6875550886778108,,,0.6875550886778108,14.760000228881836,116101.578125,62.689998626708984,0.2813623842193386,0.1475106817518519,,,0.0025065575748843827,,,,-0.006793921916428969,
2025-09-13,,,,0.6816201877519565,,,0.6816201877519565,,115950.5078125,,0.25560001151547085,0.14031958291561827,,,-0.005934900925854247,,,,-0.007191098836233617,
2025-09-14,,,,0.6816201877519565,,,0.6816201877519565,,115407.65625,,0.2549170136208856,0.15667881586426893,,,0.0,,,,0.01635923294865066,
2025-09-15,,,,0.6947464493115152,,,0.6947464493115152,15.6899995803833,115444.875,63.29999923706055,0.25489885048215233,0.15788743684302076,,,0.01312626155955865,,,,0.0012086209787518232,
2025-09-16,,,,0.6777850929741298,,,0.6777850929741298,16.360000610351562,116843.1875,64.5199966430664,0.25751440767451456,0.1493918363826331,,,-0.01696135633738538,,,,-0.008495600460387664,
2025-09-17,,,,0.6777850929741298,,,0.6777850929741298,15.720000267028809,116468.5078125,64.05000305175781,0.2559152107740843,0.11601390281694393,,,0.0,,,,-0.03337793356568916,
2025-09-18,,,,0.702946481096015,,,0.702946481096015,15.699999809265137,117137.203125,63.56999969482422,0.24003941628034983,0.09394575272941201,,,0.025161388121885175,,,,-0.02206815008753192,
2025-09-19,,,,0.702946481096015,,,0.702946481096015,15.449999809265137,115688.859375,62.68000030517578,0.24067015841335596,0.12378832412881577,,,0.0,,,,0.02984257139940376,
2025-09-20,,,,0.7109643402635089,,,0.7109643402635089,,115721.9609375,,0.2353603176433338,0.12372759379687125,,,0.008017859167493868,,,,-6.0730331944522375e-05,
2025-09-21,,,,0.6947464493115152,,,0.6947464493115152,,115306.09375,,0.20633043242058227,0.12225657417439019,,,-0.016217890951993663,,,,-0.0014710196224810568,
2025-09-22,,,,0.6816201877519565,,,0.6816201877519565,16.100000381469727,112748.5078125,62.63999938964844,0.2130589290626683,0.18090643765590217,,,-0.01312626155955865,,,,0.05864986348151198,
2025-09-23,,,,0.6982060648120633,,,0.6982060648120633,16.639999389648438,112014.5,63.40999984741211,0.20840865447715448,0.1452404147342831,,,0.016585877060106724,,,,-0.03566602292161908,
2025-09-24,,,,0.6932485628874262,,,0.6932485628874262,16.18000030517578,113328.6328125,64.98999786376953,0.19155972810209,0.1805023979212561,,,-0.004957501924637064,,,,0.03526198318697302,
2025-09-25,,,,0.6932485628874262,,,0.6932485628874262,16.739999771118164,109049.2890625,64.9800033569336,0.21826633517054103,0.25923176078658844,,,0.0,,,,0.07872936286533233,
2025-09-26,,,,0.6458962408390521,,,0.6458962408390521,15.289999961853027,109712.828125,65.72000122070312,0.2187474469369683,0.27582630000271813,,,-0.04735232204837414,,,,0.01659453921612969,
2025-09-27,,,,0.6397375419280894,,,0.6397375419280894,,109681.9453125,,0.21563464339860983,0.27516694127187674,,,-0.006158698910962657,,,,-0.0006593587308413862,
2025-09-28,,,,0.6487048758906051,,,0.6487048758906051,,112122.640625,,0.19596286106130928,0.32871660857574075,,,0.0089673339625157,,,,0.05354966730386401,
2025-09-29,,,0.7478983221256077,0.6740990601808455,,,0.7109986911532267,16.1200008392334,114400.3828125,63.45000076293945,0.2034711219312369,0.327634170838157,,,0.062293815262621566,,,,-0.0010824377375837635,
2025-09-30,,,0.5769725110401501,0.6850485311029264,,,0.6310105210715382,16.280000686645508,114056.0859375,62.369998931884766,0.20290823819354423,0.32441623864737706,,,-0.07998817008168846,-0.17092581108545757,,,-0.0032179321907799263,
2025-10-01,,,0.3989356722552213,0.6714768104433935,,,0.5352062413493074,16.290000915527344,118648.9296875,61.779998779296875,0.2297422391329177,0.39283731021061924,,,-0.09580427972223082,-0.17803683878492882,,,0.06842107156324218,
2025-10-02,,,0.3778842238555444,0.6714768104433935,,,0.524680517149469,16.6299991607666,120681.2578125,60.47999954223633,0.2293512420293901,0.23495048838113902,,,-0.010525724199838438,-0.02105144839967693,,,-0.15788682182948022,
2025-10-03,,,0.37375332025453084,0.6574741338081773,,,0.5156137270313541,16.649999618530273,122266.53125,60.880001068115234,0.23124523587642032,0.2280839879707104,,,-0.009066790118114842,-0.004130903601013536,,,-0.006866500410428633,
2025-10-04,,,0.38431154412649704,0.6660496448699557,,,0.5251805944982264,,122425.4296875,,0.22851498581384008,0.22365238592404904,,,0.009566867466872297,0.0105582238719662,,,-0.004431602046661348,
2025-10-05,,,0.37375332025453084,0.6541320414640429,,,0.5139426808592868,,123513.4765625,,0.22872769210840008,0.2220006226694036,,,-0.011237913638939556,-0.0105582238719662,,,-0.0016517632546454442,
2025-10-06,,,0.3550470537478906,0.6574741338081773,,,0.506260593778034,16.3700008392334,124752.53125,61.689998626708984,0.22828792923333965,0.2182364904778175,,,-0.007682087081252842,-0.018706266506640257,,,-0.0037641321915860837,
2025-10-07,,,0.3550470537478906,0.6397375419280894,,,0.49739229783799,17.239999771118164,121451.3828125,61.72999954223633,0.2447597033838036,0.3143203737755252,,,-0.008868295940044013,0.0,,,0.09608388329770767,
2025-10-08,,,0.3550470537478906,0.6487048758906051,,,0.5018759648192479,16.299999237060547,123354.8671875,62.54999923706055,0.2470646518258953,0.24103596246421233,,,0.0044836669812579055,0.0,,,-0.07328441131131286,
2025-10-09,,,0.3764818747721895,0.6487048758906051,,,0.5125933753313973,16.43000030517578,121705.5859375,61.5099983215332,0.2507381275472011,0.24948334605791914,,,0.010717410512149361,0.02143482102429889,,,0.008447383593706809,
2025-10-10,,,0.36841610912491224,0.6451647075015272,,,0.5067904083132198,21.65999984741211,113214.3671875,58.900001525878906,0.3263373060235207,0.489587240231719,,,-0.005802967018177507,-0.008065765647277234,,,0.24010389417379988,
2025-10-11,,,0.3764818747721895,0.664275418772606,,,0.5203786467723978,,110807.8828125,,0.3292861075333021,0.4846311384522729,,,0.013588238459178004,0.008065765647277234,,,-0.004956101779446109,
2025-10-12,,,0.3764818747721895,0.6451647075015272,,,0.5108232911368583,,115169.765625,,0.34876231839937333,0.5696325085026464,,,-0.009555355635539442,0.0,,,0.08500137005037345,
2025-10-13,,,0.3764818747721895,0.6850485311029264,,,0.5307652029375579,19.030000686645508,115271.078125,59.4900016784668,0.34876345316821217,0.5587414526194182,,,0.019941911800699597,0.0,,,-0.01089105588322814,
2025-10-14,,,0.3764818747721895,0.6766626858273194,,,0.5265722802997544,20.809999465942383,113118.6640625,58.70000076293945,0.35274026646042356,0.5514394162530069,,,-0.0041929226378034645,0.0,,,-0.0073020363664113574,
2025-10-15,,,0.3550470537478906,0.7091055536696778,,,0.5320763037087841,20.639999389648438,110783.1640625,58.27000045776367,0.3575347233075118,0.5226801823315325,,,0.005504023409029668,-0.02143482102429889,,,-0.028759233921474392,
2025-10-16,,,0.3469812881006133,0.7142055954207659,,,0.5305934417606896,25.309999465942383,108186.0390625,57.459999084472656,0.3608840089984629,0.5247398383882276,,,-0.0014828619480945493,-0.00806576564727729,,,0.002059656056695114,
2025-10-17,,,0.3469812881006133,0.7192757786421243,,,0.5331285333713688,20.780000686645508,106467.7890625,57.540000915527344,0.3629831107326323,0.3563463610842225,,,0.0025350916106792187,0.0,,,-0.16839347730400506,
2025-10-18,,,0.3469812881006133,0.7140630555943149,,,0.5305221718474641,,107198.265625,,0.3632295392799326,0.35443976895152424,,,-0.002606361523904699,0.0,,,-0.0019065921326982815,
2025-10-19,,,0.3386625912629869,0.7062239239795571,,,0.5224432576212721,,108666.7109375,,0.36515820307812913,0.23896728119051422,,,-0.008078914226192002,-0.008318696837626371,,,-0.11547248776101002,
2025-10-20,,,0.3188536256314284,0.7264671392758285,,,0.5226603824536284,18.229999542236328,110588.9296875,57.52000045776367,0.369528122592658,0.28273330188554974,,,0.00021712483235636348,-0.01980896563155854,,,0.04376602069503552,
2025-10-21,,,0.3300712977399391,0.7217267229918769,,,0.525899010365908,17.8700008392334,108476.890625,57.81999969482422,0.3730764303123154,0.28357668414455606,,,0.003238627912279579,0.011217672108510712,,,0.00084338225900632,
2025-10-22,,,0.3188536256314284,0.7389365789755945,,,0.5288951023035114,18.600000381469727,107688.5859375,58.5,0.36843624839655,0.2647402848587852,,,0.002996091937603418,-0.011217672108510712,,,-0.018836399285770855,
2025-10-23,,,0.3188536256314284,0.7217267229918769,,,0.5202901743116526,17.299999237060547,110069.7265625,61.790000915527344,0.3742362939570085,0.2637595245634785,,,-0.008604927991858857,0.0,,,-0.000980760295306693,
2025-10-24,,,0.3007554680906706,0.7264671392758285,,,0.5136113036832496,16.3700008392334,111033.921875,61.5,0.37349609661894667,0.2306640846529153,,,-0.006678870628403,-0.018098157540757775,,,-0.03309543991056321,
2025-10-25,,,0.3469812881006133,0.7164597495284442,,,0.5317205188145288,,111641.7265625,,0.3561527880218016,0.23060188679645063,,,0.018109215131279166,0.046225820009942686,,,-6.219785646466303e-05,
2025-10-26,,,0.3280895442885144,0.6982060648120633,,,0.5131478045502889,,114472.4453125,,0.36278179382284337,0.2556916886382548,,,-0.018572714264239898,-0.018891743812098905,,,0.025089801841804177,
2025-10-27,,,0.31566861683869757,0.6816201877519565,,,0.498644402295327,15.789999961853027,114119.328125,61.310001373291016,0.36298716553273547,0.2513865450098147,,,-0.014503402254961828,-0.012420927449816821,,,-0.004305143628440089,
2025-10-28,,,0.31566861683869757,0.6900060330275635,,,0.5028373249331305,16.420000076293945,112956.1640625,60.150001525878906,0.359029778515413,0.21929044842134737,,,0.0041929226378034645,0.0,,,-0.03209609658846735,
2025-10-29,,,0.30783894748439,0.6730446766901782,,,0.4904418120872841,16.920000076293945,110055.3046875,60.47999954223633,0.36173357305479237,0.28507986248134026,,,-0.01239551284584639,-0.007829669354307567,,,0.06578941405999289,
2025-10-30,,,0.3280895442885144,0.7217267229918769,,,0.5249081336401956,16.90999984741211,108305.546875,60.56999969482422,0.3642296793477506,0.27062568975574997,,,0.034466321552911516,0.020250596804124388,,,-0.014454172725590297,
2025-10-31,,,0.35165905099368744,0.6982060648120633,,,0.5249325579028754,17.440000534057617,109556.1640625,60.97999954223633,0.3452522803640622,0.27580579131776234,,,2.44242626797897e-05,0.02356950670517305,,,0.005180101562012374,
2025-11-01,,,0.35165905099368744,0.7062239239795571,,,0.5289414874866223,,110064.015625,,0.34097412140047695,0.2749130336106411,,,0.004008929583746879,0.0,,,-0.0008927577071212167,
2025-11-02,,,0.35165905099368744,0.6982060648120633,,,0.5249325579028754,,110639.625,,0.3385026753096371,0.21129128929620944,,,-0.004008929583746879,0.0,,,-0.06362174431443168,
2025-11-03,,,0.35165905099368744,0.6982060648120633,,,0.5249325579028754,17.170000076293945,106547.5234375,61.04999923706055,0.35244074091157573,0.28735984488264943,,,0.0,0.0,,,0.07606855558643999,
2025-11-04,0.6222126380063133,,0.32417835022143393,0.6947464493115152,,,0.5470458125130875,19.0,101590.5234375,60.560001373291016,0.3711960941254743,0.36646098304907865,,,0.022113254610212074,-0.027480700772253508,,,0.07910113816642922,
2025-11-05,0.5895328556861872,,0.32417835022143393,0.6895171979409991,,,0.53440946794954,18.010000228881836,103891.8359375,59.599998474121094,0.3776796760666454,0.41771863973648576,,,-0.012636344563547453,0.0,,,0.051257656687407116,
2025-11-06,0.5715197065154134,,0.3121941092869296,0.6716238443386314,,,0.5184458867136582,19.5,101301.2890625,59.43000030517578,0.3769594047499085,0.42847518735389717,,,-0.01596358123588182,-0.011984240934504342,,,0.010756547617411405,
2025-11-07,0.5467754700674502,,0.31585965338380756,0.6667276407527267,,,0.5097875880679948,19.079999923706055,103372.40625,59.75,0.37952940006232383,0.44924919986865997,,,-0.008658298645663365,0.0036655440968779707,,,0.020774012514762796,
2025-11-08,0.4875606258331045,,0.31585965338380756,0.6485111523560543,,,0.48397714385765545,,102282.1171875,,0.37912434429581315,0.44004576236611287,,,-0.0258104442103394,0.0,,,-0.009203437502547096,
2025-11-09,0.5915869276778599,,0.31585965338380756,0.6530676926880948,,,0.5201714245832542,,104719.640625,,0.33181163549267345,0.4794907481403273,,,0.036194280725598715,0.0,,,0.03944498577421446,
2025-11-10,0.5201768812228301,,0.31585965338380756,0.5932322282349983,,,0.476422920947212,17.600000381469727,105996.59375,60.130001068115234,0.32947768759113777,0.44092043252696644,,,-0.04374850363604216,0.0,,,-0.038570315613360884,
2025-11-11,0.5321301899711841,,0.3476819303863385,0.5932322282349983,,,0.4910147828641736,17.280000686645508,102997.46875,61.040000915527344,0.31578076493726726,0.3642976590386371,,,0.014591861916961602,0.03182227700253093,,,-0.07662277348832935,
2025-11-12,0.5308013140665327,,0.3712380074872676,0.6215392282649514,,,0.5078595166062506,17.510000228881836,101663.1875,58.4900016784668,0.31659342832808635,0.34218879745290925,,,0.01684473374207701,0.023556077100929107,,,-0.022108861585727835,
2025-11-13,0.5333839163723675,,0.37743144147450813,0.6564167644340807,,,0.5224107074269854,20.0,99697.4921875,58.689998626708984,0.3168712329746911,0.32805103223465315,,,0.01455119082073475,0.0061934339872405375,,,-0.014137765218256104,
2025-11-14,0.537295648071305,,0.3648936328140418,0.6305546099353875,,,0.5109146302735782,19.829999923706055,94397.7890625,60.09000015258789,0.3460519886046231,0.40959163446790875,,,-0.01149607715340717,-0.012537808660466332,,,0.0815406022332556,
2025-11-15,0.5270275856597249,,0.36778776064982427,0.5932322282349983,,,0.4960158581815158,,95549.1484375,,0.34509485592661054,0.43690422754298136,,,-0.014898772092062418,0.0028941278357824674,,,0.02731259307507261,
2025-11-16,0.5270275856597249,,0.3494135641743602,0.6296397743545065,,,0.5020269747295305,,94177.078125,,0.3446616325406209,0.3696484767034169,,,0.006011116548014728,-0.018374196475464066,,,-0.06725575083956448,
2025-11-17,0.5347677239182815,,0.35298182586569676,0.6160678523520299,,,0.5012724673786694,22.3799991607666,92093.875,59.90999984741211,0.3470024605254357,0.3169113266051145,,,-0.0007545073508611333,0.0035682616913365606,,,-0.05273715009830238,
2025-11-18,0.501658412107844,,0.3198341973168677,0.5966929626870662,,,0.47272852403725923,24.690000534057617,92948.875,60.7400016784668,0.3451880469179872,0.3532676829851109,,,-0.02854394334141014,-0.03314762854882908,,,0.0363563563799964,
2025-11-19,0.5653467643067892,,0.33538492053799807,0.5877225884432978,,,0.49615142442936166,23.65999984741211,91465.9921875,59.439998626708984,0.3396478014246653,0.35315131187982285,,,0.02342290039210243,0.01555072322113038,,,-0.00011637110528806005,
2025-11-20,0.506785889900282,,0.32159180938619003,0.5700534617916565,,,0.4661437203593762,26.420000076293945,86631.8984375,59.13999938964844,0.3654363799105746,0.42564643109922823,,,-0.030007704069985486,-0.013793111151808035,,,0.07249511921940538,
2025-11-21,0.448385659766577,,0.3459796182083341,0.5852086988987822,,,0.4598579922912311,23.43000030517578,85090.6875,58.060001373291016,0.3666883018704839,0.35091710153036865,,,-0.006285728068145091,0.024387808822144086,,,-0.07472932956885958,
2025-11-22,0.49108904538362136,,0.34814594933806664,0.59379331474323,,,0.4776761031549726,,84648.359375,,0.35585434937826604,0.307758812199651,,,0.01781811086374152,0.002166331129732524,,,-0.043158289330717636,
2025-11-23,0.48335682192109686,,0.33420449378343436,0.6050215672074543,,,0.4741942943039952,,86805.0078125,,0.36591499016296863,0.4008608059157998,,,-0.0034818088509774303,-0.013941455554632276,,,0.0931019937161488,
2025-11-24,0.5020907977328143,0.9118766298820509,0.33269015226046605,0.5972937511804863,,,0.5859878327639544,20.520000457763672,88270.5625,58.84000015258789,0.37100242757274854,0.42488358799826603,,,0.11179353845995921,-0.00151434152296831,,,0.02402278208246622,
2025-11-25,0.4403826144401233,0.9054837888621003,0.32245002895968544,0.6112402275111894,,,0.5698891649432747,18.559999465942383,87341.890625,57.95000076293945,0.3577051355096294,0.41133613433492344,,,-0.016098667820679702,-0.010240123300780613,-0.006392841019950524,,-0.01354745366334259,
2025-11-26,0.44512981760107995,0.9156569554835955,0.34725379070205625,0.6161969700784585,,,0.5810593834662976,17.190000534057617,90518.3671875,58.650001525878906,0.3802692012443147,0.4842597677862508,,,0.011170218523022912,0.02480376174237081,0.010173166621495144,,0.07292363345132735,
2025-11-27,0.441321788308674,0.7856620519251549,0.3190331525102384,0.6011263631222572,,,0.5367858389665812,,91285.375,,0.38303761301411077,0.3128737901728639,,,-0.04427354449971643,-0.02822063819181786,-0.12999490355844057,,-0.17138597761338692,
2025-11-28,0.45203221437506774,0.7892244779090717,0.31455205521967156,0.6142822145239778,,,0.5425227405069473,16.350000381469727,90919.265625,58.54999923706055,0.37888086762354367,0.27408594003593467,,,0.005736901540366102,-0.004481097290566838,0.0035624259839167616,,-0.0387878501369292,
2025-11-29,0.44485924325728093,0.7816428375762501,0.3249406705650054,0.5739731284379381,,,0.5313539699591187,,90851.7578125,,0.37808346871243403,0.2652025732301612,,,-0.01116877054782861,0.010388615345333863,-0.007581640332821604,,-0.008883366805773452,
2025-11-30,0.44194550038368263,0.7928356896685811,0.33791939641093854,0.585083623838214,,,0.539446052575354,,90394.3125,,0.37451481662562447,0.2549107948924981,,,0.008092082616235396,0.012978725845933126,0.011192852092331007,,-0.010291778337663093,
2025-12-01,0.473597672335317,0.8577690044226912,0.347460396793636,0.5561578918873319,,,0.558746241359744,17.239999771118164,86321.5703125,59.31999969482422,0.3900631150818774,0.3864341415995509,,,0.019300188784389993,0.009541000382697451,0.06493331475411013,,0.1315233467070528,
2025-12-02,0.44337771591296915,0.8266873598298498,0.347460396793636,0.5727045140868908,,,0.5475574966558364,16.59000015258789,91350.203125,58.63999938964844,0.43155736295301095,0.51980134867421,,,-0.011188744703907627,0.0,-0.031081644592841462,,0.1333672070746591,
2025-12-03,0.45006350727881983,0.7973466851581169,0.34168869660488,0.5733796242014931,,,0.5406196283108274,16.079999923706055,93527.8046875,58.95000076293945,0.42945666319893144,0.49554892393455185,,,-0.0069378683450089795,-0.0057717001887560015,-0.029340674671732847,,-0.024252424739658163,
2025-12-04,0.4440802888780206,0.7805609450760964,0.3186684401810036,0.5873590934502175,,,0.5326671918963346,15.779999732971191,92141.625,59.66999816894531,0.4108621887947747,0.5077775701101438,,,-0.007952436414492836,-0.023020256423876395,-0.016785740082020495,,0.01222864617559194,
2025-12-05,0.43664826298367654,0.8052172189539868,0.2971938610431052,0.5916573011848004,,,0.5326791610413922,15.40999984741211,89387.7578125,60.08000183105469,0.41068180735117743,0.5427896700392476,,,1.1969145057633135e-05,-0.02147457913789841,0.024656273877890378,,0.03501209992910381,
2025-12-06,0.43576245790040236,0.8174187027734731,0.3279361840594157,0.5709136880466318,,,0.5380077581949807,,89272.375,,0.406268552903502,0.5427281323641943,,,0.005328597153588466,0.030742323016310524,0.01220148381948627,,-6.153767505334695e-05,
2025-12-07,0.4637561431072553,0.8302252074313051,0.3129987194249394,0.5891499194904766,,,0.5490324973634941,,90405.640625,,0.4028676372069899,0.5495563704434009,,,0.011024739168513431,-0.014937464634476316,0.012806504657832063,,0.006828238079206628,
2025-12-08,0.3900239596760195,0.793701863083961,0.31578390079307045,0.5934481272250595,,,0.5232394626945276,16.65999984741211,90640.203125,58.880001068115234,0.40293644640115517,0.4457902827432063,,,-0.02579303466896654,0.002785181368131051,-0.03652334434734417,,-0.10376608770019458,
2025-12-09,0.4073551285745761,0.809676650935821,0.3379423598129098,0.6066147431744637,,,0.5403972206244427,16.93000030517578,92691.7109375,58.25,0.40225387566175946,0.3132767989222168,,,0.01715775792991514,0.02215845901983937,0.015974787851860017,,-0.13251348382098949,
2025-12-10,0.36251658401702974,0.8081957601830108,0.7891850224787502,0.5878585527538341,,,0.6369389798581562,15.770000457763672,92020.9453125,58.459999084472656,0.39938853564640153,0.2770206292126611,,,0.09654175923371344,0.4512426626658404,-0.0014808907528102155,,-0.03625616970955575,
2025-12-11,0.3597592455644675,0.8332157810549902,0.44986104782100245,0.5839530796972862,,,0.5566972885344366,14.850000381469727,92511.3359375,57.599998474121094,0.3937625956517696,0.2646679329839745,,,-0.08024169132371961,-0.3393239746577478,0.02502002087197941,,-0.012352696228686566,
2025-12-12,0.35516949822417554,0.8233337942994944,0.4637743065426336,0.549167175824731,,,0.5478611937227587,15.739999771118164,90270.4140625,57.439998626708984,0.3975477942112385,0.23696238290983526,,,-0.008836094811677908,0.013913258721631128,-0.009881986755495786,,-0.027705550074139246,
2025-12-13,0.39539144637396323,0.8322236029617912,0.46604386201820863,0.5480191610028472,,,0.5604195180892025,,90298.7109375,,0.3949486256081151,0.23639059109201455,,,0.012558324366443885,0.002269555475575058,0.008889808662296828,,-0.000571791817820716,
2025-12-14,0.3939001091793106,0.8339897000108966,0.46509227620435645,0.549167175824731,,,0.5605373153048236,,88175.1796875,,0.3694206571426826,0.264617944814372,,,0.00011779721562110712,-0.0009515858138521849,0.001766097049105353,,0.028227353722357462,
2025-12-15,0.3876529278882217,0.8536127809920693,0.4769545902161969,0.5627658105189116,,,0.5702465274038498,16.5,86419.78125,56.81999969482422,0.37031621287644595,0.27717767444404984,,,0.009709212099026199,0.011862314011840458,0.019623080981172714,,0.01255972962967783,
2025-12-16,0.45235444040589906,0.8750491173640921,0.47785010881481316,0.5559338461822546,,,0.5902968781917647,16.479999542236328,87843.984375,55.27000045776367,0.3730353316258759,0.2516718283222076,,,0.02005035078791484,0.0008955185986162517,0.0214363363720228,,-0.025505846121842257,
2025-12-17,0.4448608715883028,0.8792663823651679,0.4803071892047927,0.5582647002562542,,,0.5906747858536294,17.6200008392334,86143.7578125,55.939998626708984,0.3718044508085722,0.2614291748901697,,,0.00037790766186474034,0.002457080389979549,0.004217265001075776,,0.009757346567962122,
2025-12-18,0.43407518045416554,0.8750837143948362,0.4778760347543872,0.541042967942093,,,0.5820194743863705,16.8700008392334,85462.5078125,56.150001525878906,0.37053201268280395,0.24136025040051598,,,-0.008655311467258953,-0.0024311544504054816,-0.004182667970331622,,-0.020068924489653722,
2025-12-19,0.45095249716826763,0.8698495326565868,0.476712296673619,0.528365940303057,,,0.5814700667003826,14.90999984741211,88103.3828125,56.65999984741211,0.38043484444564646,0.32564338876534044,,,-0.0005494076859878794,-0.0011637380807682507,-0.0052341817382494105,,0.08428313836482446,
2025-12-20,0.44604033408576144,0.8548618184986113,0.47534028371112863,0.5514376382528141,,,0.5819200186370789,,88344.0,,0.3456446136071327,0.3271403584293943,,,0.0004499519366962801,-0.0013720129624903432,-0.014987714157975507,,0.001496969664053882,
2025-12-21,0.4643633915384969,0.8601970389306056,0.46155117388960915,0.541042967942093,,,0.5817886430752012,,88621.75,,0.3411567309234118,0.2938867230618862,,,-0.00013137556187770016,-0.013789109821519485,0.005335220431994303,,-0.03325363536750814,
2025-12-22,0.44900516326695217,0.8627689507923759,0.47311550314457473,0.541042967942093,,,0.5814831462864989,14.079999923706055,88490.015625,58.0099983215332,0.34070421240565774,0.2574286214766467,,,-0.00030549678870228636,0.011564329254965589,0.002571911861770304,,-0.03645810158523949,
2025-12-23,0.42685155035951516,0.8647941194254624,0.4758885073350997,0.541042967942093,,,0.5771442862655425,14.0,87414.0,58.380001068115234,0.3353152186957705,0.25407143814412336,,,-0.004338860020956403,0.0027730041905249525,0.0020251686330864382,,-0.003357183332523328,
2025-12-24,0.47058690120730035,0.852939714649482,0.4746275156875531,0.541042967942093,,,0.5847992748716071,13.470000267028809,87611.9609375,58.349998474121094,0.33172715409528303,0.2171496903690885,,,0.007654988606064617,-0.001260991647546561,-0.01185440477598032,,-0.036921747775034874,
2025-12-25,0.46843073021878057,0.8569496431756027,0.4040836240352562,0.5372488372515978,,,0.5666782086703094,,87234.7421875,,0.33052754382132743,0.21088938053122464,,,-0.01812106620129772,-0.07054389165229691,0.0040099285261206985,,-0.006260309837863853,
2025-12-26,0.46583681348764294,0.8571759078261959,0.4193578081239682,0.5371275760830605,,,0.5698745263802169,13.600000381469727,87301.4296875,56.7400016784668,0.31270719452862233,0.08732335370081057,,,0.0031963177099074702,0.015274184088712006,0.00022626465059316647,,-0.12356602683041407,
2025-12-27,0.451387154619322,0.8544706755101843,0.4473323348618941,0.5377238551615044,,,0.5727285050382263,,87802.15625,,0.3120772655849092,0.09466434068042229,,,0.002853978658009404,0.027974526737925887,-0.0027052323160116076,,0.007340986979611719,
2025-12-28,0.4721971800552466,0.8461832731682281,0.47205148353434967,0.5207115407619566,,,0.5777858693799452,,87835.8359375,,0.31200443066347927,0.0911300176512067,,,0.005057364341718995,0.02471914867245556,-0.00828740234195624,,-0.003534323029215594,
2025-12-29,0.4551365259066892,0.8432999005117667,0.4594396460519355,0.5245127552057557,,,0.5705972069190367,14.199999809265137,87138.140625,58.08000183105469,0.3126258472059723,0.09968416313911346,,,-0.007188662460908546,-0.012611837482414179,-0.002883372656461325,,0.00855414548790677,
2025-12-30,0.475076857886277,0.8553807233860001,0.47292108448337644,0.5360367493324064,,,0.584853853772015,14.329999923706055,88430.1328125,57.95000076293945,0.3158490122916885,0.11562539760362442,,,0.014256646852978339,0.01348143843144095,0.012080822874233399,,0.015941234464510956,
2025-12-31,0.4409721407027991,0.8483905348105412,0.47333433903082495,0.49665739444160484,,,0.5648386022464424,14.949999809265137,87508.828125,57.41999816894531,0.28693319573740844,0.1362139128456871,,,-0.020015251525572597,0.000413254547448505,-0.0069901885754589665,,0.020588515242062677,
2026-01-01,0.4028094214598189,0.8199148922296795,0.4342949416732351,0.4567183078868866,,,0.528434390812405,,88731.984375,,0.23654925881552435,0.15535545274307283,,,-0.03640421143403749,-0.03903939735758982,-0.02847564258086166,,0.019141539897385734,
2026-01-02,0.4919369672575673,0.8046843954169355,0.42001726628068153,0.43821226219127674,,,0.5387127227866153,14.510000228881836,89944.6953125,57.31999969482422,0.22920959529818413,0.16807557452710306,,,0.010278331974210353,-0.01427767539255359,-0.015230496812744021,,0.01272012178403023,
2026-01-03,0.4566262394360752,0.7822773654761622,0.4349401017240394,0.4548091786109697,,,0.5321632213118116,,90603.1875,,0.2267637840368528,0.16891313413615797,,,-0.0065495014748037095,0.014922835443357874,-0.02240702994077326,,0.0008375596090549053,
2026-01-04,0.6003127119602454,0.7923676759017502,0.4080727876874093,0.4714739902831014,,,0.5680567914581266,,91413.4921875,,0.20987323185058024,0.16795458972808366,,,0.035893570146315,-0.02686731403663012,0.010090310425587945,,-0.0009585444080743022,
2026-01-05,0.6601661140291498,0.8003284788331521,0.49561498234642515,0.4721809698552638,,,0.6070726362659977,14.899999618530273,93882.5546875,58.31999969482422,0.22274566963524287,0.17772869030604174,,,0.039015844807871125,0.08754219465901586,0.007960802931401889,,0.009774100577958078,
2026-01-06,0.5805783920736879,0.8337149131550382,0.4958442753984931,0.4909291357209295,,,0.6002666790870371,14.75,93729.03125,57.130001068115234,0.22048360737478834,0.18875350613427014,,,-0.006805957178960598,0.00022929305206792483,0.03338643432188615,,0.011024815828228396,
2026-01-07,0.5779343496668855,0.840206649917299,0.4373543068712359,0.5002365743829587,,,0.5889329702095948,15.380000114440918,91308.0546875,55.9900016784668,0.23423787010299943,0.2631847881198337,,,-0.011333708877442339,-0.058489968527257186,0.00649173676226078,,0.07443128198556356,
2026-01-08,0.6185650259050791,0.8419306289499352,0.4259096529832073,0.34659291061294295,,,0.5582495546127911,15.449999809265137,91027.125,57.7599983215332,0.2247611613347733,0.261719292849063,,,-0.030683415596803654,-0.011444653888028566,0.0017239790326362137,,-0.0014654952707707225,
2026-01-09,0.6607815466402439,0.8319182608934684,0.4381091532537569,0.37223496912487536,,,0.5757609824780862,14.489999771118164,90513.1015625,59.119998931884766,0.22439681863677013,0.25647482830807306,,,0.017511427865295026,0.012199500270549557,-0.01001236805646677,,-0.005244464540989924,
2026-01-10,0.6511353657473156,0.8320950714456081,0.4728910755907585,0.43832596287354164,,,0.598611868914306,,90386.6484375,,0.2237144134237535,0.2526468531354665,,,0.022850886436219797,0.034781922337001614,0.00017681055213969454,,-0.003827975172606579,
2026-01-11,0.5768835592716605,0.833275164703002,0.4590744674612677,0.4255819118568349,,,0.5737037758231913,,90827.4609375,,0.2125420751024492,0.24755027683139771,,,-0.024908093091114636,-0.013816608129490815,0.0011800932573938772,,-0.005096576304068762,
2026-01-12,0.580875058239936,0.8180521605900556,0.45240505224079736,0.43327333661848577,,,0.5711514019223187,15.119999885559082,91192.9921875,59.5,0.21282924395895217,0.1652421108476828,,,-0.0025523739008725954,-0.0066694152204703205,-0.015223004112946414,,-0.0823081659837149,
2026-01-13,0.5696710485912599,0.8162245319909333,0.44025157387797814,0.41571649036464137,,,0.5604659112062031,15.979999542236328,95321.78125,61.150001525878906,0.23597069963862263,0.3360197332430074,,,-0.010685490716115575,-0.012153478362819214,-0.0018276285991223329,,0.17077762239532457,
2026-01-14,0.5458845779384739,0.8066434261025934,0.45319637044493666,0.41621469993254034,,,0.5554847686046361,16.75,96929.328125,62.02000045776367,0.22922229592680504,0.2760108398257729,,,-0.004981142601567012,0.012944796566958516,-0.009581105888339825,,-0.06000889341723448,
2026-01-15,0.555552567047254,0.813607061135599,0.4468817832431464,0.4357155269881458,,,0.5629392346035363,15.84000015258789,95551.1875,59.189998626708984,0.23188247882049712,0.3028120514877441,,,0.007454465998900206,-0.006314587201790234,0.006963635033005566,,0.02680121166197119,
2026-01-16,0.5562122391631417,0.8290305144133256,0.44154619676852275,0.43984771113616145,,,0.5666591653702879,15.859999656677246,95525.1171875,59.439998626708984,0.22227049094534762,0.29502500979040863,,,0.003719930766751589,-0.005335586474623677,0.015423453277726651,,-0.007787041697335462,
2026-01-17,0.5545837481795667,0.8253926414577544,0.4631087049952688,0.4409962148983155,,,0.5710203273827263,,95099.921875,,0.22094681183814846,0.2995299464952382,,,0.004361162012438413,0.021562508226746047,-0.003637872955571275,,0.004504936704829543,
2026-01-18,0.5780789215693583,0.8254051898921255,0.43415772185202967,0.43834727091527664,,,0.5689972760571975,,93634.4296875,,0.21236355892872016,0.32984616408057826,,,-0.002023051325528824,-0.02895098314323913,1.2548434371151274e-05,,0.03031621758534009,
2026-01-19,0.6029470853122838,0.8422399793034433,0.4333902876361918,0.4461851641708966,,,0.581190629105704,,92553.59375,,0.21598884236613222,0.343547400349097,,,0.012193353048506439,-0.0007674342158378589,0.016834789411317774,,0.013701236268518713,
2026-01-20,0.6029470853122838,0.774619882790942,0.4340819967205934,0.4477544293018738,,,0.5648508485314232,20.09000015258789,88310.90625,60.34000015258789,0.2575330101040536,0.3073301845379974,,,-0.01633978057428076,0.0006917090844015816,-0.06762009651250134,,-0.0362172158110996,
2026-01-21,0.6016980222541123,0.7716731968623572,0.39314455735974907,0.430142220219141,,,0.5491644991738399,16.899999618530273,89376.9609375,60.619998931884766,0.2598652681441316,0.29032285223596477,,,-0.015686349357583285,-0.04093743936084432,-0.0029466859285847136,,-0.017007332302032607,
2026-01-22,0.6135222807378456,0.7308765184508216,0.38123392609894946,0.44983984171757574,,,0.543868141751298,15.640000343322754,89462.453125,59.36000061035156,0.25711991518052163,0.2986354966573808,,,-0.005296357422541864,-0.011910631260799609,-0.04079667841153567,,0.008312644421416049,
2026-01-23,0.48950463070448064,0.7114383406219956,0.39349511040371604,0.4566144147104519,,,0.5127631241101611,16.09000015258789,89503.875,61.06999969482422,0.25708219158408346,0.2996116419955896,,,-0.031105017641136934,0.012261184304766581,-0.019438177828825953,,0.0009761453382087781,
2026-01-24,0.5310093165044784,0.7161021279768078,0.41838004488832925,0.46138779340165886,,,0.5317198206928186,,89110.734375,,0.2570971425643919,0.2996518471690518,,,0.01895669658265753,0.024884934484613208,0.00466378735481221,,4.0205173462204424e-05,
2026-01-25,0.5287561727545093,0.716144066662467,0.4207995302473727,0.4640808977787989,,,0.532445166860787,,86572.21875,,0.2710400834960826,0.32129861877094124,,,0.000725346167968377,0.0024194853590434606,4.19386856591597e-05,,0.021646771601889436,
2026-01-26,0.5272486895164101,0.7148320595486162,0.44291816264267236,0.4676062610754417,,,0.538151293195785,16.149999618530273,88267.140625,60.630001068115234,0.27650949723058893,0.369818680703594,,,0.005706126334998007,0.022118632395299653,-0.0013120071138508216,,0.04852006193265279,
2026-01-27,0.6016980222541123,0.7041472944888753,0.43245417655421936,0.4681692807117029,,,0.5516171935022275,16.350000381469727,89102.5703125,62.38999938964844,0.2778057826591084,0.24703812365308184,,,0.013465900306442458,-0.010463986088453003,-0.01068476505974092,,-0.12278055705051219,
2026-01-28,0.6025179845475309,0.7079429522879297,0.4461803120349143,0.4701422880976846,,,0.5566958842420149,16.350000381469727,89184.5703125,63.209999084472656,0.27664789125546674,0.23551237017915716,,,0.005078690739787395,0.013726135480694956,0.0037956577990544416,,-0.011525753473924677,
2026-01-29,0.567115680242557,0.7204783935572393,0.43885236632646796,0.47519545585716033,,,0.5504104739958562,16.8799991607666,84561.5859375,65.41999816894531,0.31440073093755017,0.3942158225968022,,,-0.006285410246158696,-0.0073279457084463595,0.01253544126930961,,0.15870345241764505,
2026-01-30,0.6360819753920165,0.7254207123058257,0.45612645155806786,0.4744401538738439,,,0.5730173232824385,17.440000534057617,84128.65625,65.20999908447266,0.3134545483105865,0.39055431937524127,,,0.022606849286582298,0.0172740852315999,0.004942318748586416,,-0.0036615032215609467,
2026-01-31,0.6469249256182594,0.7099096795431009,0.45597287906267764,0.4877358393739402,,,0.5751358308994945,,78621.1171875,,0.36417696052860643,0.5226491859682573,,,0.002118507617056009,-0.00015357249539021955,-0.015511032762724808,,0.132094866593016,
2026-02-01,0.6235280579688419,0.6932647592632528,0.4552872356352255,0.4713485209263102,,,0.5608571434484076,,76974.4453125,,0.36350026148758285,0.5178446930895266,,,-0.014278687451086847,-0.0006856434274521428,-0.016644920279848097,,-0.004804492878730637,
2026-02-02,0.6335723594358128,0.6887542249721121,0.4586671205658888,0.4831656470752613,,,0.5660398380122688,16.34000015258789,78688.765625,62.13999938964844,0.370340830606688,0.5257658553417607,,,0.005182694563861112,0.003379884930663324,-0.004510534291140678,,0.007921162252234049,
2026-02-03,0.5844229735508921,0.6984685799462175,0.4571480609327152,0.4957672589698516,,,0.5589517183499191,18.0,75633.546875,63.209999084472656,0.3813757233954819,0.5065352656648691,,,-0.007088119662349679,-0.001519059633173614,0.009714354974105333,,-0.01923058967689162,
2026-02-04,0.5604275392028845,0.6995168716213752,0.4506054010271533,0.4805894718511109,,,0.547784820925631,18.639999389648438,73019.703125,65.13999938964844,0.37700188772324356,0.4792728486677968,,,-0.011166897424288114,-0.0065426599055619095,0.001048291675157742,,-0.02726241699707227,
2026-02-05,0.6054325312024424,0.673116943871474,0.4571091384491821,0.4913136172931004,,,0.5567430577040497,21.770000457763672,62702.09765625,63.290000915527344,0.5614617194065623,0.8880242770559734,,,0.008958236778418782,0.00650373742202881,-0.026399927749901186,,0.40875142838817663,
2026-02-06,0.6062150689789699,0.6584421624857768,0.45218915752804717,0.4967492815554864,,,0.55339891763707,20.3700008392334,70555.390625,63.54999923706055,0.6766427276704133,1.3127388093911412,,,-0.003344140066979695,-0.004919980921134937,-0.014674781385697222,,0.42471453233516776,
2026-02-07,0.6180657723092287,0.6828973653699311,0.45232881193200725,0.49612365456008894,,,0.562353901042814,,69281.96875,,0.6769925341021413,1.2784681046947286,,,0.008954983405743966,0.00013965440396007667,0.02445520288415426,,-0.03427070469641258,
2026-02-08,0.6072308333992896,0.6837337531842775,0.4468230572363485,0.46524950412079,,,0.5507592869851765,,70264.7265625,,0.6802750416415073,1.292297720073168,,,-0.011594614057637509,-0.005505754695658727,0.0008363878143464731,,0.013829615378439408,
2026-02-09,0.606912829815212,0.6808624068633856,0.47570125228380383,0.47731196510103246,,,0.5601971135158584,17.360000610351562,70120.78125,64.36000061035156,0.6802189535306846,1.2727931073688066,,,0.009437826530681925,0.028878195047455313,-0.002871346320891921,,-0.019504612704361435,
2026-02-10,0.597185045253784,0.5578941844046396,0.4491178908615948,0.450797360871512,,,0.5137486203478826,17.790000915527344,68793.9609375,63.959999084472656,0.6796850574336618,1.2630517617671628,,,-0.046448493167975835,-0.026583361422209018,-0.12296822245874606,,-0.009741345601643747,
2026-02-11,0.5946875360781547,0.6501416050150951,0.4848979887946225,0.4901806149553392,,,0.5549769362108029,17.649999618530273,66991.96875,64.62999725341797,0.680267953303054,1.2578966493959338,,,0.041228315862920306,0.035780097933027666,0.09224742061045554,,-0.005155112371229009,
2026-02-12,0.5955034549696541,0.6274199177012857,0.4690329110874288,0.4972152460579175,,,0.5472928824540715,20.81999969482422,66221.84375,62.84000015258789,0.660308840551078,0.7999481854784674,,,-0.007684053756731424,-0.015865077707193698,-0.022721687313809413,,-0.45794846391746646,
2026-02-13,0.5951649807284997,0.659865616003126,0.4678279895713095,0.4897711303957796,,,0.5531574291746787,20.600000381469727,68857.84375,62.88999938964844,0.6718487725048647,0.3652514931926187,,,0.005864546720607211,-0.0012049215161192839,0.0324456983018403,,-0.4346966922858487,
2026-02-14,0.5593191022960451,0.6597102182228447,0.43661858382868035,0.4888095290206367,,,0.5361143583420518,,69767.625,,0.6755105590953785,0.3605248567883664,,,-0.017043070832626905,-0.031209405742629148,-0.0001553977802812856,,-0.004726636404252305,
2026-02-15,0.5610313278029512,0.5241299771347027,0.4363099996719943,0.45012818609383065,,,0.4928998726758697,,68788.1875,,0.6748844613339197,0.35724956888538784,,,-0.04321448566618208,-0.00030858415668605366,-0.13558024108814204,,-0.003275287902978541,
2026-02-16,0.572500203361308,0.6558543780908898,0.441172241500071,0.47283663768846507,,,0.5355908651601835,,68843.15625,,0.6754954966709232,0.35798731011755475,,,0.042690992484313794,0.004862241828076708,0.1317244009561871,,0.0007377412321669108,
2026-02-17,0.5610313278029512,0.5294457905267661,0.43798391222108307,0.4440218076352734,,,0.49312070954651843,20.290000915527344,67494.21875,62.33000183105469,0.6758689590697585,0.3593337797818087,,,-0.04247015561366507,-0.0031883292789879336,-0.12640858756412365,,0.0013464696642539464,
2026-02-18,0.597185045253784,0.48855507379055624,0.4473733013446498,0.44469429536964244,,,0.4944519289396581,19.6200008392334,66425.3203125,65.19000244140625,0.6760258013333221,0.3346388063910948,,,0.001331219393139682,0.009389389123566738,-0.040890716736209864,,-0.024694973390713915,
2026-02-19,0.6720283785762758,0.5280019075856593,0.4773902303733126,0.44162120864049925,,,0.5297604312939368,20.229999542236328,66957.5234375,66.43000030517578,0.6694087316964002,0.3297627243069978,,,0.03530850235427868,0.030016929028662764,0.03944683379510311,,-0.004876082084096955,
2026-02-20,0.6914913232290842,0.6117304430232008,0.47309542609797406,0.4679483958514561,,,0.5610663970504288,19.09000015258789,68005.421875,66.38999938964844,0.6704586361632536,0.23383841997518237,,,0.03130596575649203,-0.004294804275338515,0.08372853543754144,,-0.09592430433181545,
2026-02-21,0.6933004869431962,0.6207853570434337,0.4709301821398628,0.4689906377460955,,,0.5635016659681471,,68003.765625,,0.670336745852422,0.21081023332690513,,,0.0024352689177182807,-0.0021652439581112404,0.009054914020232951,,-0.023028186648277243,
2026-02-22,0.6817765032117555,0.6030855491398132,0.3958487005545985,0.4653711334263635,,,0.5365204715831327,,67659.390625,,0.6698390964223128,0.19854492745207755,,,-0.02698119438501445,-0.07508148158526434,-0.01769980790362058,,-0.012265305874827576,
2026-02-23,0.6906495819202723,0.596896729932298,0.39516234105548864,0.4665525081344472,,,0.5373152902606265,21.010000228881836,64616.73828125,66.30999755859375,0.6779877201854271,0.32537970238822406,,,0.0007948186774938693,-0.0006863594991098343,-0.006188819207515128,,0.1268347749361465,
2026-02-24,0.6906495819202723,0.5932243067730827,0.35912516604947403,0.4661421538537695,,,0.5272853021491496,19.549999237060547,64080.04296875,65.62999725341797,0.6758102497247265,0.3166451127065053,,,-0.010029988111476928,-0.03603717500601461,-0.0036724231592153433,,-0.008734589681718752,
2026-02-25,0.7099369302575241,0.632176295882339,0.38642479923146733,0.4636996751619002,,,0.5480594251333076,17.93000030517578,67960.125,65.41999816894531,0.6999297392233529,0.49774637242238184,,,0.02077412298415804,0.0272996331819933,0.038951989109256346,,0.18110125971587654,
2026-02-26,0.6520568621208404,0.6335489531434355,0.4113171165637456,0.4585947348867438,,,0.5388794166786913,18.6299991607666,67453.7734375,65.20999908447266,0.6978354476071562,0.5002294002799799,,,-0.009180008454616306,0.024892317332278258,0.0013726572610964771,,0.002483027857598019,
2026-02-27,0.7286640568224176,0.6132421989119339,0.41922545114842885,0.45319378922173587,,,0.5535813740261291,19.860000610351562,65881.796875,67.0199966430664,0.6983367385986802,0.5076836962808415,,,0.014701957347437733,0.007908334584683263,-0.020306754231501634,,0.007454296000861671,
2026-02-28,0.8341980958607491,0.5315967250360363,0.41184488115111895,0.42925429968773443,,,0.5517235004339097,,66995.859375,,0.6901877378686906,0.5236923608254945,,,-0.001857873592219339,-0.007380569997309905,-0.0816454738758976,,0.016008664544652995,
2026-03-01,0.7091800815209943,0.47237253118249306,0.35870110043440107,0.4406599136552937,,,0.4952284066982956,,65738.1015625,,0.6908921231923754,0.5334936154286463,,,-0.05649509373561412,-0.05314378071671788,-0.05922419385354322,,0.009801254603151732,
2026-03-02,0.7691387420687622,0.48270909621013575,0.3374486071877834,0.4469420962739125,,,0.5090596354351484,21.440000534057617,68775.8515625,71.2300033569336,0.6838633420669679,0.5128700405912826,,,0.01383122873685283,-0.021252493246617654,0.010336565027642686,,-0.020623574837363656,
2026-03-03,0.9010058454066512,0.5923573863024626,0.46326280625507876,0.4624704751426832,,,0.604774128276719,23.56999969482422,68293.6484375,74.55999755859375,0.6820874908563478,0.5110835541020896,,,0.09571449284157052,0.12581419906729535,0.10964829009232685,,-0.0017864864891929955,
2026-03-04,0.8162233810275722,0.6476829163352319,0.432518453551956,0.4670966799010262,,,0.5908803577039465,21.149999618530273,72710.578125,74.66000366210938,0.7053333239952964,0.5272116769814731,,,-0.013893770572772413,-0.030744352703122757,0.0553255300327693,,0.016128122879383477,
2026-03-05,0.8341350277042873,0.625199223391162,0.4352012993488799,0.4610026248050932,,,0.5888845438123556,23.75,70841.125,81.01000213623047,0.7002361917493182,0.563102737952605,,,-0.0019958138915909807,0.002682845796923905,-0.022483692944069933,,0.03589106097113193,
2026-03-06,0.844439813960926,0.6281841539321422,0.4596324473623337,0.4647124958483127,,,0.5992422277759287,29.489999771118164,68136.4921875,90.9000015258789,0.7018566148275441,0.6041388213455651,,,0.010357683963573172,0.024431148013453807,0.0029849305409802573,,0.041036083392960054,
2026-03-07,0.8776706588246489,0.6139162530789017,0.44885990348434396,0.4621877104079676,,,0.6006586314489656,,67272.59375,,0.5406673900165447,0.6055612959803028,,,0.001416403673036859,-0.01077254387798976,-0.014267900853240478,,0.0014224746347377693,
2026-03-08,0.9083925612385827,0.6104085202638603,0.4938188339337584,0.45510679843423946,,,0.6169316784676102,,65969.78125,,0.4180538489048791,0.6063902120130786,,,0.016273047018644626,0.04495893044941446,-0.0035077328150414644,,0.000828916032775795,
2026-03-09,0.8340069913086883,0.6156778853401697,0.44851751046811683,0.4492704308681046,,,0.5868682044962699,25.5,68402.3828125,94.7699966430664,0.42958274916315176,0.5804894938429463,,,-0.03006347397134035,-0.045301323465641585,0.0052693650763093736,,-0.025900718170132286,
2026-03-10,0.8570451384283785,0.6176055193066847,0.46294988265734205,0.4454228108146124,,,0.5957558378017545,24.93000030517578,69926.921875,83.44999694824219,0.4325276845958966,0.5933995631380407,,,0.008887633305484588,0.014432372189225218,0.0019276339665150743,,0.012910069295094306,
2026-03-11,0.8534308472934906,0.5131923867983413,0.47132781405275864,0.4547317931419228,,,0.5731707103216284,24.229999542236328,70204.8828125,87.25,0.43265081153046836,0.42871857857358525,,,-0.022585127480126088,0.008377931395416593,-0.10441313250834339,,-0.1646809845644554,
2026-03-12,0.9254693198136527,0.5478446545822925,0.5365634114767401,0.4081464181194969,,,0.6045059509980455,27.290000915527344,70493.4609375,95.7300033569336,0.4289402166550246,0.40403589769315257,,,0.03133524067641713,0.0652355974239815,0.03465226778395114,,-0.024682680880432684,
2026-03-13,0.948746585305985,0.5006683418806355,0.5347495442654917,0.4645794126333999,,,0.612185971021378,27.190000534057617,70968.265625,98.70999908447266,0.42127016099689973,0.3028067098963069,,,0.007680020023332457,-0.0018138672112484322,-0.04717631270165701,,-0.10122918779684564,
2026-03-14,0.9546283213169673,0.4994737416334481,0.5569501195349916,0.4759587013430265,,,0.6217527209571084,,71214.625,,0.41933734516815496,0.27540879209885166,,,0.009566749935730479,0.022200575269499923,-0.0011946002471873718,,-0.027397917797455262,
2026-03-15,0.95819386669782,0.4885430149205957,0.6317071127067359,0.5495530148980747,,,0.6569992523058066,,72789.9140625,,0.4091464235838283,0.20316709245536665,,,0.03524653134869815,0.07475699317174422,-0.01093072671285239,,-0.07224169964348501,
2026-03-16,0.9705194124012952,0.6328346907628425,0.5736367921315899,0.48094975557087283,,,0.66448516271665,23.510000228881836,74861.0859375,93.5,0.41496879501821143,0.16880324955819082,,,0.007485910410843455,-0.05807032057514594,0.14429167584224678,,-0.03436384289717584,
2026-03-17,0.9680078514057129,0.6277625512411187,0.6011339783373739,0.525304863716642,,,0.6805523111752119,22.3700008392334,73922.4765625,96.20999908447266,0.4144668670424359,0.21234985029434894,,,0.01606714845856183,0.027497186205784008,-0.005072139521723806,,0.043546600736158125,
2026-03-18,0.9582867854089402,0.49915353690991365,0.47200033728810165,0.49693537661091347,,,0.6065940090544673,25.09000015258789,71245.578125,96.31999969482422,0.4298361797632565,0.3446686566728926,,,-0.07395830212074461,-0.12913364104927227,-0.12860901433120503,,0.13231880637854365,
2026-03-19,0.945932650782587,0.6143430276049623,0.6223107878083208,0.5381970048076482,,,0.6801958677508796,24.059999465942383,69912.7890625,96.13999938964844,0.4294611658961006,0.36600014213289633,,,0.07360185869641234,0.15031045052021919,0.11518949069504864,,0.02133148546000374,
2026-03-20,0.9568659562517656,0.6143113916349728,0.6522995793877838,0.5435894802663291,,,0.6917666018852129,26.780000686645508,70522.5859375,98.31999969482422,0.42684789550509855,0.36797209113661733,,,0.011570734134333294,0.029988791579462992,-3.163596998945195e-05,,0.0019719490037209964,
2026-03-21,0.9524530046125068,0.6123065075570858,0.6565173634905151,0.5408347651001538,,,0.6905279101900653,,68711.5234375,,0.43401758950242325,0.3948196963581766,,,-0.0012386916951475646,0.004217784102731326,-0.0020048840778870147,,0.026847605221559268,
2026-03-22,0.9452606084345034,0.6061711531939217,0.6947054328594369,0.5349170208472954,,,0.6952635538337895,,67845.2109375,,0.4334359970572115,0.3471699604786915,,,0.004735643643724141,0.03818806936892172,-0.006135354363164147,,-0.04764973587948512,
2026-03-23,0.9658793141034244,0.6077352387094593,0.6393009328951493,0.5311578192264574,,,0.6860183262336226,26.149999618530273,70914.859375,88.12999725341797,0.45207880184649224,0.4263868879896564,,,-0.009245227600166883,-0.055404499964287535,0.001564085515537661,,0.07921692751096493,
2026-03-24,0.9620621910954684,0.6105426021316818,0.6526922819603374,0.527030786373369,,,0.6880819653902142,26.950000762939453,70517.859375,92.3499984741211,0.45214831074053513,0.4250883224359274,,,0.002063639156591579,0.013391349065188018,0.002807363422222431,,-0.0012985655537289809,
2026-03-25,0.9336965462095789,0.6192881196746801,0.6772859140919469,0.5235684349160996,,,0.6884597537230763,25.329999923706055,71309.8828125,90.31999969482422,0.42989161617288796,0.37700817778475804,,,0.0003777883328621723,0.02459363213160959,0.008745517542998349,,-0.04808014465116939,
2026-03-26,0.9510988135139298,0.600428306539719,0.6982108698347497,0.5254740384220412,,,0.6938030070776099,27.440000534057617,68791.625,94.4800033569336,0.44361067063208004,0.42412726080287766,,,0.005343253354533561,0.02092495574280273,-0.0188598131349611,,0.04711908301811962,
2026-03-27,0.9639666375805904,0.5924806957158067,0.4883502348624688,0.5114343714546699,,,0.639057984903384,31.049999237060547,66338.375,99.63999938964844,0.42368197781738914,0.45958890694166876,,,-0.054745022174225944,-0.20986063497228086,-0.007947610823912266,,0.0354616461387911,
2026-03-28,0.9691182654866752,0.4205290028868877,0.3489589100603515,0.5084385810705603,,,0.5617611898761188,,66319.6953125,,0.4232101067140134,0.44464926108814534,,,-0.07729679502726516,-0.1393913248021173,-0.17195169282891903,,-0.01493964585352342,
2026-03-29,0.9071646553007066,0.3931692922800564,0.6009172670805777,0.6185739202930475,,,0.629956283738597,,65954.921875,,0.417878351291061,0.4415540119661911,,,0.06819509386247824,0.2519583570202262,-0.02735971060683129,,-0.0030952491219542466,
2026-03-30,0.9089257395580264,0.3819251147577234,0.3740610610770919,0.4999609161272334,,,0.5412182078800187,30.610000610351562,66691.4453125,102.87999725341797,0.41622697889634697,0.31634663123036966,,,-0.08873807585857829,-0.22685620600348577,-0.011244177522333032,,-0.12520738073582144,
2026-03-31,0.9822185755285935,0.3992769260212585,0.6998064497657918,0.5838209664608621,,,0.6662807294441265,25.25,68233.3125,101.37999725341797,0.41745329488431554,0.3698745830203288,,,0.1250625215641078,0.32574538868869984,0.017351811263535133,,0.053527951789959116,
2026-04-01,0.9806452426716045,0.3955277035590034,0.5544906584507161,0.49324562836128333,,,0.6059773082606518,24.540000915527344,68078.5546875,100.12000274658203,0.39617052917470114,0.35410373419167473,,,-0.06030342118347476,-0.14531579131507566,-0.0037492224622551196,,-0.015770848828654038,
2026-04-02,0.9681204626910589,0.5610717647727795,0.6462196564360937,0.6092106143671313,,,0.6961556245667659,23.8700008392334,66888.5703125,111.54000091552734,0.3989084812150102,0.30387597775675973,,,0.09017831630611417,0.09172899798537759,0.16554406121377613,,-0.050227756434915005,
2026-04-03,0.984569143199708,0.5549465279427266,0.47015489378993003,0.5798824670699497,,,0.6473882580005786,,66931.1015625,,0.3509141437496358,0.20302930828815585,,,-0.0487673665661873,-0.17606476264616366,-0.006125236830052949,,-0.10084666946860388,
2026-04-04,0.9679505356936393,0.6437144121077318,0.715410971682853,0.7168998285940986,,,0.7609939370195806,,67290.515625,,0.34455115557656346,0.20403385825167095,,,0.11360567901900198,0.24525607789292292,0.08876788416500525,,0.0010045499635150945,
2026-04-05,0.9734732844561563,0.5549465279427266,0.14144054254182067,0.6012804671431335,,,0.5677852055209592,,68981.8984375,,0.3341034858238227,0.23541759287013936,,,-0.1932087314986214,-0.5739704291410322,-0.08876788416500525,,0.03138373461846841,
2026-04-06,0.9544949966726275,0.5724021535864532,0.768624178810211,0.5803675473364918,,,0.7189722191014458,24.170000076293945,68859.828125,112.41000366210938,0.3318495029807046,0.23730210684820366,,,0.15118701358048658,0.6271836362683902,0.017455625643726602,,0.0018845139780643005,
2026-04-07,0.8545661179278069,0.5871894300419644,0.11835001140827504,0.5020177228034751,,,0.5155308205453804,25.780000686645508,71940.703125,112.94999694824219,0.3484694140191113,0.3227674156418706,,,-0.20344139855606547,-0.6502741674019359,0.014787276455511256,,0.08546530879366696,
2026-04-08,0.9136872274243891,0.5555900335342444,0.6430696129486818,0.5067179693603251,,,0.6547662108169101,21.040000915527344,71123.359375,94.41000366210938,0.3360136464599424,0.3387565493893075,,,0.13923539027152976,0.5247196015404068,-0.031599396507720034,,0.01598913374743688,
2026-04-09,0.861246596081609,0.6064923477562343,0.11536718058601081,0.4953598063147892,,,0.5196164826846608,19.489999771118164,71767.828125,97.87000274658203,0.3311119521967522,0.2947124148682668,,,-0.13514972813224935,-0.527702432362671,0.050902314221989875,,-0.04404413452104067,
2026-04-10,0.8621404764994808,0.5994476275188806,0.09694460606247315,0.5360049679573623,,,0.5236344195095493,19.229999542236328,72979.046875,96.56999969482422,0.33420481280832665,0.28886660001096265,,,0.004017936824888491,-0.018422574523537655,-0.007044720237353697,,-0.005845814857304177,
2026-04-11,,0.6684078549880309,0.6565984838762328,0.8040675727454475,,,0.7096913038699038,,73054.2734375,,0.33409892320821866,0.29438358248834856,,,0.1860568843603545,0.5596538778137596,0.06896022746915031,,0.005516982477385912,
2026-04-12,0.9001103114260581,0.5871894300419644,0.5680279213230557,0.5722912644470991,,,0.6569047318095443,,70753.40625,,0.34712526465242216,0.37477780112224923,,,-0.052786572060359416,-0.08857056255317708,-0.08121842494606646,,0.08039421863390067,
2026-04-13,0.9295231861792265,,,,,,0.9295231861792265,19.1200008392334,74484.640625,99.08000183105469,0.37783760266733807,0.467034204242951,,,0.27261845436968213,,,,0.09225640312070177,
2026-04-14,0.8713958793344463,0.6062684217115352,0.5635644898562426,0.5724563253681948,,,0.6534212790676047,18.360000610351562,74181.609375,91.27999877929688,0.37312980943627083,0.4119520668593541,,,-0.27610190711162175,,,,-0.05508213738359691,
2026-04-15,0.8800606660390532,0.6178016821684649,0.0905807837291093,0.6531508379502927,,,0.56039849247173,18.170000076293945,74805.078125,91.29000091552734,0.3648258812907704,0.3968942212453906,,,-0.0930227865958747,-0.47298370612713336,0.011533260456929706,,-0.015057845613963505,
2026-04-16,0.8873172562752066,0.34698128810061335,,0.6508619619953584,,,0.6283868354570594,17.940000534057617,75152.1328125,94.69000244140625,0.3630730936062369,0.39692754034875233,,,0.06798834298532941,,-0.2708203940678515,,3.331910336173971e-05,
2026-04-17,0.7728570728846587,0.5072345498467192,0.675090983404044,0.2844929188634327,,,0.5599188812497137,17.479999542236328,77126.875,83.8499984741211,0.3522820908870001,0.4104229182400998,,,-0.06846795420734575,,0.16025326174610588,,0.013495377891347471,
2026-04-18,0.9199534913630798,0.34698128810061335,0.0491979015104235,0.611488530280496,,,0.4819053028136532,,75726.2109375,,0.3519900325787269,0.43943448009245345,,,-0.0780135784360605,-0.6258930818936206,-0.16025326174610588,,0.02901156185235365,
2026-04-19,0.9384543826025638,0.34698128810061335,,0.6739620546087084,,,0.6531325751039618,,73856.3515625,,0.36042162410745476,0.41597245361036,,,0.17122727229030865,,0.0,,-0.023462026482093445,
2026-04-20,0.8873172562752066,0.34698128810061335,,0.6385459584757021,,,0.6242815009505073,18.8700008392334,75872.5234375,89.61000061035156,0.3579058182479917,0.31871296368812174,,,-0.02885107415345456,,0.0,,-0.09725948992223826,
2026-04-21,0.8501014431010593,0.5886621508315335,0.5815581085409437,0.5269129267283583,,,0.6368086573004736,19.5,76352.7734375,92.12999725341797,0.3547505937448073,0.3156007187427897,,,0.012527156349966373,,0.24168086273092015,,-0.003112244945332021,
2026-04-22,0.8734400096925845,0.5924355321341358,0.5725069577449545,0.5191304089135558,,,0.6393782271213078,18.920000076293945,78203.1015625,92.95999908447266,0.3392414321922776,0.33748406352451926,,,0.0025695698208341167,-0.009051150795989171,0.0037733813026022966,,0.02188334478172954,
2026-04-23,0.8928293252985466,0.5899529692084201,0.5631511431310561,0.5182934247675344,,,0.6410567156013892,19.309999465942383,78268.953125,95.8499984741211,0.3382884802817551,0.339054774227109,,,0.0016784884800814526,-0.00935581461389845,-0.0024825629257156923,,0.0015707107025897393,
2026-04-24,0.8793586676441153,0.582543858296723,0.5610297576800207,0.5187267000077155,,,0.6354147459071436,18.709999084472656,77455.3125,94.4000015258789,0.3398156836050372,0.31794482724829365,,,-0.005641969694245574,-0.0021213854510353514,-0.007409110911697159,,-0.021109946978815353,
2026-04-25,0.8963067793844212,0.585586949009522,0.563416799951143,0.5212921996306021,,,0.6416506819939222,,77612.015625,,0.31943950226265955,0.28919003512409386,,,0.006235936086778526,0.002387042271122297,0.003043090712799068,,-0.02875479212419979,
2026-04-26,0.8969094858244608,0.5792027604533992,0.5746203996628626,0.5233267589550062,,,0.6435148512239323,,78657.5390625,,0.2965642903541203,0.2114869282770657,,,0.0018641692300100932,0.01120359971171958,-0.006384188556122772,,-0.07770310684702816,
2026-04-27,0.8948465683418544,0.5713199022181098,0.5841182606236959,0.5287285803055085,,,0.6447533278722921,18.020000457763672,77366.625,96.37000274658203,0.3030803572315077,0.21744149633780674,,,0.0012384766483598542,0.009497860960833271,-0.007882858235289447,,0.0059545680607410445,
2026-04-28,0.8882145667689001,0.5557459600242861,0.6225349887326513,0.5385567785114853,,,0.6512630735093307,17.829999923706055,76350.671875,99.93000030517578,0.3062386118517139,0.2350088113419686,,,0.006509745637038544,0.03841672810895547,-0.015573942193823687,,0.017567315004161865,
2026-04-29,0.8763058859551249,0.5567166042440409,0.6461755020600034,0.5393449512706819,,,0.6546357358824628,18.809999465942383,75776.1328125,106.87999725341797,0.30771328055797037,0.16607524203639418,,,0.0033726623731321625,0.023640513327352064,0.0009706442197547904,,-0.06893356930557443,
2026-04-30,0.8874650368539528,0.5506819861980459,0.6304149640618452,0.5374982552651154,0.985155491878468,,0.7182431468514855,16.889999389648438,76304.3203125,105.06999969482422,0.30277208558008833,0.1779424519445724,,,0.06360741096902267,-0.01576053799815824,-0.006034618045995033,,0.011867209908178217,
2026-05-01,0.8552272758814866,0.5544857965597714,0.6432464000178783,0.5143034194470809,0.7765243724902714,,0.6687574528792977,16.989999771118164,78179.0,101.94000244140625,0.30793214111271255,0.23490033994941528,,,-0.04948569397218783,0.012831435956033088,0.0038038103617255015,-0.20863111938819656,0.05695788800484289,
2026-05-02,0.8436897877259504,0.5318401856887148,0.6548191181360041,0.5141556413325997,0.8641223054148873,,0.6817254076596313,,78657.25,,0.30062954039755885,0.23667267739819656,,,0.012967954780333635,0.01157271811812588,-0.022645610871056543,0.08759793292461593,0.0017723374487812749,
2026-05-03,0.8436897877259504,0.5400924225350211,0.6620142958724605,0.4998457642077017,0.8703571483972321,,0.6831998837476732,,78538.2265625,,0.30099013228414195,0.22282234298850986,,,0.001474476088041854,0.007195177736456393,0.008252236846306271,0.006234842982344779,-0.013850334409686693,
2026-05-04,0.8467179135817211,0.5342868174358433,0.7030471594288966,0.5012167958204118,0.9125136667160966,0.28426918474369767,0.6303419229544446,18.290000915527344,79827.90625,106.41999816894531,0.3026609856668577,0.2083742882135211,,,-0.052857960793228576,0.041032863556436094,-0.005805605099177824,0.04215651831886447,-0.014448054774988756,
2026-05-05,0.82323177657337,0.5468803537616708,0.7035734644177143,0.4968491012053305,0.9149611193340618,0.3052134748252451,0.631784881686232,17.3799991607666,80927.0546875,102.2699966430664,0.2982298983378506,0.17172289746648592,,,0.0014429587317874581,0.0005263049888176718,0.012593536325827492,0.0024474526179651956,-0.03665139074703519,
2026-05-06,0.7102056332965991,0.5452776922097402,0.6527101735258055,0.4956119391996888,0.7890901461717706,0.3933084376290265,0.5977006703387718,17.389999389648438,81427.53125,95.08000183105469,0.29747537956236025,0.13407704433414386,,,-0.0340842113474602,-0.050863290891908775,-0.001602661551930562,-0.12587097316229112,-0.03764585313234206,
2026-05-07,0.7551925994575458,0.5473385565623249,0.6506879020704961,0.49536407626101925,0.8498531044387738,0.46422259163437807,0.6271098050707563,17.079999923706055,80009.9921875,94.80999755859375,0.2817643953458154,0.21553279744067105,,,0.029409134731984476,-0.002022271455309421,0.0020608643525846793,0.060762958267003175,0.0814557531065272,
2026-05-08,0.7104918491136863,0.5394616325724406,0.6349458438854945,0.5060540864159206,0.8441814438428814,0.4347986766445248,0.6116555887458247,17.190000534057617,80186.765625,95.41999816894531,0.2782184312906513,0.1776275946884743,,,-0.015454216324931602,-0.01574205818500163,-0.007876923989884266,-0.005671660595892414,-0.03790520275219675,
2026-05-09,0.7117809540118142,0.5425223400048744,0.6084487509575935,0.5243936207534828,0.8759076181277841,0.39687166816039215,0.6099874920026569,,80664.3671875,,0.2778781560933042,0.17753632399140007,,,-0.0016680967431678129,-0.026497092927900923,0.003060707432433807,0.03172617428490265,-9.127069707423607e-05,
2026-05-10,0.7988552037060168,0.5424670929302408,0.6377884438256283,0.5169526859893107,0.9564753494227219,0.37518465581218063,0.6379539052810165,,82138.9296875,,0.27846005732895873,0.192245446452347,,,0.02796641327835958,0.029339692868034728,-5.5247074633668625e-05,0.08056773129493788,0.014709122460946938,
2026-05-11,0.7733961225690607,0.5272189511265181,0.6347102716147021,0.524306092673926,0.9647753317145917,0.42806962922930625,0.6420793998213508,18.3799991607666,81728.296875,98.06999969482422,0.27955739596113705,0.18869696136026998,,,0.004125494540334285,-0.003078172210926211,-0.015248141803722692,0.00829998229186979,-0.0035484850920770306,
2026-05-12,0.7957447511362987,0.5387303438275393,0.7063702323218035,0.5162554387762451,0.9355776548868404,0.42467809380529953,0.6528927524590045,17.989999771118164,80477.4921875,102.18000030517578,0.2648825272883589,0.20218158243575635,,,0.010813352637653706,0.07165996070710146,0.011511392701021195,-0.029197676827751318,0.01348462107548637,
2026-05-13,0.8056073494770928,0.5380255016710506,0.8809887674995396,0.5302835272065036,0.9246199815997309,0.37149658829239396,0.6751702859577186,17.8700008392334,79277.1171875,101.0199966430664,0.22989485158314427,0.21131646245597585,,,0.022277533498714086,0.17461853517773607,-0.0007048421564886942,-0.010957673287109504,0.009134880020219505,
2026-05-14,0.8079813356361212,0.5400772698385293,0.5331218849908999,0.5219899632701973,0.946175932669192,0.3824966939174397,0.6219738467203965,17.260000228881836,81051.25,101.16999816894531,0.23625826857948695,0.23572998567079606,,,-0.05319643923732209,-0.34786688250863973,0.0020517681674787625,0.021555951069461066,0.02441352321482021,
2026-05-15,0.8117239975317302,0.5313228516893982,0.5479957876722928,0.5227769642740028,0.9674208768797334,0.37518465581218063,0.626070855643223,18.43000030517578,79065.6796875,105.41999816894531,0.24887382674411887,0.2846317670056343,,,0.004097008922826495,0.014873902681392992,-0.008754418149131138,0.02124494421054146,0.048901781334838246,
2026-05-16,0.8286339480707685,0.5340289668950134,0.49358405484165196,0.5269791509597738,0.9706736845159887,0.37518465581218063,0.6215140768492295,,78131.4375,,0.25185451721810065,0.2838136443857984,,,-0.00455677879399341,-0.05441173283064088,0.002706115205615256,0.0032528076362552394,-0.0008181226198358815,
2026-05-17,0.8357747142782967,0.517052672022547,0.48161254237986423,0.5259312941153184,0.9680406969945557,0.37149658829239396,0.6166514180138293,,77429.3515625,,0.24233487423121247,0.2353259756679158,,,-0.004862658835400269,-0.011971512461787737,-0.016976294872466435,-0.002632987521432928,-0.048487668717882626,
2026-05-18,0.8311049582472397,0.4845259018793985,0.4853488142847376,0.5214003399165478,0.9677668406447059,0.3565241109906814,0.6077784943272185,17.81999969482422,76954.171875,108.66000366210938,0.2367829323861102,0.2347263134818403,,,-0.008872923686610745,0.003736271904873356,-0.03252677014314853,-0.00027385634984988805,-0.0005996621860754892,
2026-05-19,0.8607712501649977,0.4874665995359734,0.5620544276556249,0.5314283863511765,0.978063372082811,0.3372900666170139,0.6261790170679329,18.059999465942383,76750.90625,107.7699966430664,0.2243697133190627,0.2316239816193985,,,0.018400522740714353,0.07670561337088727,0.0029406976565748977,0.010296531438105161,-0.0031023318624417984,
2026-05-20,0.8272319964901624,0.4806293591345812,0.5878681413070277,0.5329506459822861,0.9513750436242393,0.3133916126646087,0.6155744665338175,17.440000534057617,77457.7734375,98.26000213623047,0.21230440758534258,0.24072358775919153,,,-0.010604550534115353,0.025813713651402836,-0.006837240401392164,-0.02668832845857172,0.00909960613979302,
2026-05-21,0.7905384223989367,0.4786500733227302,0.5885821999074026,0.5332895541960919,0.9333299207556406,0.30108264540606877,0.6042454693311451,16.760000228881836,77539.171875,96.3499984741211,0.21164068237222955,0.1699447190340463,,,-0.011328997202672442,0.0007140586003748783,-0.001979285811851028,-0.018045122868598718,-0.07077886872514524,
2026-05-22,0.8375604189388793,0.4756366260718814,0.6077917040674972,0.53734274507692,0.963333709317739,0.2969233239117304,0.6197647545641078,16.700000762939453,75488.2421875,96.5999984741211,0.21391808458500597,0.17926226272688536,,,0.015519285232962754,0.019209504160094593,-0.0030134472508487886,0.0300037885620984,0.009317543692839075,
2026-05-23,0.6356078516589916,0.4733513198305204,0.6086250589391383,0.5377994463495052,0.85964477568098,0.2927349982163666,0.5679605751125837,,76673.3671875,,0.21932198227704566,0.21708661055530393,,,-0.05180417945152416,0.0008333548716411565,-0.0022853062413609737,-0.10368893363675902,0.037824347828418564,
2026-05-24,0.6760304369764513,0.49352175733622594,0.6190902263825105,0.5311721328839565,0.8967530047959317,0.2969233239117304,0.5855818137144677,,76981.125,,0.21772602458634532,0.21518700754646605,,,0.017621238601884026,0.010465167443372225,0.02017043750570552,0.03710822911495171,-0.0018996030088378746,
2026-05-25,0.656765355239926,0.48798480189402854,0.616370856414951,0.5230993674888788,0.8991722654748846,0.2969233239117304,0.5800526617373999,16.59000015258789,77279.9296875,,0.21795673350288447,0.21316516020435716,,,-0.0055291519770678255,-0.002719369967559504,-0.0055369554421974,0.002419260678952928,-0.00202184734210889,
2026-05-26,0.6486537501616191,0.4852584359452942,0.5884747865972544,0.5305462926947159,0.8994180090725651,0.30108264540606877,0.5755723199795862,17.010000228881836,75825.734375,93.88999938964844,0.2206828861383217,0.24398088478684035,,,-0.004480341757813644,-0.027896069817696656,-0.0027263659487343217,0.00024574359768048115,0.03081572458248319,
2026-05-27,0.7015096183105786,0.4875046489134205,0.5509114059901741,0.5289807949401982,0.8440849960437872,0.3133916126646087,0.5710638461437946,16.290000915527344,74344.703125,88.68000030517578,0.2227824526254602,0.25124636533413075,,,-0.004508473835791671,-0.03756338060708031,0.002246212968126271,-0.05533301302877791,0.007265480547290398,
2026-05-28,0.6483721802259712,0.48479197591975215,0.5199879773306374,0.5329180038942958,0.8466995447177913,0.3411847070084425,0.5623257315161484,15.739999771118164,73536.5546875,88.9000015258789,0.22181757629794366,0.2476639608650127,,,-0.008738114627646176,-0.030923428659536678,-0.0027126729936683414,0.0026145486740041246,-0.003582404469118061,
2026-05-29,0.6488933741961727,0.48077860591496735,0.5369547029724595,0.5356040603102703,0.836360885938006,0.3411847070084425,0.5632960560567197,15.319999694824219,73372.5234375,87.36000061035156,0.22103875759454608,0.20825999510932727,,,0.0009703245405713323,0.01696672564182211,-0.0040133700047848,-0.010338658779785348,-0.039403965755685416,
2026-05-30,0.6556725307984609,0.4789149839518867,0.5206609020761072,0.5334411827045923,0.8329832360682852,0.32545690016669937,0.5578549559610052,,73754.8359375,,0.22054480910419996,0.17357233143767367,,,-0.005441100095714524,-0.01629380089635235,-0.0018636219630806528,-0.003377649869720778,-0.0346876636716536,
2026-05-31,0.6356948515589829,0.48349939680215803,0.5409061536860019,0.5395298149755108,0.8223804534939387,0.3052134748252451,0.5545373575569729,,73579.6875,,0.20697745400228326,0.16270710298812083,,,-0.0033175984040323403,0.020245251609894765,0.0045844128502713355,-0.010602782574346437,-0.010865228449552844,
2026-06-01,0.6759376421317573,0.46081802330234367,0.5172748641794628,0.5243500203282643,0.8144398801045155,0.3052134748252451,0.5496723174785981,16.049999237060547,71319.7734375,92.16000366210938,0.2219459379944181,0.20079469270079273,,,-0.004865040078374738,-0.023631289506539144,-0.02268137349981436,-0.007940573389423222,0.0380875897126719,
2026-06-02,0.6977001182403596,0.46323616035102994,0.5061198374508595,0.5207390537528265,0.8681980118411731,0.34698128810061335,0.5671624116228102,15.770000457763672,66703.65625,93.76000213623047,0.2884418624540274,0.39152084340310916,,,0.0174900941442121,-0.011155026728603246,0.002418137048686264,0.053758131736657555,0.19072615070231644,
2026-06-03,0.7017891229585139,0.45799523284282867,0.5511077399195182,0.5234149680118749,0.7971577673054786,0.3527244535880984,0.5640315474377188,16.059999465942383,64014.3671875,96.0199966430664,0.29869549831591563,0.41516494878643245,,,-0.003130864185091453,0.04498790246865869,-0.005240927508201265,-0.07104024453569446,0.02364410538332329,
2026-06-04,0.6982741874247623,0.4623790851459545,0.5471076130260528,0.5206741700121561,0.7576177121345464,0.32942654314783193,0.5525798851485507,15.399999618530273,63801.57421875,93.04000091552734,0.29228717808467,0.4255676762155896,,,-0.011451662289168052,-0.0040001268934654055,0.004383852303125824,-0.039540055170932176,0.010402727429157155,
2026-06-05,0.6950261213900374,0.452944755080361,0.5659254722306946,0.5239757644133598,0.7639957481397769,0.32942654314783193,0.5552157340670102,21.510000228881836,60922.66796875,90.54000091552734,0.3092319769435758,0.42892772188447087,,,0.0026358489184594713,0.01881785920464174,-0.009434330065593521,0.0063780360052304585,0.003360045668881262,
2026-06-06,0.6815141187303253,0.44642581603982684,0.5512587943649352,0.5247786356975067,0.7388789909601552,0.32146147510216194,0.5440529718158185,,60867.4140625,,0.3093059406090042,0.4111382495470179,,,-0.011162762251191727,-0.01466667786575937,-0.006518939040534133,-0.025116757179621696,-0.017789472337452983,
2026-06-07,0.6983827763832655,0.45223909522988237,0.4909776179822756,0.5229348155038581,0.7442244931986164,0.3174398550457304,0.5376997755572713,,63239.51953125,,0.3371348743280107,0.5602487048976117,,,-0.0063531962585471335,-0.06028117638265956,0.005813279190055531,0.005345502238461197,0.1491104553505938,
2026-06-08,0.7229404114425174,0.5401987878963945,0.5496387288073195,0.524939823604547,0.7261959875904529,0.30726835986075973,0.5618636832003318,18.920000076293945,63090.58984375,91.30000305175781,0.3350235005411265,0.5662648792856415,,,0.024163907643060423,0.05866111082504383,0.08795969266651216,-0.018028505608163492,0.006016174388029816,
2026-06-09,0.7175541505514005,0.5306284223705372,0.5553990988662671,0.524111226606548,0.7359747268464732,0.3052134748252451,0.561480183344412,19.8700008392334,61643.78125,88.19999694824219,0.3281621915009345,0.4561307592209921,,,-0.00038349985591978886,0.005760370058947695,-0.009570365525857327,0.009778739256020352,-0.1101341200646494,
2026-06-10,0.7665575037409037,0.5089189656442329,0.5423876826511159,0.5219021903411444,0.7430120214878477,0.28851713623617353,0.5618825833502364,22.219999313354492,61449.2890625,90.02999877929688,0.3284293686232318,0.4057736602247734,,,0.000402400005824477,-0.013011416215151228,-0.02170945672630431,0.007037294641374481,-0.05035709899621871,
2026-06-11,0.7163485427825595,0.5199750154792195,0.5287292567318836,0.5219591374239085,0.6362516294941332,0.22600797322203914,0.5248785925222905,19.440000534057617,63561.0546875,87.70999908447266,0.35092525106199807,0.471259889690209,,,-0.03700399082794592,-0.013658425919232275,0.011056049834986648,-0.10676039199371457,0.06548622946543559,
2026-06-12,0.661782185296967,0.501672746744149,0.5476776216059386,0.5192224511965772,0.6559934664128444,0.22600797322203914,0.5187260740797525,17.68000030517578,63543.19921875,84.87999725341797,0.35091269437853195,0.3492749200883337,,,-0.0061525184425380575,0.018948364874054935,-0.01830226873507057,0.01974183691871123,-0.12198496960187527,
2026-06-13,0.6231650898665608,0.5008260311286368,0.5623943274317939,0.5254949124448967,0.6390194258411922,0.23999499268835264,0.5151491299002389,,64421.32421875,,0.3455750695969642,0.3481243408628319,,,-0.003576944179513597,0.01471670582585527,-0.0008467156155121947,-0.016974040571652194,-0.0011505792255018243,
2026-06-14,0.5298231668286777,0.5145123356783591,0.563279494121581,0.525096804493428,0.5514020941795523,0.23537196282802214,0.4865809763549367,,65710.3984375,,0.350494062724276,0.2946099083285168,,,-0.028568153545302177,0.0008851666897871091,0.013686304549722306,-0.08761733166163987,-0.05351443253431509,
2026-06-15,0.5233762103304798,0.5306622194881743,0.560043481708907,0.5272268310449171,0.5741457737437972,0.23537196282802214,0.4918044131907162,16.200000762939453,66289.5,80.75,0.3526729941417493,0.2897092866201687,,,0.005223436835779527,-0.0032360124126739054,0.01614988380981519,0.022743679564244834,-0.004900621708348096,
2026-06-16,0.5187318755723126,0.49847660864007864,0.5966740698150254,0.5177503242793343,0.4770757144365025,0.23070995569147637,0.47323642473912164,16.40999984741211,65600.640625,76.05000305175781,0.3528210458587777,0.23950929087329398,,,-0.018567988451594575,0.0366305881061183,-0.032185610848095625,-0.09707005930729468,-0.050199995746874726,
2026-06-17,0.5273013560933854,0.49076103102046514,0.687741040444867,0.5247524705043963,0.5290476055238604,0.24912786339226733,0.5014552278298736,18.440000534057617,64418.4453125,76.79000091552734,0.3547251647375414,0.2840736810530601,,,0.028218803090751976,0.09106697062984159,-0.007715577619613501,0.051971891087357946,0.0445643901797661,
2026-06-18,0.5266586643368087,0.49037761828714177,0.7038127340961301,0.5174560758494157,0.5228044306341517,0.2376882895628852,0.4997996354610889,16.399999618530273,62896.47265625,76.5999984741211,0.35835103050072825,0.2635441641695892,,,-0.0016555923687847085,0.016071693651263153,-0.0003834127333233739,-0.006243174889708714,-0.020529516883470877,
2026-06-19,0.5673230644814603,0.49428928032293407,0.7020502211364876,0.515098049652779,0.563067590591833,0.24912786339226733,0.5151593449296269,,63540.8359375,,0.3587559032218862,0.2729074925992553,,,0.015359709468537985,-0.0017625129596424705,0.003911662035792296,0.04026315995768126,0.009363328429666085,
2026-06-20,0.5595082895821057,0.48188947564691087,0.6971425342910066,0.5145748641670884,0.5897113698956291,0.24912786339226733,0.5153257328291679,,64239.67578125,,0.36172093020112106,0.2674776711549183,,,0.00016638789954104283,-0.004907686845481041,-0.012399804676023196,0.026643779303796133,-0.005429821444337013,
2026-06-21,0.5678437165606727,0.49508272215087906,0.6820616745829124,0.5066442805782733,0.6735123121798234,0.24685851466035824,0.5286672034521532,,63237.5390625,,0.35765703001708454,0.23803363388105336,,,0.013341470622985296,-0.015080859708094141,0.013193246503968192,0.08380094228419432,-0.02944403727386491,
2026-06-22,0.5643649763005829,0.49426672034082175,0.6888539434927338,0.502208763574795,0.5469571806849043,0.24685851466035824,0.5072516831756994,17.280000686645508,63952.10546875,74.81999969482422,0.3556068899972331,0.24459382474347133,,,-0.02141552027645388,0.00679226890982132,-0.0008160018100573097,-0.12655513149491915,0.006560190862417964,
2026-06-23,0.5584654038348825,0.4914473899218502,0.6716799186137691,0.5004051594964615,0.5804025671585777,0.2445799926957924,0.5078300719535557,19.489999771118164,62668.01953125,73.20999908447266,0.3566064860960603,0.2602001484255414,,,0.0005783887778563201,-0.01717402487896469,-0.002819330418971533,0.033445386473673455,0.015606323682070072,
2026-06-24,0.5536813003432604,0.4767956525243219,0.6746581698065243,0.4922863312010111,0.563067590591833,0.2445799926957924,0.5008448395271239,18.6299991607666,60995.1328125,70.33999633789062,0.35977245333848473,0.28146219549437557,,,-0.006985232426431787,0.002978251192755188,-0.014651737397528342,-0.017334976566744764,0.021262047068834167,
2026-06-25,0.5429048093208587,0.47141431439488674,0.6617416605555168,0.5098856864420328,0.5861583416392796,0.2445799926957924,0.5027808008413945,18.889999389648438,59721.67578125,71.91999816894531,0.3603876461964074,0.275139633637758,,,0.001935961314270651,-0.012916509251007513,-0.0053813381294351426,0.023090751047446623,-0.006322561856617559,
2026-06-26,0.5710788309235403,0.46974255219642974,0.6456197744581192,0.5290226586231979,0.5297446969255296,0.2445799926957924,0.49829808430376815,18.40999984741211,60016.4296875,69.2300033569336,0.3604745764136718,0.26251609065397724,,,-0.0044827165376263856,-0.01612188609739751,-0.0016717621984569941,-0.05641364471374999,-0.012623542983780767,
2026-06-27,0.6156784137713722,0.46859715112289807,0.6463119366281899,0.5332274083615953,0.5820158791991416,0.2445799926957924,0.5150684636298316,,59940.09765625,,0.3606780493984285,0.23388308833774923,,,0.016770379326063456,0.0006921621700706204,-0.001145401073531671,0.05227118227361194,-0.028633002316228007,
2026-06-28,0.6313213923784347,0.46630199877259404,0.6439007150382688,0.5226755163913588,0.5514020941795523,0.2445799926957924,0.5100302849093336,,59532.33984375,,0.3604166366497709,0.23064375222599756,,,-0.005038178720498054,-0.00241122158992102,-0.0022951523503040305,-0.030613785019589224,-0.003239336111751673,
2026-06-29,0.6326560040998016,0.46763584248516066,0.6558484254467125,0.5242220475662263,0.5786331867436649,0.24685851466035824,0.5176423368336541,17.649999618530273,60138.37890625,70.75,0.36214226939948835,0.2266989971483744,,,0.007612051924320573,0.011947710408443668,0.001333843712566618,0.027231092564112602,-0.003944755077623152,
2026-06-30,0.6063629285760375,0.4549798027534893,0.6391691665326801,0.5510180503504418,0.5228044306341517,0.2445799926957924,0.5031523952570988,16.450000762939453,58558.859375,69.5,0.36635728724923505,0.2428027067891529,,,-0.014489941576555365,-0.016679258914032435,-0.012656039731671342,-0.05582875610951321,0.01610370964077848,
2026-07-01,0.6000851302971787,0.42616655400950765,0.6499625099468288,0.5406938543303608,0.3787710530497524,0.20185938798458838,0.46625641493636943,16.59000015258789,60003.7578125,68.58000183105469,0.37064852460736264,0.28132546652926327,,,-0.03689598032072933,0.010793343414148726,-0.028813248743981668,-0.14403337758439932,0.03852275974011038,
2026-07-02,0.6563418990876414,0.40981234755614643,0.6164162684245207,0.5306027445373943,0.39325985593939733,0.1712962817530001,0.46295489954968333,16.149999618530273,61485.30078125,68.69000244140625,0.3322136319352173,0.2862912875815666,,,-0.0033015153866861047,-0.03354624152230812,-0.01635420645336122,0.014488802889644936,0.00496582105230331,
2026-07-03,0.6318777824115942,0.4160310878273548,0.6012016111582064,0.5176605339132857,0.3502710000621519,0.15525613787433576,0.4453830255411548,,62544.19921875,,0.31614764424369296,0.29674995405606214,,,-0.017571874008528554,-0.015214657266314324,0.0062187402712083895,-0.042988855877245435,0.01045866647449556,
2026-07-04,0.6481615521963224,0.4101191670196439,0.6035191379071375,0.5202456555096112,0.3080345783777026,0.16066490425721044,0.4417908325446047,,63088.3046875,,0.31721399416412466,0.2926317036327531,,,-0.0035921929965500587,0.0023175267489311535,-0.005911920807710913,-0.0422364216844493,-0.0041182504233090445,
2026-07-05,0.6533611966544639,0.41248502343195365,0.5877643322055909,0.5185319779522951,0.3089605726548738,0.15796854699966337,0.4398452749831401,,63547.8828125,,0.2864927027845592,0.2757665340196118,,,-0.0019455575614646392,-0.015754805701546637,0.0023658564123097414,0.000925994277171216,-0.016865169613141273,
2026-07-06,0.6727971385702938,0.4068407732314074,0.5954353899265801,0.5124373620338111,0.311707923594855,0.15525613787433576,0.44241245420521386,15.569999694824219,63995.015625,68.55000305175781,0.2868560743300819,0.27601906378791036,,,0.002567179222073779,0.007671057720989194,-0.005644250200546264,0.0027473509399811857,0.00025252976829853724,
2026-07-07,0.6919944772693011,0.41405858993089845,0.6256220225743754,0.511067673845107,0.35841755781463214,0.16066490425721044,0.46030420428192076,16.1299991607666,63297.39453125,70.44000244140625,0.2671258878808694,0.19578708648211368,,,0.017891750076706903,0.03018663264779531,0.007217816699491064,0.04670963421977714,-0.08023197730579668,
2026-07-08,0.7237431241679686,0.41336901902542783,0.6650584400333983,0.5041869033732314,0.4175910718435304,0.15525613787433576,0.47986744938631537,16.899999618530273,62257.57421875,73.5199966430664,0.27136901249909046,0.2303752110167722,,,0.01956324510439461,0.03943641745902293,-0.0006895709054706156,0.059173514028898255,0.03458812453465851,
2026-07-09,0.7281390235572687,0.41353725808059316,0.6677590922640866,0.5012006515186379,0.43425988670768656,0.16066490425721044,0.4842601360642473,15.84000015258789,63193.1484375,72.08000183105469,0.2660267844527676,0.2026921988619356,,,0.004392686677931912,0.002700652230688272,0.00016823905516533122,0.016668814864156167,-0.027683012154836595,
2026-07-10,0.7407531164260133,0.40757756349137547,0.6673539307258403,0.5057526510164511,0.4493460183545159,0.14423877078631486,0.4858370084667518,15.029999732971191,64127.140625,71.41000366210938,0.26871079007880955,0.19655744890035332,,,0.0015768724025045366,-0.0004051615382463236,-0.00595969458921769,0.015086131646829315,-0.006134749961582281,
2026-07-11,0.7394968732508211,0.40290310345399083,0.6691297793083123,0.5057050163286835,0.41775133842607703,0.15525613787433576,0.4817070414403701,,63802.02734375,,0.2510619419488219,0.19889091297529932,,,-0.004129967026381742,0.0017758485824720394,-0.004674460037384642,-0.03159467992843884,0.002333464074946001,
2026-07-12,0.7477993706351868,0.40350745564445223,0.6692002312432215,0.5034413690000505,0.48674393352491685,0.15796854699966337,0.49477681784124844,,63758.21875,,0.25107041746696146,0.19508599025173018,,,0.013069776400878363,7.0451934909177e-05,0.0006043521904613991,0.06899259509883982,-0.0038049227235691374,
2026-07-13,0.7730921528751493,0.40862176582719134,0.6731746830998213,0.5094630182930695,0.524695968100556,0.16601078340615918,0.5091763952669911,17.15999984741211,62239.12109375,78.13999938964844,0.25712228835018724,0.23630095467142898,,,0.01439957742574266,0.003974451856599837,0.005114310182739112,0.037952034575639115,0.041214964419698796,
2026-07-14,0.7734353407299714,0.4046815426111176,0.6677094933282834,0.5122186624798897,0.46595893951572737,0.13862391069587107,0.4937713148934768,16.5,64956.11328125,79.33999633789062,0.28083959321417373,0.35791125590942346,,,-0.01540508037351429,-0.0054651897715378706,-0.003940223216073735,-0.0587370285848286,0.12161030123799449,
2026-07-15,0.7789076227512456,0.3814929715982451,0.632121750748291,0.5138135645377553,0.47285047887457643,0.1712962817530001,0.4917471117105188,15.670000076293945,64712.375,79.5999984741211,0.279634314632101,0.33498104565063236,,,-0.0020242031829579843,-0.03558774257999242,-0.023188571012872528,0.006891539358849064,-0.022930210258791106,
2026-07-16,0.7846061023493853,0.3848584673566213,0.6472267495911874,0.5089551678934501,0.45444778307721684,0.19187815187230203,0.4953287370233605,16.729999542236328,63789.28125,78.94999694824219,0.2810368131880832,0.34638437307309916,,,0.003581625312841674,0.0151049988428964,0.003365495758376247,-0.01840269579735959,0.011403327422466802,
2026-07-17,0.8322266575549008,0.37588692369170534,0.6491973340069128,0.5180655657741885,0.47688260799635174,0.19689316894688366,0.5081920429951572,18.770000457763672,63899.4609375,82.48999786376953,0.2763004703966165,0.3339450190949956,,,0.01286330597179669,0.001970584415725396,-0.008971543664915982,0.0224348249191349,-0.012439353978103584,
2026-07-18,0.845514481466677,0.3777053897267974,0.6540861884392204,0.5004514074599904,0.504672499712342,0.19187815187230203,0.5123846864462215,,64796.6015625,,0.269862406823197,0.3424014674042017,,,0.004192643451064293,0.004888854432307577,0.001818466035092059,0.027789891715990223,0.00845644830920611,
2026-07-19,0.8389658893070916,0.38559059762378095,0.6537188999093266,0.4929084375798357,0.5495277990699067,0.2067783098654222,0.5212483222258939,,64690.8046875,,0.2685322084921243,0.3427849730194009,,,0.008863635779672419,-0.00036728852989376115,0.007885207896983548,0.044855299357564715,0.0003835056151992311,
2026-07-20,0.8209794698908303,0.3729207636300951,0.668873425986669,0.5062272117059077,0.5176795583226665,0.22126496256631045,0.5179908986837465,18.649999618530273,65230.02734375,83.2300033569336,0.26775737768938374,0.2898613205551768,,,-0.0032574235421474196,0.015154526077342356,-0.012669833993685875,-0.03184824074724013,-0.05292365246422409,
2026-07-21,0.8369250533420981,0.41520487714958015,0.664747516260785,0.5049812941075821,0.5559154946048122,0.2067783098654222,0.5307587575550466,17.049999237060547,66505.125,84.91000366210938,0.2685797615402021,0.18156726321627573,,,0.012767858871300164,-0.004125909725884003,0.04228411351948508,0.03823593628214561,-0.1082940573389011,
2026-07-22,0.8336044214487263,0.42134566778206445,0.6720579575377729,0.50623846356943,0.541609021643827,0.22600797322203914,0.5334772508673099,16.639999389648438,66100.796875,86.83000183105469,0.2679179253943809,0.18591284756399615,,,0.0027184933122632593,0.007310441276987878,0.006140790632484294,-0.014306472960985195,0.0043455843477204215,
2026-07-23,0.8494384607260438,0.4404554173687339,0.6754752063057056,0.5122860533883371,0.6620777358321799,0.22126496256631045,0.5601663060312185,18.700000762939453,65044.8125,92.19000244140625,0.2652802799071696,0.19290177881001358,,,0.026689055163908626,0.0034172487679327013,0.019109749586669444,0.12046871418835292,0.006988931246017432,
2026-07-24,0.8492686168137284,0.42349254915146795,0.6685414752879901,0.520343644200865,0.6060397400866104,0.22126496256631045,0.5481584980178288,18.579999923706055,64098.49609375,89.30999755859375,0.2560594139697052,0.2198372594198329,,,-0.012007808013389742,-0.006933731017715439,-0.016962868217265947,-0.05603799574556945,0.026935480609819318,
2026-07-25,0.8188666045513865,0.4112378220229251,0.6719666644598961,0.5197577145629811,0.5304036561362564,0.21165134296459231,0.5273139674496728,,64311.8125,,0.2468179939131792,0.20086681810947554,,,-0.02084453056815594,0.003425189171905929,-0.012254727128542864,-0.07563608395035404,-0.018970441310357355,
2026-07-26,0.7836650956488802,0.44418411942162467,0.677324536005737,0.5168201627073697,0.4893343000657598,,0.5822656427698744,,65340.30078125,,0.2497834598174936,0.22482695598507374,,,0.05495167532020151,0.0053578715458409976,0.03294629739869959,-0.04106935607049661,0.023960137875598198,
2026-07-27,0.7978511495000168,0.4177736874278432,0.6723370549722584,0.5192036609947531,0.47148964370954716,0.2067783098654222,0.5142389177449734,18.670000076293945,63724.8984375,82.61000061035156,0.2623542050383348,0.26702603235407335,,,-0.06802672502490092,-0.00498748103347868,-0.026410431993781458,-0.01784465635621263,0.04219907636899961,
2026-07-28,0.803280757057762,0.18426059333965514,0.979542592210612,0.5719507647904308,,,0.634758676849615,18.209999084472656,63871.36328125,79.26000213623047,0.261003794615775,0.2219385686634402,,,0.12051975910464152,0.30720553723835364,-0.23351309408818807,,-0.045087463690633156,
2026-07-29,0.7867811038966133,0.40651464253122926,0.6703840332954362,0.5210537174765495,0.5104317458078945,0.21647981144138728,0.5186075090748518,20.65999984741211,63908.16796875,84.45999908447266,0.25999480851130474,0.22511732245809732,,,-0.1161511677747632,-0.30915855891517585,0.22225404919157413,,0.0031787537946571243,
2026-07-30,0.7568659440909258,0.3966702690014103,0.6688315188795246,0.5218603499021793,0.5029345337500212,0.21647981144138728,0.5106070711775748,17.09000015258789,64725.30859375,83.58999633789062,0.24700490634105274,0.23075313328184602,,,-0.008000437897277002,-0.0015525144159115323,-0.009844373529818984,-0.007497212057873348,0.005635810823748699,
2026-07-31,0.7610566814513944,0.3965930149040887,0.6432025990791235,0.5186016676153268,0.5063535214236726,0.22364166448448083,0.5082415248263478,15.989999771118164,62813.74609375,84.66999816894531,0.25681673030155505,0.28223634398034303,,,-0.002365546351226988,-0.025628919800401162,-7.72540973215663e-05,0.0034189876736514524,0.05148321069849701,
2026-08-01,0.7691931425380942,0.3947858683494049,0.6454061741378118,0.509189441900454,0.5001423965509212,0.22126496256631045,0.5066636643404995,,62763.3203125,,0.2475377179664137,0.27949303014029625,,,-0.0015778604858482925,0.0022035750586882896,-0.0018071465546838361,-0.006211124872751439,-0.0027433138400467794,
2026-08-02,0.7090300739674427,0.3947658698456861,0.6389496269663055,0.5158153414806635,0.44304463635941277,0.22126496256631045,0.48714508519763683,,63482.0,,0.2447982459119374,0.2675030782159274,,,-0.019518579142862647,-0.006456547171506233,-1.9998503718754446e-05,-0.05709776019150842,-0.011989951924368858,
2026-08-03,0.7165339017984435,0.3890634966927008,0.6435420569855848,0.5131397574491356,0.42974189210586716,0.22126496256631045,0.48554767793300707,15.859999656677246,63460.8984375,80.33999633789062,0.24357603130283031,0.2239045619527633,,,-0.0015974072646297577,0.0045924300192792256,-0.005702373152985329,-0.013302744253545606,-0.043598516263164105,
2026-08-04,0.6617255465175412,0.3919073274885246,0.6566760944013633,0.5048760867840381,0.4105734474646426,0.22126496256631045,0.4745039108704034,16.5,64055.953125,75.7699966430664,0.24417223616699682,0.2315680326497617,,,-0.011043767062603682,0.013134037415778566,0.0028438307958237874,-0.01916844464122458,0.007663470696998409,
2026-08-05,0.6440938187485287,0.384287028228467,0.6514467670293917,0.4963033101940365,0.3984192771135516,0.2376882895628852,0.4687064151461435,15.8100004196167,64597.5,75.22000122070312,0.2445438634490154,0.23652893090833768,,,-0.005797495724259916,-0.0052293273719715705,-0.007620299260057584,-0.01215417035109101,0.004960898258575985,
2026-08-06,0.6632537385516448,0.37874015335905137,0.6575050479366068,0.4857835328317232,0.41717459708722904,0.22836402584056467,0.47180351593447,15.149999618530273,64262.11328125,77.29000091552734,0.24280097472392576,0.22513436963641334,,,0.0030971007883265345,0.006058280907215052,-0.00554687486941563,0.018755319973677465,-0.011394561271924342,
2026-08-07,0.6634378767843728,0.3827051968939803,0.6247978449605982,0.4599558943753724,0.3841027601016599,0.2445799926957924,0.459929927635296,14.899999618530273,64880.19140625,78.18000030517578,0.23861577059724945,0.10397825659647691,,,-0.01187358829917401,-0.0327072029760086,0.003965043534928936,-0.03307183698556915,-0.12115611303993643,
2026-08-08,0.6774522427682645,0.3814437044269085,0.6225928318820046,0.442599695176142,0.3660724097522144,0.2445799926957924,0.4557901461168878,,64904.6875,,0.23514200950679284,0.10160434929095963,,,-0.004139781518408214,-0.002205013078593554,-0.0012614924670718008,-0.0180303503494455,-0.0023739073055172866,
2026-08-09,0.6914951824017568,0.38263128156243154,0.6243911171486889,0.44734808368609524,0.3841027601016599,0.23070995569147637,0.4601130634320181,,64844.88671875,,0.23151582462765805,0.09466039873593289,,,0.004322917315130292,0.0017982852666842408,0.0011875771355230325,0.0180303503494455,-0.006943950555026737,
2026-08-10,0.7081649037210638,0.37238075285709643,0.6452355538520883,0.44283175591610563,0.4384420454257967,0.22600797322203914,0.47217716416569827,15.460000038146973,63910.5859375,82.12999725341797,0.235032816208034,0.14216344417505888,,,0.012064100733680194,0.020844436703399416,-0.010250528705335105,0.05433928532413679,0.04750304543912599,
2026-08-11,0.6796761262005623,0.3809440252783471,0.6324507422533487,0.4408574527076408,0.45665456029581586,0.2376882895628852,0.4713785327164333,15.279999732971191,63551.875,83.19999694824219,0.2356043460199761,0.13344374382533175,,,-0.0007986314492649527,-0.012784811598739565,0.008563272421250656,0.01821251487001918,-0.008719700349727133,
2026-08-12,0.6480206007501623,0.3737976901338954,0.5925953680465633,0.4415659763949515,0.4163618395813079,0.22836402584056467,0.4501175834579075,14.550000190734863,63402.43359375,83.2699966430664,0.22451778405341744,0.11552304787087053,,,-0.02126094925852584,-0.03985537420678542,-0.0071463351444516765,-0.04029272071450796,-0.01792069595446122,
2026-08-13,0.6526136229315911,0.38192366472906486,0.5646409896723648,0.43702638808847766,0.41141130843757934,0.23537196282802214,0.4471646561145166,14.630000114440918,63402.171875,81.25,0.1856693792987044,0.11493783418051483,,,-0.0029529273433908654,-0.027954378374198563,0.00812597459516945,-0.004950531143728565,-0.0005852136903557043,
2026-08-14,0.6294216271944629,0.38519973049571216,0.5299258604943139,0.43495240591787204,0.4071836237142354,0.23070995569147637,0.43623220058467876,14.25,62975.59375,82.4000015258789,0.18628412740061534,0.08389904040905263,,,-0.010932455529837848,-0.03471512917805086,0.003276065766647296,-0.00422768472334395,-0.031038793771462195,
2026-08-15,0.6268885828128729,0.3788154713089402,0.5373912420868387,0.4202610109544513,0.4054648920222922,0.22126496256631045,0.4316810269586176,,63024.3203125,,0.1818941652678817,0.08484584111830008,,,-0.004551173626061167,0.007465381592524856,-0.0063842591867719345,-0.0017187316919431983,0.0009468007092474501,
2026-08-16,0.5912719086201039,0.37711666849061976,0.5313138365101925,0.4293244253780844,0.401977325590754,0.22600797322203914,0.42616868963529897,,62818.65234375,,0.18196240516261938,0.08216364837959962,,,-0.005512337323318628,-0.0060774055766462665,-0.0016988028183204662,-0.0034875664315381916,-0.002682192738700462,
2026-08-17,0.604412094734654,0.3761570202195313,0.5568835869453843,0.4238062295476494,0.43746149905386345,0.22126496256631045,0.43666423217789885,15.1899995803833,64506.25390625,84.5,0.19392421332065493,0.18152685593523799,,,0.010495542542599878,0.02556975043519183,-0.0009596482710884646,0.03548417346310945,0.09936320755563836,
2026-08-18,0.620053990740798,0.37676600863577336,0.5616051240443026,0.4271129058628769,0.4496241531644677,0.22126496256631045,0.4427378575024215,15.84000015258789,64680.7109375,84.94000244140625,0.19404282863235753,0.1748835697619932,,,0.006073625324522658,0.004721537098918316,0.0006089884162420733,0.012162654110604243,-0.006643286173244778,
2026-08-19,0.5787451010224711,0.41468852776678033,0.5572649668329775,0.43067416283529936,0.43041321009163336,0.22126496256631045,0.4388418218525787,14.890000343322754,69266.1875,85.83000183105469,0.2770857991795372,0.42697210778111855,,,-0.0038960356498428106,-0.00434015721132508,0.03792251913100697,-0.01921094307283433,0.25208853801912534,
2026-08-20,0.5521781770419762,0.44075604418779024,0.5608785273364915,0.4345114872987112,0.45731814951860356,0.22126496256631045,0.4444845579916472,16.010000228881836,73032.7578125,87.83000183105469,0.3104657819284282,0.4764773988664609,,,0.005642736139068516,0.003613560503513913,0.026067516421009906,0.026904939426970198,0.04950529108534235,
2026-08-21,0.5537648247630194,0.4956506664342506,0.5818147626967966,0.4381842852024392,0.44465954908242544,0.218877726539011,0.45549196911965706,15.130000114440918,78335.1875,87.05999755859375,0.3646088050730429,0.5153856717899931,,,0.011007411128009847,0.02093623536030509,0.054894622246460356,-0.012658600436178113,0.03890827292353216,
2026-08-22,0.5525550986514095,0.5018061218364859,0.5821803669306609,0.4365508113716944,0.42381659394400484,0.21647981144138728,0.4522314673626071,,77083.4140625,,0.36461109462039254,0.5648011073332181,,,-0.0032605017570499495,0.00036560423386433616,0.006155455402235277,-0.020842955138420605,0.04941543554322503,
2026-08-23,0.575393359231606,0.48561475971052687,0.5890925813324893,0.43148076343219327,0.418019267091452,0.23070995569147637,0.4550517810816239,,77755.265625,,0.3595499026323105,0.5403609018384232,,,0.0028203137190168093,0.0069122144018284315,-0.016191362125959008,-0.005797326852552853,-0.024440205494794864,
2026-08-24,0.5546622014824506,0.5062327564239665,0.6009888958380378,0.42818654870714445,0.4078847542808217,0.23070995569147637,0.4547775187373162,15.850000381469727,78964.484375,85.01000213623047,0.3603500812975484,0.5478103986234466,,,-0.00027426234430771856,0.011896314505548511,0.020617996713439612,-0.01013451281063027,0.0074494967850233795,
2026-08-25,0.6129952777837774,0.5358779900590731,0.5885611800485521,0.4319343894693768,0.2707216990638734,0.23070995569147637,0.4451334153526882,15.449999809265137,78564.9765625,82.36000061035156,0.3609030891535932,0.5651298079460972,,,-0.009644103384628011,-0.01242771578948576,0.029645233635106627,-0.13716305521694833,0.017319409322650636,
2026-08-26,0.5975620002609603,0.5180347697005259,0.5903926231004604,0.42777199215101086,0.2560646402275638,0.23070995569147637,0.4367559968553329,15.210000038146973,79027.421875,82.2300033569336,0.3486092295151351,0.4963736128773786,,,-0.008377418497355293,0.0018314430519082991,-0.01784322035854724,-0.014657058836309578,-0.06875619506871866,
2026-08-27,0.5308062153706795,0.5385610713129823,0.5813227914580962,0.4219361034398913,0.24382752922467296,0.22600797322203914,0.4237436140047269,14.510000228881836,80257.5390625,83.52999877929688,0.3490932385285785,0.4353638539704901,,,-0.013012382850606019,-0.00906983164236419,0.020526301612456388,-0.01223711100289085,-0.06100975890688848,
2026-08-28,0.5169237644882393,0.5134903115443353,0.6362480082599392,0.41898789469921505,0.33319329082454646,0.23070995569147637,0.4415922042512919,14.430000305175781,77830.2890625,83.4000015258789,0.36594262033701996,0.27562753976993043,,,0.017848590246565044,0.054925216801843035,-0.025070759768646922,0.0893657615998735,-0.15973631420055967,
2026-08-29,0.4981635376758346,0.5162972933712957,0.6388047265034713,0.4106511834270611,0.23404981689325888,0.23070995569147637,0.421446085593733,,78245.8125,,0.36549220830264423,0.25528301539502823,,,-0.020146118657558942,0.0025567182435320968,0.0028069818269603752,-0.09914347393128758,-0.020344524374902195,
2026-08-30,0.5028306819984361,0.4973572124003962,0.6373492050557014,0.41895362930127583,0.2737060648249582,0.22600797322203914,0.42603412780046773,,77667.5703125,,0.3516055262663637,0.2562297238934443,,,0.004588042206734755,-0.0014555214477699474,-0.018940080970899498,0.03965624793169931,0.000946708498416049,
2026-08-31,0.5078422118002689,0.5030733812223598,0.6296281359979247,0.42607918925039445,0.31891670943589123,0.218877726539011,0.43406955904097505,14.920000076293945,78548.6328125,85.76000213623047,0.3509962974070357,0.24664984542218388,,,0.008035431240507318,-0.007721069057776697,0.005716168821963574,0.04521064461093305,-0.009579878471260406,
2026-09-01,0.49283213971400014,0.5476687585254417,0.6233142147821596,0.4091286748330907,0.3558413637938342,0.22126496256631045,0.4416750190358061,16.34000015258789,77403.625,90.22000122070312,0.35656283847504194,0.26009355404418477,,,0.007605459994831032,-0.006313921215765017,0.04459537730308194,0.036924654357942954,0.013443708622000894,
2026-09-02,0.5023924503919346,0.5336839147234643,0.6320334982854284,0.40509181625522894,0.3285081051030913,0.218877726539011,0.43676458521635975,15.199999809265137,77300.4765625,91.01000213623047,0.3567439447127116,0.254319326999794,,,-0.004910433819446336,0.008719283503268782,-0.013984843801977398,-0.02733325869074288,-0.0057742270443907895,
2026-09-03,0.5006823071686098,0.5542403093647479,0.6271356062782681,0.4152921127290779,0.32086363460953266,0.21647981144138728,0.4391156302652706,14.319999694824219,81271.7421875,91.30000305175781,0.37838969852409976,0.4025596531102465,,,0.0023510450489108714,-0.004897892007160287,0.02055639464128356,-0.007644470493558653,0.1482403261104525,
2026-09-04,0.5019283864619137,0.553397037644335,0.6325474365541403,0.42364095146094044,0.30114616684920403,0.2067783098654222,0.4365730481393259,14.529999732971191,79671.96875,91.4800033569336,0.3868693003450602,0.369740727685725,,,-0.0025425821259447146,0.005411830275872109,-0.0008432717204128748,-0.019717467760328622,-0.03281892542452147,
2026-09-05,0.4879474630017176,0.6008641466439318,0.6326311353198529,0.4171685041189683,0.32127243991048876,0.19187815187230203,0.4419603068112102,,79823.8671875,,0.3854676957211013,0.369539462874111,,,0.005387258671884276,8.369876571268087e-05,0.04746710899959683,0.020126273061284727,-0.00020126481161403253,
2026-09-06,0.5047769449888969,0.5818737587882022,0.6308036663037825,0.4178481289702628,0.32515028913557303,0.1893518474613518,0.44163410594134483,,80350.046875,,0.38540727489256554,0.3626791042952921,,,-0.00032620086986534513,-0.0018274690160704488,-0.018990387855729596,0.0038778492250842733,-0.0068603585788188925,
2026-09-07,0.4969793764065986,0.5716890998009249,0.6317886493544917,0.4208914695754751,0.3340248600045218,0.1816951997631273,0.4395114424841899,15.300000190734863,79115.8515625,,0.3905269418088662,0.37797177380094404,,,-0.0021226634571549496,0.000984983050709265,-0.010184658987277384,0.008874570868948772,0.015292669505651946,
2026-09-08,0.4844160345860708,0.5716289953840443,0.627912176881855,0.3999203257823639,0.3542279462290539,0.19187815187230203,0.438330605122615,15.720000267028809,78438.578125,93.02999877929688,0.3924404752220647,0.3690023744365297,,,-0.0011808373615748713,-0.0038764724726367827,-6.010441688053536e-05,0.020203086224532096,-0.008969399364414321,
2026-09-09,0.4708575294046295,0.5455898173610361,0.6294683217353065,0.40576818190080716,0.4402915748241804,0.19689316894688366,0.44814476569547396,16.459999084472656,78259.5234375,96.05000305175781,0.38837246486157756,0.3693964033835389,,,0.009814160572858943,0.0015561448534515687,-0.026039178023008258,0.0860636285951265,0.000394028947009184,
2026-09-10,0.4718907170158208,0.5007516320097053,0.6020711997585345,0.3916582287734157,0.5604287360383033,0.19689316894688366,0.4539489470904439,17.84000015258789,76568.125,102.4800033569336,0.39564316050845755,0.17515269881598794,,,0.005804181394969965,-0.02739712197677202,-0.04483818535133077,0.12013716121412293,-0.19424370456755097,
